{
  "custom": {
    "Roles": [
      "Administrator",
      "Manager",
      "Supervisor",
      "Operator",
      "HOD"
    ]
  },
  "params": {},
  "propConfig": {
    "custom.Roles": {
      "persistent": true
    }
  },
  "props": {
    "defaultSize": {
      "width": 1278
    }
  },
  "root": {
    "children": [
      {
        "children": [
          {
            "meta": {
              "name": "Administrator"
            },
            "position": {
              "basis": "120px"
            },
            "propConfig": {
              "props.selected": {
                "onChange": {
                  "enabled": null,
                  "script": "\tA\u003dself.view.getChild(\"root\").custom.Roles\n\t\n\tif currentValue.value\u003d\u003dbool(1):\n\t\tA.append(self.props.text)\n\t\tself.view.getChild(\"root\").custom.Roles\u003dA\n\telse:\n\t\tA.remove(self.props.text)\t\n\t\tself.view.getChild(\"root\").custom.Roles\u003dA"
                }
              }
            },
            "props": {
              "selected": true,
              "style": {
                "color": "#2F1515F5",
                "fontFamily": "Roboto",
                "fontSize": 14,
                "marginLeft": 10
              },
              "text": "Administrator"
            },
            "type": "ia.input.checkbox"
          },
          {
            "meta": {
              "name": "Manager"
            },
            "position": {
              "basis": "90px"
            },
            "propConfig": {
              "props.selected": {
                "onChange": {
                  "enabled": null,
                  "script": "\tA\u003dself.view.getChild(\"root\").custom.Roles\n\t\n\tif currentValue.value\u003d\u003dbool(1):\n\t\tA.append(self.props.text)\n\t\tself.view.getChild(\"root\").custom.Roles\u003dA\n\telse:\n\t\tA.remove(self.props.text)\t\n\t\tself.view.getChild(\"root\").custom.Roles\u003dA"
                }
              }
            },
            "props": {
              "selected": true,
              "style": {
                "color": "#2F1515F5",
                "fontFamily": "Roboto",
                "fontSize": 14,
                "marginLeft": 10
              },
              "text": "Manager"
            },
            "type": "ia.input.checkbox"
          },
          {
            "meta": {
              "name": "Supervisor"
            },
            "position": {
              "basis": "100px"
            },
            "propConfig": {
              "props.selected": {
                "onChange": {
                  "enabled": null,
                  "script": "\tA\u003dself.view.getChild(\"root\").custom.Roles\n\t\n\tif currentValue.value\u003d\u003dbool(1):\n\t\tA.append(self.props.text)\n\t\tself.view.getChild(\"root\").custom.Roles\u003dA\n\telse:\n\t\tA.remove(self.props.text)\t\n\t\tself.view.getChild(\"root\").custom.Roles\u003dA"
                }
              }
            },
            "props": {
              "selected": true,
              "style": {
                "color": "#2F1515F5",
                "fontFamily": "Roboto",
                "fontSize": 14,
                "marginLeft": 10
              },
              "text": "Supervisor"
            },
            "type": "ia.input.checkbox"
          },
          {
            "meta": {
              "name": "Operator"
            },
            "position": {
              "basis": "80px"
            },
            "propConfig": {
              "props.selected": {
                "onChange": {
                  "enabled": null,
                  "script": "\tA\u003dself.view.getChild(\"root\").custom.Roles\n\t\n\tif currentValue.value\u003d\u003dbool(1):\n\t\tA.append(self.props.text)\n\t\tself.view.getChild(\"root\").custom.Roles\u003dA\n\telse:\n\t\tA.remove(self.props.text)\t\n\t\tself.view.getChild(\"root\").custom.Roles\u003dA"
                }
              }
            },
            "props": {
              "selected": true,
              "style": {
                "color": "#2F1515F5",
                "fontFamily": "Roboto",
                "fontSize": 14,
                "marginLeft": 10
              },
              "text": "Operator"
            },
            "type": "ia.input.checkbox"
          },
          {
            "meta": {
              "name": "HOD"
            },
            "position": {
              "basis": "80px"
            },
            "propConfig": {
              "props.selected": {
                "onChange": {
                  "enabled": null,
                  "script": "\tA\u003dself.view.getChild(\"root\").custom.Roles\n\t\n\tif currentValue.value\u003d\u003dbool(1):\n\t\tA.append(self.props.text)\n\t\tself.view.getChild(\"root\").custom.Roles\u003dA\n\telse:\n\t\tA.remove(self.props.text)\t\n\t\tself.view.getChild(\"root\").custom.Roles\u003dA"
                }
              }
            },
            "props": {
              "selected": true,
              "style": {
                "color": "#2F1515F5",
                "fontFamily": "Roboto",
                "fontSize": 14,
                "marginLeft": 10
              },
              "text": "HOD"
            },
            "type": "ia.input.checkbox"
          },
          {
            "meta": {
              "name": "FlexContainer"
            },
            "position": {
              "basis": "200px",
              "grow": 1
            },
            "type": "ia.container.flex"
          },
          {
            "events": {
              "dom": {
                "onClick": {
                  "config": {
                    "draggable": false,
                    "id": "-tTasY_r",
                    "modal": true,
                    "overlayDismiss": false,
                    "position": {
                      "height": 500,
                      "width": 300
                    },
                    "positionType": "exact",
                    "resizable": false,
                    "showCloseIcon": false,
                    "type": "open",
                    "viewParams": {
                      "EDIT": "false",
                      "Edit": "No"
                    },
                    "viewPath": "Template/UserManagment/UserEntry\u0026Edit",
                    "viewportBound": false
                  },
                  "scope": "C",
                  "type": "popup"
                }
              }
            },
            "meta": {
              "name": "Add User"
            },
            "position": {
              "basis": "100px",
              "shrink": 0
            },
            "propConfig": {
              "position.display": {
                "persistent": true
              }
            },
            "props": {
              "image": {
                "icon": {
                  "color": "#EBF0EC",
                  "path": "material/add"
                }
              },
              "style": {
                "backgroundColor": "#257A8C",
                "marginBottom": 5,
                "marginRight": 10,
                "marginTop": 5
              },
              "text": "Add User"
            },
            "type": "ia.input.button"
          }
        ],
        "meta": {
          "name": "FlexContainer"
        },
        "position": {
          "basis": "40px"
        },
        "type": "ia.container.flex"
      },
      {
        "meta": {
          "name": "FlexRepeater"
        },
        "position": {
          "basis": "320px",
          "grow": 1
        },
        "propConfig": {
          "props.instances": {
            "binding": {
              "config": {
                "path": "parent.custom.UserName"
              },
              "transforms": [
                {
                  "code": "\t\n\tnewValue\u003d[]\n\t\n\tfor i in range(len(value)):\n\t\tA\u003d{\n\t\t  \"instanceStyle\": {\n\t\t    \"classes\": \"\"\n\t\t  },\n\t\t  \"instancePosition\": {},\n\t\t  \"UserName\": str(value[i])\n\t\t}\n\t\t\n\t\tnewValue.append(A)\n\t\n\treturn newValue",
                  "type": "script"
                }
              ],
              "type": "property"
            }
          }
        },
        "props": {
          "alignContent": "flex-start",
          "alignItems": "flex-start",
          "elementPosition": {
            "basis": "20px"
          },
          "loading": {
            "order": "with-parent"
          },
          "path": "Template/UserManagment/userTile",
          "style": {
            "margin": 10
          },
          "wrap": "wrap"
        },
        "type": "ia.display.flex-repeater"
      }
    ],
    "custom": {
      "Roles": [
        "Operator",
        "Administrator",
        "Manager",
        "Supervisor",
        "HOD"
      ],
      "Update": [
        true
      ]
    },
    "events": {
      "system": {
        "onStartup": {
          "config": {
            "script": "\t\n#\tGet Roles from DB and push to Cuatom property\n\tROLES\u003d[]\n\tquery\u003d\u0027SELECT [name] from [CIMS].[dbo].[mes_role]\u0027\n\tA\u003dsystem.db.runPrepQuery(query,[],\u0027CIMS2\u0027)\t\n\t#print type(A)\n\tfor i in range(len(A)):\n\t\tROLES.append(A[i][0])\n\tself.view.custom.Roles\u003dROLES"
          },
          "scope": "G",
          "type": "script"
        }
      }
    },
    "meta": {
      "name": "root"
    },
    "propConfig": {
      "custom.UserName": {
        "binding": {
          "config": {
            "path": "this.custom.Roles"
          },
          "transforms": [
            {
              "code": "\tvalues\u003dself.custom.Roles\n\tA\u003dsystem.user.getUsers(\"default\")\n\tUserName\u003d[]\n\tNusername\u003d[]\n\tfor i in range(len(A)):\n\t\tU\u003dA[i]\n\t\tUserName.append(str(U.get(\u0027username\u0027)))\n\t#Check the role in the value list\n\tfor j in range(len(UserName)):\n\t\tUserName1 \u003d system.user.getUser(\"default\",UserName[j])\t\t\n\t\tROLE\u003dUserName1.getRoles()\n\t\tif ROLE[0] in value:\n\t\t\tNusername.append(str(UserName[j]))\n\t\telse:\n\t\t\tprint \u0027hi\u0027\t\n\t\t\n\treturn Nusername\n#\treturn value\n\t\t\n\t\t",
              "type": "script"
            }
          ],
          "type": "property"
        }
      }
    },
    "props": {
      "direction": "column"
    },
    "scripts": {
      "customMethods": [],
      "extensionFunctions": null,
      "messageHandlers": [
        {
          "messageType": "updateContactInfo",
          "pageScope": true,
          "script": "\t# implement your handler here\n\n\tA\u003dpayload[\u0027update\u0027]\n\t\n\tif A\u003d\u003dbool(1):\n\t\tB\u003dself.custom.Roles\n\t\tself.custom.Roles\u003dB\n\telse:\n\t\tB\u003dself.custom.Roles\n\t\tself.custom.Roles\u003dB\t",
          "sessionScope": true,
          "viewScope": false
        }
      ]
    },
    "type": "ia.container.flex"
  }
}