{
  "custom": {},
  "params": {
    "Batch": "4282B",
    "EDIT": false,
    "Qty": 40,
    "S_Batch": "4282B",
    "S_Qty": 40,
    "Storage_location": "value",
    "TYPE": "IN",
    "Valuation_type": "value"
  },
  "propConfig": {
    "params.Batch": {
      "paramDirection": "input",
      "persistent": true
    },
    "params.EDIT": {
      "onChange": {
        "enabled": null,
        "script": "\timport time\n\tif currentValue.value\u003d\u003dTrue:\n\t\ttime.sleep(0.1)\n\t\tself.getChild(\"root\").getChild(\"B1\").getChild(\"Checkbox\").props.selected\u003dFalse\n\t\tself.getChild(\"root\").getChild(\"B1\").getChild(\"Checkbox\").props.enabled\u003dTrue\n\t\t\n\t\t\n\telif currentValue.value\u003d\u003dFalse:\n\t\ttime.sleep(0.1)\n\t\tself.getChild(\"root\").getChild(\"B1\").getChild(\"Checkbox\").props.selected\u003dTrue\t\n\t\tself.getChild(\"root\").getChild(\"B1\").getChild(\"Checkbox\").props.enabled\u003dFalse\t\n\t\tself.getChild(\"root\").getChild(\"B1\").getChild(\"Checkbox\").refreshBinding(\u0027props.text\u0027)\n\t\t"
      },
      "paramDirection": "input",
      "persistent": true
    },
    "params.Qty": {
      "paramDirection": "input",
      "persistent": true
    },
    "params.S_Batch": {
      "paramDirection": "output",
      "persistent": true
    },
    "params.S_Qty": {
      "paramDirection": "output",
      "persistent": true
    },
    "params.Storage_location": {
      "paramDirection": "input",
      "persistent": true
    },
    "params.TYPE": {
      "paramDirection": "input",
      "persistent": true
    },
    "params.Valuation_type": {
      "paramDirection": "input",
      "persistent": true
    }
  },
  "props": {
    "defaultSize": {
      "height": 30,
      "width": 180
    }
  },
  "root": {
    "children": [
      {
        "children": [
          {
            "custom": {
              "Value": "4"
            },
            "events": {
              "system": {
                "onStartup": {
                  "config": {
                    "script": "\tself.props.selected\u003dFalse"
                  },
                  "scope": "G",
                  "type": "script"
                }
              }
            },
            "meta": {
              "name": "Checkbox"
            },
            "position": {
              "basis": "200px",
              "grow": 1
            },
            "propConfig": {
              "position.display": {
                "binding": {
                  "config": {
                    "path": "view.params.TYPE"
                  },
                  "overlayOptOut": true,
                  "transforms": [
                    {
                      "fallback": true,
                      "inputType": "scalar",
                      "mappings": [
                        {
                          "input": "OUT",
                          "output": false
                        }
                      ],
                      "outputType": "scalar",
                      "type": "map"
                    }
                  ],
                  "type": "property"
                }
              },
              "props.selected": {
                "onChange": {
                  "enabled": null,
                  "script": "\n\tif currentValue.value\u003d\u003dTrue:\n\t\tself.view.params.S_Qty\u003dself.view.params.Qty\n\t\tself.view.params.S_Batch\u003dself.view.params.Batch\n\n\telif currentValue.value\u003d\u003dFalse:\n\t\tself.view.params.S_Qty\u003d\u0027\u0027\n\t\tself.view.params.S_Batch\u003d\u0027\u0027\n\t\tself.props.enabled\u003dTrue"
                },
                "persistent": false
              },
              "props.text": {
                "binding": {
                  "config": {
                    "path": "view.params.Batch"
                  },
                  "overlayOptOut": true,
                  "transforms": [
                    {
                      "code": "\tBatch\u003dself.view.params.Batch\n\tQTY\u003d\"{:.3f}\".format(self.view.params.Qty)\n\tI\u003dself.parent.custom.index\n\treturn str(Batch)+\u0027 \u003d \u0027+str(QTY)+\u0027KG\u0027",
                      "type": "script"
                    }
                  ],
                  "type": "property"
                }
              }
            },
            "props": {
              "enabled": false,
              "style": {
                "fontFamily": "Roboto",
                "fontSize": 12,
                "textAlign": "left"
              },
              "textPosition": "center"
            },
            "type": "ia.input.checkbox"
          }
        ],
        "custom": {
          "index": 0
        },
        "meta": {
          "name": "B1"
        },
        "position": {
          "basis": "30px",
          "shrink": 0
        },
        "propConfig": {
          "position.display": {
            "binding": {
              "config": {
                "path": "view.params.TYPE"
              },
              "overlayOptOut": true,
              "transforms": [
                {
                  "fallback": true,
                  "inputType": "scalar",
                  "mappings": [
                    {
                      "input": "OUT",
                      "output": false
                    }
                  ],
                  "outputType": "scalar",
                  "type": "map"
                }
              ],
              "type": "property"
            },
            "persistent": true
          }
        },
        "props": {
          "alignItems": "center",
          "style": {
            "overflow": "hidden"
          }
        },
        "type": "ia.container.flex"
      }
    ],
    "custom": {
      "Timer": "value"
    },
    "meta": {
      "name": "root"
    },
    "props": {
      "direction": "column",
      "style": {
        "overflow": "hidden"
      }
    },
    "type": "ia.container.flex"
  }
}