{
  "custom": {},
  "params": {},
  "props": {
    "defaultSize": {
      "height": 960,
      "width": 979
    }
  },
  "root": {
    "children": [
      {
        "meta": {
          "name": "Gauge"
        },
        "position": {
          "breakpoints": [
            {
              "colIndex": 3,
              "name": "sm",
              "order": 1,
              "rowIndex": 0,
              "span": 1
            },
            {
              "colIndex": 1,
              "name": "md",
              "order": 0,
              "rowIndex": 0,
              "span": 3
            },
            {
              "colIndex": 3,
              "name": "lg",
              "order": 1,
              "rowIndex": 0,
              "span": 1
            }
          ],
          "height": 254
        },
        "props": {
          "backgroundColor": "",
          "innerAxis": {
            "data": "secondaryValue",
            "maxValue": 80,
            "percentRadius": 85,
            "show": false,
            "width": 1
          },
          "outerAxis": {
            "data": "value",
            "maxValue": 120,
            "percentRadius": 100,
            "ranges": [
              {
                "color": "#77B6D8",
                "end": 80,
                "start": 0,
                "width": 8
              },
              {
                "color": "#6E94D7",
                "end": 105,
                "start": 80,
                "width": 12
              },
              {
                "color": "#7A6BD5",
                "end": 120,
                "start": 105,
                "width": 16
              }
            ],
            "show": true,
            "width": 1
          },
          "startAngle": 90,
          "style": {
            "classes": []
          }
        },
        "type": "ia.chart.gauge"
      }
    ],
    "meta": {
      "name": "root"
    },
    "props": {
      "breakpoints": [
        {
          "minWidth": 0,
          "name": "sm"
        },
        {
          "minWidth": 500,
          "name": "md"
        },
        {
          "minWidth": 996,
          "name": "lg"
        }
      ]
    },
    "type": "ia.container.column"
  }
}