{
  "custom": {},
  "params": {},
  "props": {},
  "root": {
    "children": [
      {
        "meta": {
          "name": "Table"
        },
        "position": {
          "basis": "509px",
          "grow": 1
        },
        "propConfig": {
          "props.data": {
            "binding": {
              "config": {
                "avoidScanClassValidation": true,
                "dateRange": {
                  "mostRecent": "24",
                  "mostRecentUnits": "HOUR"
                },
                "enableValueCache": true,
                "ignoreBadQuality": false,
                "polling": {
                  "enabled": true,
                  "rate": "5"
                },
                "preventInterpolation": false,
                "returnFormat": "Tall",
                "returnSize": {
                  "type": "RAW"
                },
                "tags": [
                  {
                    "path": "[CIMS2/ignition-jalcims1:b_ims]end_cutting/line1/line-1 end cutting-2 scanner-1/barcode data"
                  }
                ],
                "valueFormat": "DATASET"
              },
              "type": "tag-history"
            }
          }
        },
        "props": {
          "columns": [
            {
              "align": "center",
              "boolean": "checkbox",
              "dateFormat": "MM/DD/YYYY HH:mm:ss",
              "editable": false,
              "field": "timestamp",
              "filter": {
                "boolean": {
                  "condition": ""
                },
                "date": {
                  "condition": "",
                  "value": ""
                },
                "enabled": false,
                "number": {
                  "condition": "",
                  "value": ""
                },
                "string": {
                  "condition": "",
                  "value": ""
                },
                "visible": "on-hover"
              },
              "footer": {
                "align": "center",
                "justify": "left",
                "style": {
                  "classes": ""
                },
                "title": ""
              },
              "header": {
                "align": "center",
                "justify": "center",
                "style": {
                  "classes": ""
                },
                "title": "Timestamp"
              },
              "justify": "center",
              "number": "value",
              "numberFormat": "0,0.##",
              "progressBar": {
                "bar": {
                  "color": "",
                  "style": {
                    "classes": ""
                  }
                },
                "max": 100,
                "min": 0,
                "track": {
                  "color": "",
                  "style": {
                    "classes": ""
                  }
                },
                "value": {
                  "enabled": true,
                  "format": "0,0.##",
                  "justify": "center",
                  "style": {
                    "classes": ""
                  }
                }
              },
              "render": "date",
              "resizable": true,
              "sort": "none",
              "sortable": true,
              "strictWidth": false,
              "style": {
                "classes": ""
              },
              "toggleSwitch": {
                "color": {
                  "selected": "",
                  "unselected": ""
                }
              },
              "viewParams": {},
              "viewPath": "",
              "visible": true,
              "width": ""
            },
            {
              "align": "center",
              "boolean": "checkbox",
              "dateFormat": "MM/DD/YYYY",
              "editable": false,
              "field": "value",
              "filter": {
                "boolean": {
                  "condition": ""
                },
                "date": {
                  "condition": "",
                  "value": ""
                },
                "enabled": false,
                "number": {
                  "condition": "",
                  "value": ""
                },
                "string": {
                  "condition": "",
                  "value": ""
                },
                "visible": "on-hover"
              },
              "footer": {
                "align": "center",
                "justify": "left",
                "style": {
                  "classes": ""
                },
                "title": ""
              },
              "header": {
                "align": "center",
                "justify": "center",
                "style": {
                  "classes": ""
                },
                "title": "Value"
              },
              "justify": "center",
              "number": "value",
              "numberFormat": "0,0.##",
              "progressBar": {
                "bar": {
                  "color": "",
                  "style": {
                    "classes": ""
                  }
                },
                "max": 100,
                "min": 0,
                "track": {
                  "color": "",
                  "style": {
                    "classes": ""
                  }
                },
                "value": {
                  "enabled": true,
                  "format": "0,0.##",
                  "justify": "center",
                  "style": {
                    "classes": ""
                  }
                }
              },
              "render": "auto",
              "resizable": true,
              "sort": "none",
              "sortable": true,
              "strictWidth": false,
              "style": {
                "classes": ""
              },
              "toggleSwitch": {
                "color": {
                  "selected": "",
                  "unselected": ""
                }
              },
              "viewParams": {},
              "viewPath": "",
              "visible": true,
              "width": ""
            }
          ],
          "rows": {
            "subview": {
              "viewParams": {
                "val": "Test"
              },
              "viewPath": "Example/P2"
            },
            "subviewExpansionMode": "single"
          }
        },
        "type": "ia.display.table"
      },
      {
        "meta": {
          "name": "Table_0"
        },
        "position": {
          "basis": "509px",
          "grow": 1
        },
        "propConfig": {
          "props.data": {
            "binding": {
              "config": {
                "avoidScanClassValidation": true,
                "dateRange": {
                  "mostRecent": "24",
                  "mostRecentUnits": "HOUR"
                },
                "enableValueCache": true,
                "ignoreBadQuality": false,
                "polling": {
                  "enabled": true,
                  "rate": "5"
                },
                "preventInterpolation": false,
                "returnFormat": "Tall",
                "returnSize": {
                  "type": "RAW"
                },
                "tags": [
                  {
                    "path": "[CIMS2/ignition-jalcims1:b_ims]end_cutting/line2/line-2 end cutting-4 scanner-2/barcode data"
                  }
                ],
                "valueFormat": "DATASET"
              },
              "type": "tag-history"
            }
          }
        },
        "props": {
          "columns": [
            {
              "align": "center",
              "boolean": "checkbox",
              "dateFormat": "MM/DD/YYYY HH:mm:ss",
              "editable": false,
              "field": "timestamp",
              "filter": {
                "boolean": {
                  "condition": ""
                },
                "date": {
                  "condition": "",
                  "value": ""
                },
                "enabled": false,
                "number": {
                  "condition": "",
                  "value": ""
                },
                "string": {
                  "condition": "",
                  "value": ""
                },
                "visible": "on-hover"
              },
              "footer": {
                "align": "center",
                "justify": "left",
                "style": {
                  "classes": ""
                },
                "title": ""
              },
              "header": {
                "align": "center",
                "justify": "center",
                "style": {
                  "classes": ""
                },
                "title": "Timestamp"
              },
              "justify": "center",
              "number": "value",
              "numberFormat": "0,0.##",
              "progressBar": {
                "bar": {
                  "color": "",
                  "style": {
                    "classes": ""
                  }
                },
                "max": 100,
                "min": 0,
                "track": {
                  "color": "",
                  "style": {
                    "classes": ""
                  }
                },
                "value": {
                  "enabled": true,
                  "format": "0,0.##",
                  "justify": "center",
                  "style": {
                    "classes": ""
                  }
                }
              },
              "render": "date",
              "resizable": true,
              "sort": "none",
              "sortable": true,
              "strictWidth": false,
              "style": {
                "classes": ""
              },
              "toggleSwitch": {
                "color": {
                  "selected": "",
                  "unselected": ""
                }
              },
              "viewParams": {},
              "viewPath": "",
              "visible": true,
              "width": ""
            },
            {
              "align": "center",
              "boolean": "checkbox",
              "dateFormat": "MM/DD/YYYY",
              "editable": false,
              "field": "value",
              "filter": {
                "boolean": {
                  "condition": ""
                },
                "date": {
                  "condition": "",
                  "value": ""
                },
                "enabled": false,
                "number": {
                  "condition": "",
                  "value": ""
                },
                "string": {
                  "condition": "",
                  "value": ""
                },
                "visible": "on-hover"
              },
              "footer": {
                "align": "center",
                "justify": "left",
                "style": {
                  "classes": ""
                },
                "title": ""
              },
              "header": {
                "align": "center",
                "justify": "center",
                "style": {
                  "classes": ""
                },
                "title": "Value"
              },
              "justify": "center",
              "number": "value",
              "numberFormat": "0,0.##",
              "progressBar": {
                "bar": {
                  "color": "",
                  "style": {
                    "classes": ""
                  }
                },
                "max": 100,
                "min": 0,
                "track": {
                  "color": "",
                  "style": {
                    "classes": ""
                  }
                },
                "value": {
                  "enabled": true,
                  "format": "0,0.##",
                  "justify": "center",
                  "style": {
                    "classes": ""
                  }
                }
              },
              "render": "auto",
              "resizable": true,
              "sort": "none",
              "sortable": true,
              "strictWidth": false,
              "style": {
                "classes": ""
              },
              "toggleSwitch": {
                "color": {
                  "selected": "",
                  "unselected": ""
                }
              },
              "viewParams": {},
              "viewPath": "",
              "visible": true,
              "width": ""
            }
          ],
          "rows": {
            "subview": {
              "viewParams": {
                "val": "Test"
              },
              "viewPath": "Example/P2"
            },
            "subviewExpansionMode": "single"
          }
        },
        "type": "ia.display.table"
      },
      {
        "meta": {
          "name": "Table_1"
        },
        "position": {
          "basis": "509px",
          "grow": 1
        },
        "propConfig": {
          "props.data": {
            "binding": {
              "config": {
                "avoidScanClassValidation": true,
                "dateRange": {
                  "mostRecent": "24",
                  "mostRecentUnits": "HOUR"
                },
                "enableValueCache": true,
                "ignoreBadQuality": false,
                "polling": {
                  "enabled": true,
                  "rate": "5"
                },
                "preventInterpolation": false,
                "returnFormat": "Tall",
                "returnSize": {
                  "type": "RAW"
                },
                "tags": [
                  {
                    "path": "[CIMS2/ignition-jalcims1:b_ims]end_cutting/line3/line-3 end cutting-5 and measurement-3 scanner-3/barcode data"
                  }
                ],
                "valueFormat": "DATASET"
              },
              "type": "tag-history"
            }
          }
        },
        "props": {
          "columns": [
            {
              "align": "center",
              "boolean": "checkbox",
              "dateFormat": "MM/DD/YYYY HH:mm:ss",
              "editable": false,
              "field": "timestamp",
              "filter": {
                "boolean": {
                  "condition": ""
                },
                "date": {
                  "condition": "",
                  "value": ""
                },
                "enabled": false,
                "number": {
                  "condition": "",
                  "value": ""
                },
                "string": {
                  "condition": "",
                  "value": ""
                },
                "visible": "on-hover"
              },
              "footer": {
                "align": "center",
                "justify": "left",
                "style": {
                  "classes": ""
                },
                "title": ""
              },
              "header": {
                "align": "center",
                "justify": "center",
                "style": {
                  "classes": ""
                },
                "title": "Timestamp"
              },
              "justify": "center",
              "number": "value",
              "numberFormat": "0,0.##",
              "progressBar": {
                "bar": {
                  "color": "",
                  "style": {
                    "classes": ""
                  }
                },
                "max": 100,
                "min": 0,
                "track": {
                  "color": "",
                  "style": {
                    "classes": ""
                  }
                },
                "value": {
                  "enabled": true,
                  "format": "0,0.##",
                  "justify": "center",
                  "style": {
                    "classes": ""
                  }
                }
              },
              "render": "date",
              "resizable": true,
              "sort": "none",
              "sortable": true,
              "strictWidth": false,
              "style": {
                "classes": ""
              },
              "toggleSwitch": {
                "color": {
                  "selected": "",
                  "unselected": ""
                }
              },
              "viewParams": {},
              "viewPath": "",
              "visible": true,
              "width": ""
            },
            {
              "align": "center",
              "boolean": "checkbox",
              "dateFormat": "MM/DD/YYYY",
              "editable": false,
              "field": "value",
              "filter": {
                "boolean": {
                  "condition": ""
                },
                "date": {
                  "condition": "",
                  "value": ""
                },
                "enabled": false,
                "number": {
                  "condition": "",
                  "value": ""
                },
                "string": {
                  "condition": "",
                  "value": ""
                },
                "visible": "on-hover"
              },
              "footer": {
                "align": "center",
                "justify": "left",
                "style": {
                  "classes": ""
                },
                "title": ""
              },
              "header": {
                "align": "center",
                "justify": "center",
                "style": {
                  "classes": ""
                },
                "title": "Value"
              },
              "justify": "center",
              "number": "value",
              "numberFormat": "0,0.##",
              "progressBar": {
                "bar": {
                  "color": "",
                  "style": {
                    "classes": ""
                  }
                },
                "max": 100,
                "min": 0,
                "track": {
                  "color": "",
                  "style": {
                    "classes": ""
                  }
                },
                "value": {
                  "enabled": true,
                  "format": "0,0.##",
                  "justify": "center",
                  "style": {
                    "classes": ""
                  }
                }
              },
              "render": "auto",
              "resizable": true,
              "sort": "none",
              "sortable": true,
              "strictWidth": false,
              "style": {
                "classes": ""
              },
              "toggleSwitch": {
                "color": {
                  "selected": "",
                  "unselected": ""
                }
              },
              "viewParams": {},
              "viewPath": "",
              "visible": true,
              "width": ""
            }
          ],
          "rows": {
            "subview": {
              "viewParams": {
                "val": "Test"
              },
              "viewPath": "Example/P2"
            },
            "subviewExpansionMode": "single"
          }
        },
        "type": "ia.display.table"
      },
      {
        "meta": {
          "name": "FlexContainer"
        },
        "position": {
          "basis": "120px",
          "display": false,
          "shrink": 0
        },
        "props": {
          "style": {
            "classes": "progress-3",
            "margin": 20
          }
        },
        "type": "ia.container.flex"
      }
    ],
    "events": {
      "system": {
        "onStartup": {
          "config": {
            "script": "\timport time\n\tself.getChild(\"Table\").position.display\u003dFalse\n\tself.getChild(\"Table_0\").position.display\u003dFalse\t\n\tself.getChild(\"Table_1\").position.display\u003dFalse\n\tself.getChild(\"FlexContainer\").position.display\u003dTrue\n\ttime.sleep(3)\n\tself.getChild(\"Table\").position.display\u003dTrue\n\tself.getChild(\"Table_0\").position.display\u003dTrue\t\n\tself.getChild(\"Table_1\").position.display\u003dTrue\n\tself.getChild(\"FlexContainer\").position.display\u003dFalse\n\t"
          },
          "scope": "G",
          "type": "script"
        }
      }
    },
    "meta": {
      "name": "root"
    },
    "props": {
      "direction": "column",
      "justify": "center"
    },
    "type": "ia.container.flex"
  }
}