{
  "custom": {},
  "params": {},
  "props": {},
  "root": {
    "children": [
      {
        "children": [
          {
            "meta": {
              "name": "FlexContainer"
            },
            "position": {
              "basis": "200px"
            },
            "type": "ia.container.flex"
          },
          {
            "meta": {
              "name": "FlexContainer_0"
            },
            "position": {
              "basis": "200px"
            },
            "type": "ia.container.flex"
          },
          {
            "meta": {
              "name": "FlexContainer_1"
            },
            "position": {
              "basis": "200px"
            },
            "type": "ia.container.flex"
          }
        ],
        "meta": {
          "name": "FlexContainer"
        },
        "position": {
          "basis": "200px"
        },
        "props": {
          "direction": "column"
        },
        "type": "ia.container.flex"
      },
      {
        "meta": {
          "name": "FlexContainer_0"
        },
        "position": {
          "basis": "200px"
        },
        "type": "ia.container.flex"
      },
      {
        "meta": {
          "name": "FlexContainer_1"
        },
        "position": {
          "basis": "200px"
        },
        "type": "ia.container.flex"
      }
    ],
    "meta": {
      "name": "root"
    },
    "props": {
      "direction": "column"
    },
    "type": "ia.container.flex"
  }
}