{
  "custom": {},
  "params": {},
  "props": {
    "defaultSize": {
      "height": 936,
      "width": 1725
    }
  },
  "root": {
    "children": [
      {
        "meta": {
          "name": "UID"
        },
        "position": {
          "height": 32,
          "width": 76,
          "x": 8.5,
          "y": 48.97300338745117
        },
        "props": {
          "align": "center",
          "format": "0,0",
          "value": 170
        },
        "type": "ia.input.numeric-entry-field"
      },
      {
        "meta": {
          "name": "qty"
        },
        "position": {
          "height": 32.00000000000001,
          "width": 78.00000000000001,
          "x": 97,
          "y": 48.970531921386716
        },
        "props": {
          "align": "center",
          "value": 3.3
        },
        "type": "ia.input.numeric-entry-field"
      },
      {
        "meta": {
          "name": "Label"
        },
        "position": {
          "height": 32,
          "width": 50,
          "x": 21.5,
          "y": 17.97619814453125
        },
        "props": {
          "text": "U_ID"
        },
        "type": "ia.display.label"
      },
      {
        "meta": {
          "name": "Label_0"
        },
        "position": {
          "height": 32,
          "width": 50,
          "x": 111,
          "y": 17.93103192138672
        },
        "props": {
          "text": "QTY(kg)"
        },
        "type": "ia.display.label"
      },
      {
        "events": {
          "dom": {
            "onClick": [
              {
                "config": {
                  "script": "\t\n\tdef convert_milliseconds_to_time(milliseconds):\n\t    # Calculate minutes, seconds, and milliseconds\n\t    minutes, milliseconds \u003d divmod(milliseconds, 60000)\n\t    seconds, milliseconds \u003d divmod(milliseconds, 1000)\n\t    return str(seconds)+\":\"+str(milliseconds)\n\t    \n\t# Define the template as a dictionary\n\ttemplate \u003d {\n\t    \"row\": {\n\t        \"id\": \"122\",\n\t        \"oprn\": \"0010\",\n\t        \"prod_order\": \"3000007586\",\n\t        \"material_code\": \"1100000001\",\n\t        \"material_description\": \"Aluminium Saw Ingot\",\n\t        \"material_selection\": \"IN\",\n\t        \"qty\": \"1.99\",\n\t        \"qty_uom\": \"KG\",\n\t        \"batch\": \"0002453889\",\n\t        \"valuation_type\": \"\",\n\t        \"storage_loc\": \"DA01\",\n\t        \"flag\": \"0\",\n\t        \"message_type\": \"test\",\n\t        \"remarks\": \"test\"\n\t    }\n\t}\n\t\n\t# Update the values of specific keys as needed\n\ttemplate[\"row\"][\"id\"] \u003d self.getSibling(\"UID\").props.value\n\ttemplate[\"row\"][\"qty\"] \u003d self.getSibling(\"qty\").props.value\n\t#\n\t#print template\n\t\n\t\n\t\n\t# encode dictionary to JSON\n\tjsonParams \u003d system.util.jsonEncode(template)\n\t#jsonParams\u003dtemplate\n#\tClear the data in component\n\tself.getSibling(\"StartTime\").props.text\u003d\u0027\u0027\n\tself.getSibling(\"EndTime\").props.text\u003d\u0027\u0027\n\tself.getSibling(\"Delay\").props.text\u003d\u0027\u0027\n\tself.getSibling(\"ResonseData\").props.text\u003d\u0027\u0027\n\t# post to Ignition\n\turl\u003d\u0027http://jalpodev.jindalaluminium.com:50000/RESTAdapter/CIMSMovementItem/\u0027\n\tUname\u003d\u0027PO_API\u0027\n\tPw\u003d\u0027Welcome@123\u0027\n\tST\u003dsystem.date.now()\n\tself.getSibling(\"StartTime\").props.text\u003dsystem.date.format(ST,\"yyyy-MM-dd HH:mm:ss.SSS\")\n\tpostReturn \u003dsystem.net.httpPost(url,\u0027application/json\u0027,postData \u003djsonParams,username\u003dUname,password\u003dPw,connectTimeout\u003d20000,readTimeout \u003d60000,bypassCertValidation\u003dTrue)\n\tself.getSibling(\"ResonseData\").props.text\u003d(postReturn)\n\tET\u003dsystem.date.now()\n\tself.getSibling(\"EndTime\").props.text\u003dsystem.date.format(ET,\"yyyy-MM-dd HH:mm:ss.SSS\")\n\t\n#\tget Difference time in miliseconds\n\tMS\u003dsystem.date.millisBetween(ST,ET)\n\tself.getSibling(\"Delay\").props.text\u003dconvert_milliseconds_to_time(MS)"
                },
                "enabled": false,
                "scope": "G",
                "type": "script"
              },
              {
                "config": {
                  "script": "\timport time\n\tself.getSibling(\"ToggleSwitch\").props.selected\u003dTrue\n\ttime.sleep(5)\n\tself.getSibling(\"ToggleSwitch_0\").props.selected\u003dTrue\n\ttime.sleep(5)\n\tself.getSibling(\"ToggleSwitch_1\").props.selected\u003dTrue\n\ttime.sleep(5)\n\tself.getSibling(\"ToggleSwitch_2\").props.selected\u003dTrue\n\ttime.sleep(5)\n\tself.getSibling(\"ToggleSwitch_3\").props.selected\u003dTrue\n\ttime.sleep(5)\n\tself.getSibling(\"ToggleSwitch_4\").props.selected\u003dTrue\n\ttime.sleep(5)\n\tself.getSibling(\"ToggleSwitch_5\").props.selected\u003dTrue\n\ttime.sleep(5)\n\tself.getSibling(\"ToggleSwitch_6\").props.selected\u003dTrue"
                },
                "scope": "G",
                "type": "script"
              }
            ]
          }
        },
        "meta": {
          "name": "Send"
        },
        "position": {
          "height": 34,
          "width": 58,
          "x": 200.11626397705078,
          "y": 12.960248303222656
        },
        "props": {
          "text": "Send"
        },
        "type": "ia.input.button"
      },
      {
        "meta": {
          "name": "Label_1"
        },
        "position": {
          "height": 32,
          "width": 81,
          "x": 355.7,
          "y": 16.932975
        },
        "props": {
          "text": "Start_time"
        },
        "type": "ia.display.label"
      },
      {
        "meta": {
          "name": "Label_2"
        },
        "position": {
          "height": 32,
          "width": 77,
          "x": 561.7,
          "y": 15.052764123535157
        },
        "props": {
          "text": "End_time"
        },
        "type": "ia.display.label"
      },
      {
        "meta": {
          "name": "Label_3"
        },
        "position": {
          "height": 32,
          "width": 49,
          "x": 750.2,
          "y": 15.0736
        },
        "props": {
          "text": "Delay"
        },
        "type": "ia.display.label"
      },
      {
        "meta": {
          "name": "Label_4"
        },
        "position": {
          "height": 30.999999999999996,
          "width": 131,
          "x": 950.9000000000001,
          "y": 16.0944
        },
        "props": {
          "text": "Response Data"
        },
        "type": "ia.display.label"
      },
      {
        "meta": {
          "name": "StartTime"
        },
        "position": {
          "height": 32.00000000000001,
          "width": 225,
          "x": 283.7,
          "y": 49.91
        },
        "props": {
          "text": "2023-09-28 15:24:18.204"
        },
        "type": "ia.display.label"
      },
      {
        "meta": {
          "name": "EndTime"
        },
        "position": {
          "height": 32,
          "width": 205,
          "x": 497.7,
          "y": 49.01416412353515
        },
        "props": {
          "text": "2023-09-28 15:24:23.486"
        },
        "type": "ia.display.label"
      },
      {
        "meta": {
          "name": "Delay"
        },
        "position": {
          "height": 32,
          "width": 81,
          "x": 734.7,
          "y": 49.0163
        },
        "props": {
          "text": "5:282",
          "textStyle": {
            "textAlign": "center"
          }
        },
        "type": "ia.display.label"
      },
      {
        "meta": {
          "name": "ResonseData"
        },
        "position": {
          "height": 31.999999999999993,
          "width": 811.0000000000001,
          "x": 848.9,
          "y": 46.94
        },
        "props": {
          "text": "{\"id\":160,\"message_type\":\"I\",\"remarks\":\"Confirmation of order 003000007588 saved\"}"
        },
        "type": "ia.display.label"
      },
      {
        "events": {
          "dom": {
            "onClick": {
              "config": {
                "script": "\tA\u003dself.props.selected\n\tif A\u003d\u003dTrue:\t\t\n\t\tdef convert_milliseconds_to_time(milliseconds):\n\t\t    # Calculate minutes, seconds, and milliseconds\n\t\t    minutes, milliseconds \u003d divmod(milliseconds, 60000)\n\t\t    seconds, milliseconds \u003d divmod(milliseconds, 1000)\n\t\t    return str(seconds)+\":\"+str(milliseconds)\n\t\t    \n\t\t# Define the template as a dictionary\n\t\ttemplate \u003d {\n\t\t    \"row\": {\n\t\t        \"id\": \"122\",\n\t\t        \"oprn\": \"0010\",\n\t\t        \"prod_order\": \"3000007586\",\n\t\t        \"material_code\": \"1100000001\",\n\t\t        \"material_description\": \"Aluminium Saw Ingot\",\n\t\t        \"material_selection\": \"IN\",\n\t\t        \"qty\": \"1.99\",\n\t\t        \"qty_uom\": \"KG\",\n\t\t        \"batch\": \"0002453889\",\n\t\t        \"valuation_type\": \"\",\n\t\t        \"storage_loc\": \"DA01\",\n\t\t        \"flag\": \"0\",\n\t\t        \"message_type\": \"test\",\n\t\t        \"remarks\": \"test\"\n\t\t    }\n\t\t}\n\t\t\n\t\t# Update the values of specific keys as needed\n\t\ttemplate[\"row\"][\"id\"] \u003d self.getSibling(\"UID\").props.value\n\t\ttemplate[\"row\"][\"qty\"] \u003d self.getSibling(\"qty\").props.value\n\t\t# encode dictionary to JSON\n\t\tjsonParams \u003d system.util.jsonEncode(template)\n\t\t#jsonParams\u003dtemplate\n\t#\tClear the data in component\n\t\tself.getSibling(\"StartTime\").props.text\u003d\u0027\u0027\n\t\tself.getSibling(\"EndTime\").props.text\u003d\u0027\u0027\n\t\tself.getSibling(\"Delay\").props.text\u003d\u0027\u0027\n\t\tself.getSibling(\"ResonseData\").props.text\u003d\u0027\u0027\n\t\t# post to Ignition\n\t\turl\u003d\u0027http://jalpodev.jindalaluminium.com:50000/RESTAdapter/CIMSMovementItem/\u0027\n\t\tUname\u003d\u0027PO_API\u0027\n\t\tPw\u003d\u0027Welcome@123\u0027\n\t\tST\u003dsystem.date.now()\n\t\tself.getSibling(\"StartTime\").props.text\u003dsystem.date.format(ST,\"yyyy-MM-dd HH:mm:ss.SSS\")\n\t\tpostReturn \u003dsystem.net.httpPost(url,\u0027application/json\u0027,postData \u003djsonParams,username\u003dUname,password\u003dPw,connectTimeout\u003d20000,readTimeout \u003d60000,bypassCertValidation\u003dTrue)\n\t\tself.getSibling(\"ResonseData\").props.text\u003d(postReturn)\n\t\tET\u003dsystem.date.now()\n\t\tself.getSibling(\"EndTime\").props.text\u003dsystem.date.format(ET,\"yyyy-MM-dd HH:mm:ss.SSS\")\n\t\t\n\t#\tget Difference time in miliseconds\n\t\tMS\u003dsystem.date.millisBetween(ST,ET)\n\t\tself.getSibling(\"Delay\").props.text\u003dconvert_milliseconds_to_time(MS)\n#\t\tmake toggle switch to 0\n\t\tself.props.selected\u003dFalse\t\n\telse:\n\t\tpass\t"
              },
              "enabled": false,
              "scope": "G",
              "type": "script"
            }
          }
        },
        "meta": {
          "name": "ToggleSwitch"
        },
        "position": {
          "height": 32,
          "width": 53.99999999999997,
          "x": 204.09,
          "y": 49.610300421142576
        },
        "propConfig": {
          "props.selected": {
            "onChange": {
              "enabled": null,
              "script": "\tif currentValue.value\u003d\u003dTrue:\n\t\tdef convert_milliseconds_to_time(milliseconds):\n\t\t    # Calculate minutes, seconds, and milliseconds\n\t\t    minutes, milliseconds \u003d divmod(milliseconds, 60000)\n\t\t    seconds, milliseconds \u003d divmod(milliseconds, 1000)\n\t\t    return str(seconds)+\":\"+str(milliseconds)\n\t\t    \n\t\t# Define the template as a dictionary\n\t\ttemplate \u003d {\n\t\t    \"row\": {\n\t\t        \"id\": \"122\",\n\t\t        \"oprn\": \"0010\",\n\t\t        \"prod_order\": \"3000007588\",\n\t\t        \"material_code\": \"1100000001\",\n\t\t        \"material_description\": \"Aluminium Saw Ingot\",\n\t\t        \"material_selection\": \"IN\",\n\t\t        \"qty\": \"1.99\",\n\t\t        \"qty_uom\": \"KG\",\n\t\t        \"batch\": \"0002453889\",\n\t\t        \"valuation_type\": \"\",\n\t\t        \"storage_loc\": \"01\",\n\t\t        \"flag\": \"0\",\n\t\t        \"message_type\": \"test\",\n\t\t        \"remarks\": \"test\"\n\t\t    }\n\t\t}\n\t\t\n\t\t# Update the values of specific keys as needed\n\t\ttemplate[\"row\"][\"id\"] \u003d self.getSibling(\"UID\").props.value\n\t\ttemplate[\"row\"][\"qty\"] \u003d self.getSibling(\"qty\").props.value\n\t\t# encode dictionary to JSON\n\t\tjsonParams \u003d system.util.jsonEncode(template)\n\t\t#jsonParams\u003dtemplate\n\t#\tClear the data in component\n\t\tself.getSibling(\"StartTime\").props.text\u003d\u0027\u0027\n\t\tself.getSibling(\"EndTime\").props.text\u003d\u0027\u0027\n\t\tself.getSibling(\"Delay\").props.text\u003d\u0027\u0027\n\t\tself.getSibling(\"ResonseData\").props.text\u003d\u0027\u0027\n\t\t# post to Ignition\n\t\turl\u003d\u0027http://jalpodev.jindalaluminium.com:50000/RESTAdapter/CIMSMovementItem/\u0027\n\t\tUname\u003d\u0027PO_API\u0027\n\t\tPw\u003d\u0027Welcome@123\u0027\n\t\tST\u003dsystem.date.now()\n\t\tself.getSibling(\"StartTime\").props.text\u003dsystem.date.format(ST,\"yyyy-MM-dd HH:mm:ss.SSS\")\n\t\tpostReturn \u003dsystem.net.httpPost(url,\u0027application/json\u0027,postData \u003djsonParams,username\u003dUname,password\u003dPw,connectTimeout\u003d20000,readTimeout \u003d60000,bypassCertValidation\u003dTrue)\n\t\tself.getSibling(\"ResonseData\").props.text\u003d(postReturn)\n\t\tET\u003dsystem.date.now()\n\t\tself.getSibling(\"EndTime\").props.text\u003dsystem.date.format(ET,\"yyyy-MM-dd HH:mm:ss.SSS\")\n\t\t\n\t#\tget Difference time in miliseconds\n\t\tMS\u003dsystem.date.millisBetween(ST,ET)\n\t\tself.getSibling(\"Delay\").props.text\u003dconvert_milliseconds_to_time(MS)\n#\t\tmake toggle switch to 0\n\t\tself.props.selected\u003dFalse\n\telse:\n\t\tpass"
            }
          }
        },
        "type": "ia.input.toggle-switch"
      },
      {
        "meta": {
          "name": "qty_0"
        },
        "position": {
          "height": 32.00000000000001,
          "width": 78.00000000000001,
          "x": 97,
          "y": 100.9705
        },
        "props": {
          "align": "center",
          "value": 4.4
        },
        "type": "ia.input.numeric-entry-field"
      },
      {
        "meta": {
          "name": "StartTime_0"
        },
        "position": {
          "height": 32.00000000000001,
          "width": 225,
          "x": 283.7,
          "y": 101.91
        },
        "props": {
          "text": "2023-09-28 15:24:23.204"
        },
        "type": "ia.display.label"
      },
      {
        "meta": {
          "name": "EndTime_0"
        },
        "position": {
          "height": 32,
          "width": 205,
          "x": 497.7,
          "y": 101.0142
        },
        "props": {
          "text": "2023-09-28 15:24:28.439"
        },
        "type": "ia.display.label"
      },
      {
        "meta": {
          "name": "Delay_0"
        },
        "position": {
          "height": 32,
          "width": 81,
          "x": 734.7,
          "y": 101.0163
        },
        "props": {
          "text": "5:235",
          "textStyle": {
            "textAlign": "center"
          }
        },
        "type": "ia.display.label"
      },
      {
        "events": {
          "dom": {
            "onClick": {
              "config": {
                "script": "\tA\u003dself.props.selected\n\tif A\u003d\u003dTrue:\t\t\n\t\tdef convert_milliseconds_to_time(milliseconds):\n\t\t    # Calculate minutes, seconds, and milliseconds\n\t\t    minutes, milliseconds \u003d divmod(milliseconds, 60000)\n\t\t    seconds, milliseconds \u003d divmod(milliseconds, 1000)\n\t\t    return str(seconds)+\":\"+str(milliseconds)\n\t\t    \n\t\t# Define the template as a dictionary\n\t\ttemplate \u003d {\n\t\t    \"row\": {\n\t\t        \"id\": \"122\",\n\t\t        \"oprn\": \"0010\",\n\t\t        \"prod_order\": \"3000007586\",\n\t\t        \"material_code\": \"1100000001\",\n\t\t        \"material_description\": \"Aluminium Saw Ingot\",\n\t\t        \"material_selection\": \"IN\",\n\t\t        \"qty\": \"1.99\",\n\t\t        \"qty_uom\": \"KG\",\n\t\t        \"batch\": \"0002453889\",\n\t\t        \"valuation_type\": \"\",\n\t\t        \"storage_loc\": \"DA01\",\n\t\t        \"flag\": \"0\",\n\t\t        \"message_type\": \"test\",\n\t\t        \"remarks\": \"test\"\n\t\t    }\n\t\t}\n\t\t\n\t\t# Update the values of specific keys as needed\n\t\ttemplate[\"row\"][\"id\"] \u003d self.getSibling(\"UID\").props.value\n\t\ttemplate[\"row\"][\"qty\"] \u003d self.getSibling(\"qty\").props.value\n\t\t# encode dictionary to JSON\n\t\tjsonParams \u003d system.util.jsonEncode(template)\n\t\t#jsonParams\u003dtemplate\n\t#\tClear the data in component\n\t\tself.getSibling(\"StartTime_0\").props.text\u003d\u0027\u0027\n\t\tself.getSibling(\"EndTime_0\").props.text\u003d\u0027\u0027\n\t\tself.getSibling(\"Delay_0\").props.text\u003d\u0027\u0027\n\t\tself.getSibling(\"ResonseData_0\").props.text\u003d\u0027\u0027\n\t\t# post to Ignition\n\t\turl\u003d\u0027http://jalpodev.jindalaluminium.com:50000/RESTAdapter/CIMSMovementItem/\u0027\n\t\tUname\u003d\u0027PO_API\u0027\n\t\tPw\u003d\u0027Welcome@123\u0027\n\t\tST\u003dsystem.date.now()\n\t\tself.getSibling(\"StartTime_0\").props.text\u003dsystem.date.format(ST,\"yyyy-MM-dd HH:mm:ss.SSS\")\n\t\tpostReturn \u003dsystem.net.httpPost(url,\u0027application/json\u0027,postData \u003djsonParams,username\u003dUname,password\u003dPw,connectTimeout\u003d20000,readTimeout \u003d60000,bypassCertValidation\u003dTrue)\n\t\tself.getSibling(\"ResonseData_0\").props.text\u003d(postReturn)\n\t\tET\u003dsystem.date.now()\n\t\tself.getSibling(\"EndTime_0\").props.text\u003dsystem.date.format(ET,\"yyyy-MM-dd HH:mm:ss.SSS\")\n\t\t\n\t#\tget Difference time in miliseconds\n\t\tMS\u003dsystem.date.millisBetween(ST,ET)\n\t\tself.getSibling(\"Delay_0\").props.text\u003dconvert_milliseconds_to_time(MS)\n#\t\tmake toggle switch to 0\n\t\tself.props.selected\u003dFalse\n\telse:\n\t\tpass\t"
              },
              "enabled": false,
              "scope": "G",
              "type": "script"
            }
          }
        },
        "meta": {
          "name": "ToggleSwitch_0"
        },
        "position": {
          "height": 32,
          "width": 53.99999999999997,
          "x": 204.09,
          "y": 101.6103
        },
        "propConfig": {
          "props.selected": {
            "onChange": {
              "enabled": null,
              "script": "\tif currentValue.value\u003d\u003dTrue:\t\t\n\t\tdef convert_milliseconds_to_time(milliseconds):\n\t\t    # Calculate minutes, seconds, and milliseconds\n\t\t    minutes, milliseconds \u003d divmod(milliseconds, 60000)\n\t\t    seconds, milliseconds \u003d divmod(milliseconds, 1000)\n\t\t    return str(seconds)+\":\"+str(milliseconds)\n\t\t    \n\t\t# Define the template as a dictionary\n\t\ttemplate \u003d {\n\t\t    \"row\": {\n\t\t        \"id\": \"122\",\n\t\t        \"oprn\": \"0010\",\n\t\t        \"prod_order\": \"3000007588\",\n\t\t        \"material_code\": \"1100000001\",\n\t\t        \"material_description\": \"Aluminium Saw Ingot\",\n\t\t        \"material_selection\": \"IN\",\n\t\t        \"qty\": \"1.99\",\n\t\t        \"qty_uom\": \"KG\",\n\t\t        \"batch\": \"0002453889\",\n\t\t        \"valuation_type\": \"\",\n\t\t        \"storage_loc\": \"DA01\",\n\t\t        \"flag\": \"0\",\n\t\t        \"message_type\": \"test\",\n\t\t        \"remarks\": \"test\"\n\t\t    }\n\t\t}\n\t\t\n\t\t# Update the values of specific keys as needed\n\t\ttemplate[\"row\"][\"id\"] \u003d self.getSibling(\"UID_0\").props.value\n\t\ttemplate[\"row\"][\"qty\"] \u003d self.getSibling(\"qty_0\").props.value\n\t\t# encode dictionary to JSON\n\t\tjsonParams \u003d system.util.jsonEncode(template)\n\t\t#jsonParams\u003dtemplate\n\t#\tClear the data in component\n\t\tself.getSibling(\"StartTime_0\").props.text\u003d\u0027\u0027\n\t\tself.getSibling(\"EndTime_0\").props.text\u003d\u0027\u0027\n\t\tself.getSibling(\"Delay_0\").props.text\u003d\u0027\u0027\n\t\tself.getSibling(\"ResonseData_0\").props.text\u003d\u0027\u0027\n\t\t# post to Ignition\n\t\turl\u003d\u0027http://jalpodev.jindalaluminium.com:50000/RESTAdapter/CIMSMovementItem/\u0027\n\t\tUname\u003d\u0027PO_API\u0027\n\t\tPw\u003d\u0027Welcome@123\u0027\n\t\tST\u003dsystem.date.now()\n\t\tself.getSibling(\"StartTime_0\").props.text\u003dsystem.date.format(ST,\"yyyy-MM-dd HH:mm:ss.SSS\")\n\t\tpostReturn \u003dsystem.net.httpPost(url,\u0027application/json\u0027,postData \u003djsonParams,username\u003dUname,password\u003dPw,connectTimeout\u003d20000,readTimeout \u003d60000,bypassCertValidation\u003dTrue)\n\t\tself.getSibling(\"ResonseData_0\").props.text\u003d(postReturn)\n\t\tET\u003dsystem.date.now()\n\t\tself.getSibling(\"EndTime_0\").props.text\u003dsystem.date.format(ET,\"yyyy-MM-dd HH:mm:ss.SSS\")\n\t\t\n\t#\tget Difference time in miliseconds\n\t\tMS\u003dsystem.date.millisBetween(ST,ET)\n\t\tself.getSibling(\"Delay_0\").props.text\u003dconvert_milliseconds_to_time(MS)\n#\t\tmake toggle switch to 0\n\t\tself.props.selected\u003dFalse\n\telse:\n\t\tpass\t"
            }
          }
        },
        "type": "ia.input.toggle-switch"
      },
      {
        "meta": {
          "name": "ResonseData_0"
        },
        "position": {
          "height": 31.999999999999993,
          "width": 811.0000000000001,
          "x": 848.9,
          "y": 98.94
        },
        "props": {
          "text": "{\"id\":161,\"message_type\":\"I\",\"remarks\":\"Confirmation of order 003000007588 saved\"}"
        },
        "type": "ia.display.label"
      },
      {
        "meta": {
          "name": "UID_0"
        },
        "position": {
          "height": 32,
          "width": 76,
          "x": 8.5,
          "y": 100.973
        },
        "props": {
          "align": "center",
          "format": "0,0",
          "value": 161
        },
        "type": "ia.input.numeric-entry-field"
      },
      {
        "meta": {
          "name": "qty_1"
        },
        "position": {
          "height": 32.00000000000001,
          "width": 78.00000000000001,
          "x": 97,
          "y": 147.97
        },
        "props": {
          "align": "center",
          "value": 5.4
        },
        "type": "ia.input.numeric-entry-field"
      },
      {
        "meta": {
          "name": "StartTime_1"
        },
        "position": {
          "height": 32.00000000000001,
          "width": 225,
          "x": 283.7,
          "y": 148.91
        },
        "props": {
          "text": "2023-09-28 15:24:28.204"
        },
        "type": "ia.display.label"
      },
      {
        "meta": {
          "name": "EndTime_1"
        },
        "position": {
          "height": 32,
          "width": 205,
          "x": 497.7,
          "y": 148.014
        },
        "props": {
          "text": "2023-09-28 15:24:33.488"
        },
        "type": "ia.display.label"
      },
      {
        "meta": {
          "name": "Delay_1"
        },
        "position": {
          "height": 32,
          "width": 81,
          "x": 734.7,
          "y": 148.016
        },
        "props": {
          "text": "5:284",
          "textStyle": {
            "textAlign": "center"
          }
        },
        "type": "ia.display.label"
      },
      {
        "events": {
          "dom": {
            "onClick": {
              "config": {
                "script": "\tA\u003dself.props.selected\n\tif A\u003d\u003dTrue:\t\t\n\t\tdef convert_milliseconds_to_time(milliseconds):\n\t\t    # Calculate minutes, seconds, and milliseconds\n\t\t    minutes, milliseconds \u003d divmod(milliseconds, 60000)\n\t\t    seconds, milliseconds \u003d divmod(milliseconds, 1000)\n\t\t    return str(seconds)+\":\"+str(milliseconds)\n\t\t    \n\t\t# Define the template as a dictionary\n\t\ttemplate \u003d {\n\t\t    \"row\": {\n\t\t        \"id\": \"122\",\n\t\t        \"oprn\": \"0010\",\n\t\t        \"prod_order\": \"3000007586\",\n\t\t        \"material_code\": \"1100000001\",\n\t\t        \"material_description\": \"Aluminium Saw Ingot\",\n\t\t        \"material_selection\": \"IN\",\n\t\t        \"qty\": \"1.99\",\n\t\t        \"qty_uom\": \"KG\",\n\t\t        \"batch\": \"0002453889\",\n\t\t        \"valuation_type\": \"\",\n\t\t        \"storage_loc\": \"DA01\",\n\t\t        \"flag\": \"0\",\n\t\t        \"message_type\": \"test\",\n\t\t        \"remarks\": \"test\"\n\t\t    }\n\t\t}\n\t\t\n\t\t# Update the values of specific keys as needed\n\t\ttemplate[\"row\"][\"id\"] \u003d self.getSibling(\"UID\").props.value\n\t\ttemplate[\"row\"][\"qty\"] \u003d self.getSibling(\"qty\").props.value\n\t\t# encode dictionary to JSON\n\t\tjsonParams \u003d system.util.jsonEncode(template)\n\t\t#jsonParams\u003dtemplate\n\t#\tClear the data in component\n\t\tself.getSibling(\"StartTime_1\").props.text\u003d\u0027\u0027\n\t\tself.getSibling(\"EndTime_1\").props.text\u003d\u0027\u0027\n\t\tself.getSibling(\"Delay_1\").props.text\u003d\u0027\u0027\n\t\tself.getSibling(\"ResonseData_1\").props.text\u003d\u0027\u0027\n\t\t# post to Ignition\n\t\turl\u003d\u0027http://jalpodev.jindalaluminium.com:50000/RESTAdapter/CIMSMovementItem/\u0027\n\t\tUname\u003d\u0027PO_API\u0027\n\t\tPw\u003d\u0027Welcome@123\u0027\n\t\tST\u003dsystem.date.now()\n\t\tself.getSibling(\"StartTime_1\").props.text\u003dsystem.date.format(ST,\"yyyy-MM-dd HH:mm:ss.SSS\")\n\t\tpostReturn \u003dsystem.net.httpPost(url,\u0027application/json\u0027,postData \u003djsonParams,username\u003dUname,password\u003dPw,connectTimeout\u003d20000,readTimeout \u003d60000,bypassCertValidation\u003dTrue)\n\t\tself.getSibling(\"ResonseData_1\").props.text\u003d(postReturn)\n\t\tET\u003dsystem.date.now()\n\t\tself.getSibling(\"EndTime_1\").props.text\u003dsystem.date.format(ET,\"yyyy-MM-dd HH:mm:ss.SSS\")\n\t\t\n\t#\tget Difference time in miliseconds\n\t\tMS\u003dsystem.date.millisBetween(ST,ET)\n\t\tself.getSibling(\"Delay_1\").props.text\u003dconvert_milliseconds_to_time(MS)\n#\t\tmake toggle switch to 0\n\t\tself.props.selected\u003dFalse\n\telse:\n\t\tpass\t"
              },
              "enabled": false,
              "scope": "G",
              "type": "script"
            }
          }
        },
        "meta": {
          "name": "ToggleSwitch_1"
        },
        "position": {
          "height": 32,
          "width": 53.99999999999997,
          "x": 204.09,
          "y": 148.61
        },
        "propConfig": {
          "props.selected": {
            "onChange": {
              "enabled": null,
              "script": "\tif currentValue.value\u003d\u003dTrue:\t\t\n\t\tdef convert_milliseconds_to_time(milliseconds):\n\t\t    # Calculate minutes, seconds, and milliseconds\n\t\t    minutes, milliseconds \u003d divmod(milliseconds, 60000)\n\t\t    seconds, milliseconds \u003d divmod(milliseconds, 1000)\n\t\t    return str(seconds)+\":\"+str(milliseconds)\n\t\t    \n\t\t# Define the template as a dictionary\n\t\ttemplate \u003d {\n\t\t    \"row\": {\n\t\t        \"id\": \"122\",\n\t\t        \"oprn\": \"0010\",\n\t\t        \"prod_order\": \"3000007588\",\n\t\t        \"material_code\": \"1100000001\",\n\t\t        \"material_description\": \"Aluminium Saw Ingot\",\n\t\t        \"material_selection\": \"IN\",\n\t\t        \"qty\": \"1.99\",\n\t\t        \"qty_uom\": \"KG\",\n\t\t        \"batch\": \"0002453889\",\n\t\t        \"valuation_type\": \"\",\n\t\t        \"storage_loc\": \"DA01\",\n\t\t        \"flag\": \"0\",\n\t\t        \"message_type\": \"test\",\n\t\t        \"remarks\": \"test\"\n\t\t    }\n\t\t}\n\t\t\n\t\t# Update the values of specific keys as needed\n\t\ttemplate[\"row\"][\"id\"] \u003d self.getSibling(\"UID_1\").props.value\n\t\ttemplate[\"row\"][\"qty\"] \u003d self.getSibling(\"qty_1\").props.value\n\t\t# encode dictionary to JSON\n\t\tjsonParams \u003d system.util.jsonEncode(template)\n\t\t#jsonParams\u003dtemplate\n\t#\tClear the data in component\n\t\tself.getSibling(\"StartTime_1\").props.text\u003d\u0027\u0027\n\t\tself.getSibling(\"EndTime_1\").props.text\u003d\u0027\u0027\n\t\tself.getSibling(\"Delay_1\").props.text\u003d\u0027\u0027\n\t\tself.getSibling(\"ResonseData_1\").props.text\u003d\u0027\u0027\n\t\t# post to Ignition\n\t\turl\u003d\u0027http://jalpodev.jindalaluminium.com:50000/RESTAdapter/CIMSMovementItem/\u0027\n\t\tUname\u003d\u0027PO_API\u0027\n\t\tPw\u003d\u0027Welcome@123\u0027\n\t\tST\u003dsystem.date.now()\n\t\tself.getSibling(\"StartTime_1\").props.text\u003dsystem.date.format(ST,\"yyyy-MM-dd HH:mm:ss.SSS\")\n\t\tpostReturn \u003dsystem.net.httpPost(url,\u0027application/json\u0027,postData \u003djsonParams,username\u003dUname,password\u003dPw,connectTimeout\u003d20000,readTimeout \u003d60000,bypassCertValidation\u003dTrue)\n\t\tself.getSibling(\"ResonseData_1\").props.text\u003d(postReturn)\n\t\tET\u003dsystem.date.now()\n\t\tself.getSibling(\"EndTime_1\").props.text\u003dsystem.date.format(ET,\"yyyy-MM-dd HH:mm:ss.SSS\")\n\t\t\n\t#\tget Difference time in miliseconds\n\t\tMS\u003dsystem.date.millisBetween(ST,ET)\n\t\tself.getSibling(\"Delay_1\").props.text\u003dconvert_milliseconds_to_time(MS)\n#\t\tmake toggle switch to 0\n\t\tself.props.selected\u003dFalse\n\telse:\n\t\tpass\t\t"
            }
          }
        },
        "type": "ia.input.toggle-switch"
      },
      {
        "meta": {
          "name": "ResonseData_1"
        },
        "position": {
          "height": 31.999999999999993,
          "width": 811.0000000000001,
          "x": 848.9,
          "y": 145.94
        },
        "props": {
          "text": "{\"id\":162,\"message_type\":\"I\",\"remarks\":\"Confirmation of order 003000007588 saved\"}"
        },
        "type": "ia.display.label"
      },
      {
        "meta": {
          "name": "UID_1"
        },
        "position": {
          "height": 32,
          "width": 76,
          "x": 8.5,
          "y": 147.973
        },
        "props": {
          "align": "center",
          "format": "0,0",
          "value": 162
        },
        "type": "ia.input.numeric-entry-field"
      },
      {
        "meta": {
          "name": "StartTime_2"
        },
        "position": {
          "height": 32.00000000000001,
          "width": 225,
          "x": 283.7,
          "y": 193.91
        },
        "props": {
          "text": "2023-09-28 15:24:33.205"
        },
        "type": "ia.display.label"
      },
      {
        "meta": {
          "name": "qty_2"
        },
        "position": {
          "height": 32.00000000000001,
          "width": 78.00000000000001,
          "x": 97,
          "y": 192.97
        },
        "props": {
          "align": "center",
          "value": 6.4
        },
        "type": "ia.input.numeric-entry-field"
      },
      {
        "meta": {
          "name": "EndTime_2"
        },
        "position": {
          "height": 32,
          "width": 205,
          "x": 497.7,
          "y": 193.014
        },
        "props": {
          "text": "2023-09-28 15:24:38.557"
        },
        "type": "ia.display.label"
      },
      {
        "meta": {
          "name": "Delay_2"
        },
        "position": {
          "height": 32,
          "width": 81,
          "x": 734.7,
          "y": 193.016
        },
        "props": {
          "text": "5:352",
          "textStyle": {
            "textAlign": "center"
          }
        },
        "type": "ia.display.label"
      },
      {
        "events": {
          "dom": {
            "onClick": {
              "config": {
                "script": "\tA\u003dself.props.selected\n\tif A\u003d\u003dTrue:\t\t\n\t\tdef convert_milliseconds_to_time(milliseconds):\n\t\t    # Calculate minutes, seconds, and milliseconds\n\t\t    minutes, milliseconds \u003d divmod(milliseconds, 60000)\n\t\t    seconds, milliseconds \u003d divmod(milliseconds, 1000)\n\t\t    return str(seconds)+\":\"+str(milliseconds)\n\t\t    \n\t\t# Define the template as a dictionary\n\t\ttemplate \u003d {\n\t\t    \"row\": {\n\t\t        \"id\": \"122\",\n\t\t        \"oprn\": \"0010\",\n\t\t        \"prod_order\": \"3000007586\",\n\t\t        \"material_code\": \"1100000001\",\n\t\t        \"material_description\": \"Aluminium Saw Ingot\",\n\t\t        \"material_selection\": \"IN\",\n\t\t        \"qty\": \"1.99\",\n\t\t        \"qty_uom\": \"KG\",\n\t\t        \"batch\": \"0002453889\",\n\t\t        \"valuation_type\": \"\",\n\t\t        \"storage_loc\": \"DA01\",\n\t\t        \"flag\": \"0\",\n\t\t        \"message_type\": \"test\",\n\t\t        \"remarks\": \"test\"\n\t\t    }\n\t\t}\n\t\t\n\t\t# Update the values of specific keys as needed\n\t\ttemplate[\"row\"][\"id\"] \u003d self.getSibling(\"UID\").props.value\n\t\ttemplate[\"row\"][\"qty\"] \u003d self.getSibling(\"qty\").props.value\n\t\t# encode dictionary to JSON\n\t\tjsonParams \u003d system.util.jsonEncode(template)\n\t\t#jsonParams\u003dtemplate\n\t#\tClear the data in component\n\t\tself.getSibling(\"StartTime_2\").props.text\u003d\u0027\u0027\n\t\tself.getSibling(\"EndTime_2\").props.text\u003d\u0027\u0027\n\t\tself.getSibling(\"Delay_2\").props.text\u003d\u0027\u0027\n\t\tself.getSibling(\"ResonseData_2\").props.text\u003d\u0027\u0027\n\t\t# post to Ignition\n\t\turl\u003d\u0027http://jalpodev.jindalaluminium.com:50000/RESTAdapter/CIMSMovementItem/\u0027\n\t\tUname\u003d\u0027PO_API\u0027\n\t\tPw\u003d\u0027Welcome@123\u0027\n\t\tST\u003dsystem.date.now()\n\t\tself.getSibling(\"StartTime_2\").props.text\u003dsystem.date.format(ST,\"yyyy-MM-dd HH:mm:ss.SSS\")\n\t\tpostReturn \u003dsystem.net.httpPost(url,\u0027application/json\u0027,postData \u003djsonParams,username\u003dUname,password\u003dPw,connectTimeout\u003d20000,readTimeout \u003d60000,bypassCertValidation\u003dTrue)\n\t\tself.getSibling(\"ResonseData_2\").props.text\u003d(postReturn)\n\t\tET\u003dsystem.date.now()\n\t\tself.getSibling(\"EndTime_2\").props.text\u003dsystem.date.format(ET,\"yyyy-MM-dd HH:mm:ss.SSS\")\n\t\t\n\t#\tget Difference time in miliseconds\n\t\tMS\u003dsystem.date.millisBetween(ST,ET)\n\t\tself.getSibling(\"Delay_2\").props.text\u003dconvert_milliseconds_to_time(MS)\n#\t\tmake toggle switch to 0\n\t\tself.props.selected\u003dFalse\n\telse:\n\t\tpass\t"
              },
              "enabled": false,
              "scope": "G",
              "type": "script"
            }
          }
        },
        "meta": {
          "name": "ToggleSwitch_2"
        },
        "position": {
          "height": 32,
          "width": 53.99999999999997,
          "x": 204.09,
          "y": 193.61
        },
        "propConfig": {
          "props.selected": {
            "onChange": {
              "enabled": null,
              "script": "\tif currentValue.value\u003d\u003dTrue:\t\t\n\t\tdef convert_milliseconds_to_time(milliseconds):\n\t\t    # Calculate minutes, seconds, and milliseconds\n\t\t    minutes, milliseconds \u003d divmod(milliseconds, 60000)\n\t\t    seconds, milliseconds \u003d divmod(milliseconds, 1000)\n\t\t    return str(seconds)+\":\"+str(milliseconds)\n\t\t    \n\t\t# Define the template as a dictionary\n\t\ttemplate \u003d {\n\t\t    \"row\": {\n\t\t        \"id\": \"122\",\n\t\t        \"oprn\": \"0010\",\n\t\t        \"prod_order\": \"3000007588\",\n\t\t        \"material_code\": \"1100000001\",\n\t\t        \"material_description\": \"Aluminium Saw Ingot\",\n\t\t        \"material_selection\": \"IN\",\n\t\t        \"qty\": \"1.99\",\n\t\t        \"qty_uom\": \"KG\",\n\t\t        \"batch\": \"0002453889\",\n\t\t        \"valuation_type\": \"\",\n\t\t        \"storage_loc\": \"DA01\",\n\t\t        \"flag\": \"0\",\n\t\t        \"message_type\": \"test\",\n\t\t        \"remarks\": \"test\"\n\t\t    }\n\t\t}\n\t\t\n\t\t# Update the values of specific keys as needed\n\t\ttemplate[\"row\"][\"id\"] \u003d self.getSibling(\"UID_2\").props.value\n\t\ttemplate[\"row\"][\"qty\"] \u003d self.getSibling(\"qty_2\").props.value\n\t\t# encode dictionary to JSON\n\t\tjsonParams \u003d system.util.jsonEncode(template)\n\t\t#jsonParams\u003dtemplate\n\t#\tClear the data in component\n\t\tself.getSibling(\"StartTime_2\").props.text\u003d\u0027\u0027\n\t\tself.getSibling(\"EndTime_2\").props.text\u003d\u0027\u0027\n\t\tself.getSibling(\"Delay_2\").props.text\u003d\u0027\u0027\n\t\tself.getSibling(\"ResonseData_2\").props.text\u003d\u0027\u0027\n\t\t# post to Ignition\n\t\turl\u003d\u0027http://jalpodev.jindalaluminium.com:50000/RESTAdapter/CIMSMovementItem/\u0027\n\t\tUname\u003d\u0027PO_API\u0027\n\t\tPw\u003d\u0027Welcome@123\u0027\n\t\tST\u003dsystem.date.now()\n\t\tself.getSibling(\"StartTime_2\").props.text\u003dsystem.date.format(ST,\"yyyy-MM-dd HH:mm:ss.SSS\")\n\t\tpostReturn \u003dsystem.net.httpPost(url,\u0027application/json\u0027,postData \u003djsonParams,username\u003dUname,password\u003dPw,connectTimeout\u003d20000,readTimeout \u003d60000,bypassCertValidation\u003dTrue)\n\t\tself.getSibling(\"ResonseData_2\").props.text\u003d(postReturn)\n\t\tET\u003dsystem.date.now()\n\t\tself.getSibling(\"EndTime_2\").props.text\u003dsystem.date.format(ET,\"yyyy-MM-dd HH:mm:ss.SSS\")\n\t\t\n\t#\tget Difference time in miliseconds\n\t\tMS\u003dsystem.date.millisBetween(ST,ET)\n\t\tself.getSibling(\"Delay_2\").props.text\u003dconvert_milliseconds_to_time(MS)\n#\t\tmake toggle switch to 0\n\t\tself.props.selected\u003dFalse\n\telse:\n\t\tpass\t"
            }
          }
        },
        "type": "ia.input.toggle-switch"
      },
      {
        "meta": {
          "name": "ResonseData_2"
        },
        "position": {
          "height": 31.999999999999993,
          "width": 811.0000000000001,
          "x": 848.9,
          "y": 190.94
        },
        "props": {
          "text": "{\"id\":163,\"message_type\":\"I\",\"remarks\":\"Confirmation of order 003000007588 saved\"}"
        },
        "type": "ia.display.label"
      },
      {
        "meta": {
          "name": "UID_2"
        },
        "position": {
          "height": 32,
          "width": 76,
          "x": 8.5,
          "y": 192.973
        },
        "props": {
          "align": "center",
          "format": "0,0",
          "value": 163
        },
        "type": "ia.input.numeric-entry-field"
      },
      {
        "meta": {
          "name": "StartTime_3"
        },
        "position": {
          "height": 32.00000000000001,
          "width": 225,
          "x": 283.7,
          "y": 240.91
        },
        "props": {
          "text": "2023-09-28 15:24:38.204"
        },
        "type": "ia.display.label"
      },
      {
        "meta": {
          "name": "qty_3"
        },
        "position": {
          "height": 32.00000000000001,
          "width": 78.00000000000001,
          "x": 97,
          "y": 239.97
        },
        "props": {
          "align": "center",
          "value": 7.4
        },
        "type": "ia.input.numeric-entry-field"
      },
      {
        "meta": {
          "name": "EndTime_3"
        },
        "position": {
          "height": 32,
          "width": 205,
          "x": 497.7,
          "y": 240.014
        },
        "props": {
          "text": "2023-09-28 15:24:43.668"
        },
        "type": "ia.display.label"
      },
      {
        "meta": {
          "name": "Delay_3"
        },
        "position": {
          "height": 32,
          "width": 81,
          "x": 734.7,
          "y": 240.016
        },
        "props": {
          "text": "5:464",
          "textStyle": {
            "textAlign": "center"
          }
        },
        "type": "ia.display.label"
      },
      {
        "events": {
          "dom": {
            "onClick": {
              "config": {
                "script": "\tA\u003dself.props.selected\n\tif A\u003d\u003dTrue:\t\t\n\t\tdef convert_milliseconds_to_time(milliseconds):\n\t\t    # Calculate minutes, seconds, and milliseconds\n\t\t    minutes, milliseconds \u003d divmod(milliseconds, 60000)\n\t\t    seconds, milliseconds \u003d divmod(milliseconds, 1000)\n\t\t    return str(seconds)+\":\"+str(milliseconds)\n\t\t    \n\t\t# Define the template as a dictionary\n\t\ttemplate \u003d {\n\t\t    \"row\": {\n\t\t        \"id\": \"122\",\n\t\t        \"oprn\": \"0010\",\n\t\t        \"prod_order\": \"3000007586\",\n\t\t        \"material_code\": \"1100000001\",\n\t\t        \"material_description\": \"Aluminium Saw Ingot\",\n\t\t        \"material_selection\": \"IN\",\n\t\t        \"qty\": \"1.99\",\n\t\t        \"qty_uom\": \"KG\",\n\t\t        \"batch\": \"0002453889\",\n\t\t        \"valuation_type\": \"\",\n\t\t        \"storage_loc\": \"DA01\",\n\t\t        \"flag\": \"0\",\n\t\t        \"message_type\": \"test\",\n\t\t        \"remarks\": \"test\"\n\t\t    }\n\t\t}\n\t\t\n\t\t# Update the values of specific keys as needed\n\t\ttemplate[\"row\"][\"id\"] \u003d self.getSibling(\"UID\").props.value\n\t\ttemplate[\"row\"][\"qty\"] \u003d self.getSibling(\"qty\").props.value\n\t\t# encode dictionary to JSON\n\t\tjsonParams \u003d system.util.jsonEncode(template)\n\t\t#jsonParams\u003dtemplate\n\t#\tClear the data in component\n\t\tself.getSibling(\"StartTime_3\").props.text\u003d\u0027\u0027\n\t\tself.getSibling(\"EndTime_3\").props.text\u003d\u0027\u0027\n\t\tself.getSibling(\"Delay_3\").props.text\u003d\u0027\u0027\n\t\tself.getSibling(\"ResonseData_3\").props.text\u003d\u0027\u0027\n\t\t# post to Ignition\n\t\turl\u003d\u0027http://jalpodev.jindalaluminium.com:50000/RESTAdapter/CIMSMovementItem/\u0027\n\t\tUname\u003d\u0027PO_API\u0027\n\t\tPw\u003d\u0027Welcome@123\u0027\n\t\tST\u003dsystem.date.now()\n\t\tself.getSibling(\"StartTime_3\").props.text\u003dsystem.date.format(ST,\"yyyy-MM-dd HH:mm:ss.SSS\")\n\t\tpostReturn \u003dsystem.net.httpPost(url,\u0027application/json\u0027,postData \u003djsonParams,username\u003dUname,password\u003dPw,connectTimeout\u003d20000,readTimeout \u003d60000,bypassCertValidation\u003dTrue)\n\t\tself.getSibling(\"ResonseData_3\").props.text\u003d(postReturn)\n\t\tET\u003dsystem.date.now()\n\t\tself.getSibling(\"EndTime_3\").props.text\u003dsystem.date.format(ET,\"yyyy-MM-dd HH:mm:ss.SSS\")\n\t\t\n\t#\tget Difference time in miliseconds\n\t\tMS\u003dsystem.date.millisBetween(ST,ET)\n\t\tself.getSibling(\"Delay_3\").props.text\u003dconvert_milliseconds_to_time(MS)\n#\t\tmake toggle switch to 0\n\t\tself.props.selected\u003dFalse\n\telse:\n\t\tpass\t"
              },
              "enabled": false,
              "scope": "G",
              "type": "script"
            }
          }
        },
        "meta": {
          "name": "ToggleSwitch_3"
        },
        "position": {
          "height": 32,
          "width": 53.99999999999997,
          "x": 204.09,
          "y": 240.61
        },
        "propConfig": {
          "props.selected": {
            "onChange": {
              "enabled": null,
              "script": "\tif currentValue.value\u003d\u003dTrue:\t\t\n\t\tdef convert_milliseconds_to_time(milliseconds):\n\t\t    # Calculate minutes, seconds, and milliseconds\n\t\t    minutes, milliseconds \u003d divmod(milliseconds, 60000)\n\t\t    seconds, milliseconds \u003d divmod(milliseconds, 1000)\n\t\t    return str(seconds)+\":\"+str(milliseconds)\n\t\t    \n\t\t# Define the template as a dictionary\n\t\ttemplate \u003d {\n\t\t    \"row\": {\n\t\t        \"id\": \"122\",\n\t\t        \"oprn\": \"0010\",\n\t\t        \"prod_order\": \"3000007588\",\n\t\t        \"material_code\": \"1100000001\",\n\t\t        \"material_description\": \"Aluminium Saw Ingot\",\n\t\t        \"material_selection\": \"IN\",\n\t\t        \"qty\": \"1.99\",\n\t\t        \"qty_uom\": \"KG\",\n\t\t        \"batch\": \"0002453889\",\n\t\t        \"valuation_type\": \"\",\n\t\t        \"storage_loc\": \"DA01\",\n\t\t        \"flag\": \"0\",\n\t\t        \"message_type\": \"test\",\n\t\t        \"remarks\": \"test\"\n\t\t    }\n\t\t}\n\t\t\n\t\t# Update the values of specific keys as needed\n\t\ttemplate[\"row\"][\"id\"] \u003d self.getSibling(\"UID_3\").props.value\n\t\ttemplate[\"row\"][\"qty\"] \u003d self.getSibling(\"qty_3\").props.value\n\t\t# encode dictionary to JSON\n\t\tjsonParams \u003d system.util.jsonEncode(template)\n\t\t#jsonParams\u003dtemplate\n\t#\tClear the data in component\n\t\tself.getSibling(\"StartTime_3\").props.text\u003d\u0027\u0027\n\t\tself.getSibling(\"EndTime_3\").props.text\u003d\u0027\u0027\n\t\tself.getSibling(\"Delay_3\").props.text\u003d\u0027\u0027\n\t\tself.getSibling(\"ResonseData_3\").props.text\u003d\u0027\u0027\n\t\t# post to Ignition\n\t\turl\u003d\u0027http://jalpodev.jindalaluminium.com:50000/RESTAdapter/CIMSMovementItem/\u0027\n\t\tUname\u003d\u0027PO_API\u0027\n\t\tPw\u003d\u0027Welcome@123\u0027\n\t\tST\u003dsystem.date.now()\n\t\tself.getSibling(\"StartTime_3\").props.text\u003dsystem.date.format(ST,\"yyyy-MM-dd HH:mm:ss.SSS\")\n\t\tpostReturn \u003dsystem.net.httpPost(url,\u0027application/json\u0027,postData \u003djsonParams,username\u003dUname,password\u003dPw,connectTimeout\u003d20000,readTimeout \u003d60000,bypassCertValidation\u003dTrue)\n\t\tself.getSibling(\"ResonseData_3\").props.text\u003d(postReturn)\n\t\tET\u003dsystem.date.now()\n\t\tself.getSibling(\"EndTime_3\").props.text\u003dsystem.date.format(ET,\"yyyy-MM-dd HH:mm:ss.SSS\")\n\t\t\n\t#\tget Difference time in miliseconds\n\t\tMS\u003dsystem.date.millisBetween(ST,ET)\n\t\tself.getSibling(\"Delay_3\").props.text\u003dconvert_milliseconds_to_time(MS)\n#\t\tmake toggle switch to 0\n\t\tself.props.selected\u003dFalse\n\telse:\n\t\tpass\t"
            }
          }
        },
        "type": "ia.input.toggle-switch"
      },
      {
        "meta": {
          "name": "ResonseData_3"
        },
        "position": {
          "height": 31.999999999999993,
          "width": 811.0000000000001,
          "x": 848.9,
          "y": 237.94
        },
        "props": {
          "text": "{\"id\":164,\"message_type\":\"I\",\"remarks\":\"Confirmation of order 003000007588 saved\"}"
        },
        "type": "ia.display.label"
      },
      {
        "meta": {
          "name": "UID_3"
        },
        "position": {
          "height": 32,
          "width": 76,
          "x": 8.5,
          "y": 239.973
        },
        "props": {
          "align": "center",
          "format": "0,0",
          "value": 164
        },
        "type": "ia.input.numeric-entry-field"
      },
      {
        "meta": {
          "name": "StartTime_4"
        },
        "position": {
          "height": 32.00000000000001,
          "width": 225,
          "x": 283.7,
          "y": 288.91
        },
        "props": {
          "text": "2023-09-28 15:24:43.206"
        },
        "type": "ia.display.label"
      },
      {
        "meta": {
          "name": "qty_4"
        },
        "position": {
          "height": 32.00000000000001,
          "width": 78.00000000000001,
          "x": 97,
          "y": 287.97
        },
        "props": {
          "align": "center",
          "value": 8.4
        },
        "type": "ia.input.numeric-entry-field"
      },
      {
        "meta": {
          "name": "EndTime_4"
        },
        "position": {
          "height": 32,
          "width": 205,
          "x": 497.7,
          "y": 288.014
        },
        "props": {
          "text": "2023-09-28 15:24:48.423"
        },
        "type": "ia.display.label"
      },
      {
        "meta": {
          "name": "Delay_4"
        },
        "position": {
          "height": 32,
          "width": 81,
          "x": 734.7,
          "y": 288.016
        },
        "props": {
          "text": "5:217",
          "textStyle": {
            "textAlign": "center"
          }
        },
        "type": "ia.display.label"
      },
      {
        "events": {
          "dom": {
            "onClick": {
              "config": {
                "script": "\tA\u003dself.props.selected\n\tif A\u003d\u003dTrue:\t\t\n\t\tdef convert_milliseconds_to_time(milliseconds):\n\t\t    # Calculate minutes, seconds, and milliseconds\n\t\t    minutes, milliseconds \u003d divmod(milliseconds, 60000)\n\t\t    seconds, milliseconds \u003d divmod(milliseconds, 1000)\n\t\t    return str(seconds)+\":\"+str(milliseconds)\n\t\t    \n\t\t# Define the template as a dictionary\n\t\ttemplate \u003d {\n\t\t    \"row\": {\n\t\t        \"id\": \"122\",\n\t\t        \"oprn\": \"0010\",\n\t\t        \"prod_order\": \"3000007586\",\n\t\t        \"material_code\": \"1100000001\",\n\t\t        \"material_description\": \"Aluminium Saw Ingot\",\n\t\t        \"material_selection\": \"IN\",\n\t\t        \"qty\": \"1.99\",\n\t\t        \"qty_uom\": \"KG\",\n\t\t        \"batch\": \"0002453889\",\n\t\t        \"valuation_type\": \"\",\n\t\t        \"storage_loc\": \"DA01\",\n\t\t        \"flag\": \"0\",\n\t\t        \"message_type\": \"test\",\n\t\t        \"remarks\": \"test\"\n\t\t    }\n\t\t}\n\t\t\n\t\t# Update the values of specific keys as needed\n\t\ttemplate[\"row\"][\"id\"] \u003d self.getSibling(\"UID\").props.value\n\t\ttemplate[\"row\"][\"qty\"] \u003d self.getSibling(\"qty\").props.value\n\t\t# encode dictionary to JSON\n\t\tjsonParams \u003d system.util.jsonEncode(template)\n\t\t#jsonParams\u003dtemplate\n\t#\tClear the data in component\n\t\tself.getSibling(\"StartTime_4\").props.text\u003d\u0027\u0027\n\t\tself.getSibling(\"EndTime_4\").props.text\u003d\u0027\u0027\n\t\tself.getSibling(\"Delay_4\").props.text\u003d\u0027\u0027\n\t\tself.getSibling(\"ResonseData_4\").props.text\u003d\u0027\u0027\n\t\t# post to Ignition\n\t\turl\u003d\u0027http://jalpodev.jindalaluminium.com:50000/RESTAdapter/CIMSMovementItem/\u0027\n\t\tUname\u003d\u0027PO_API\u0027\n\t\tPw\u003d\u0027Welcome@123\u0027\n\t\tST\u003dsystem.date.now()\n\t\tself.getSibling(\"StartTime_4\").props.text\u003dsystem.date.format(ST,\"yyyy-MM-dd HH:mm:ss.SSS\")\n\t\tpostReturn \u003dsystem.net.httpPost(url,\u0027application/json\u0027,postData \u003djsonParams,username\u003dUname,password\u003dPw,connectTimeout\u003d20000,readTimeout \u003d60000,bypassCertValidation\u003dTrue)\n\t\tself.getSibling(\"ResonseData_4\").props.text\u003d(postReturn)\n\t\tET\u003dsystem.date.now()\n\t\tself.getSibling(\"EndTime_4\").props.text\u003dsystem.date.format(ET,\"yyyy-MM-dd HH:mm:ss.SSS\")\n\t\t\n\t#\tget Difference time in miliseconds\n\t\tMS\u003dsystem.date.millisBetween(ST,ET)\n\t\tself.getSibling(\"Delay_4\").props.text\u003dconvert_milliseconds_to_time(MS)\n#\t\tmake toggle switch to 0\n\t\tself.props.selected\u003dFalse\n\telse:\n\t\tpass\t"
              },
              "enabled": false,
              "scope": "G",
              "type": "script"
            }
          }
        },
        "meta": {
          "name": "ToggleSwitch_4"
        },
        "position": {
          "height": 32,
          "width": 53.99999999999997,
          "x": 204.09,
          "y": 288.61
        },
        "propConfig": {
          "props.selected": {
            "onChange": {
              "enabled": null,
              "script": "\tif currentValue.value\u003d\u003dTrue:\t\t\n\t\tdef convert_milliseconds_to_time(milliseconds):\n\t\t    # Calculate minutes, seconds, and milliseconds\n\t\t    minutes, milliseconds \u003d divmod(milliseconds, 60000)\n\t\t    seconds, milliseconds \u003d divmod(milliseconds, 1000)\n\t\t    return str(seconds)+\":\"+str(milliseconds)\n\t\t    \n\t\t# Define the template as a dictionary\n\t\ttemplate \u003d {\n\t\t    \"row\": {\n\t\t        \"id\": \"122\",\n\t\t        \"oprn\": \"0010\",\n\t\t        \"prod_order\": \"3000007588\",\n\t\t        \"material_code\": \"1100000001\",\n\t\t        \"material_description\": \"Aluminium Saw Ingot\",\n\t\t        \"material_selection\": \"IN\",\n\t\t        \"qty\": \"1.99\",\n\t\t        \"qty_uom\": \"KG\",\n\t\t        \"batch\": \"0002453889\",\n\t\t        \"valuation_type\": \"\",\n\t\t        \"storage_loc\": \"DA01\",\n\t\t        \"flag\": \"0\",\n\t\t        \"message_type\": \"test\",\n\t\t        \"remarks\": \"test\"\n\t\t    }\n\t\t}\n\t\t\n\t\t# Update the values of specific keys as needed\n\t\ttemplate[\"row\"][\"id\"] \u003d self.getSibling(\"UID_4\").props.value\n\t\ttemplate[\"row\"][\"qty\"] \u003d self.getSibling(\"qty_4\").props.value\n\t\t# encode dictionary to JSON\n\t\tjsonParams \u003d system.util.jsonEncode(template)\n\t\t#jsonParams\u003dtemplate\n\t#\tClear the data in component\n\t\tself.getSibling(\"StartTime_4\").props.text\u003d\u0027\u0027\n\t\tself.getSibling(\"EndTime_4\").props.text\u003d\u0027\u0027\n\t\tself.getSibling(\"Delay_4\").props.text\u003d\u0027\u0027\n\t\tself.getSibling(\"ResonseData_4\").props.text\u003d\u0027\u0027\n\t\t# post to Ignition\n\t\turl\u003d\u0027http://jalpodev.jindalaluminium.com:50000/RESTAdapter/CIMSMovementItem/\u0027\n\t\tUname\u003d\u0027PO_API\u0027\n\t\tPw\u003d\u0027Welcome@123\u0027\n\t\tST\u003dsystem.date.now()\n\t\tself.getSibling(\"StartTime_4\").props.text\u003dsystem.date.format(ST,\"yyyy-MM-dd HH:mm:ss.SSS\")\n\t\tpostReturn \u003dsystem.net.httpPost(url,\u0027application/json\u0027,postData \u003djsonParams,username\u003dUname,password\u003dPw,connectTimeout\u003d20000,readTimeout \u003d60000,bypassCertValidation\u003dTrue)\n\t\tself.getSibling(\"ResonseData_4\").props.text\u003d(postReturn)\n\t\tET\u003dsystem.date.now()\n\t\tself.getSibling(\"EndTime_4\").props.text\u003dsystem.date.format(ET,\"yyyy-MM-dd HH:mm:ss.SSS\")\n\t\t\n\t#\tget Difference time in miliseconds\n\t\tMS\u003dsystem.date.millisBetween(ST,ET)\n\t\tself.getSibling(\"Delay_4\").props.text\u003dconvert_milliseconds_to_time(MS)\n#\t\tmake toggle switch to 0\n\t\tself.props.selected\u003dFalse\n\telse:\n\t\tpass\t"
            }
          }
        },
        "type": "ia.input.toggle-switch"
      },
      {
        "meta": {
          "name": "ResonseData_4"
        },
        "position": {
          "height": 31.999999999999993,
          "width": 811.0000000000001,
          "x": 848.9,
          "y": 285.94
        },
        "props": {
          "text": "{\"id\":165,\"message_type\":\"I\",\"remarks\":\"Confirmation of order 003000007588 saved\"}"
        },
        "type": "ia.display.label"
      },
      {
        "meta": {
          "name": "UID_4"
        },
        "position": {
          "height": 32,
          "width": 76,
          "x": 8.5,
          "y": 287.973
        },
        "props": {
          "align": "center",
          "format": "0,0",
          "value": 165
        },
        "type": "ia.input.numeric-entry-field"
      },
      {
        "meta": {
          "name": "StartTime_5"
        },
        "position": {
          "height": 32.00000000000001,
          "width": 225,
          "x": 283.7,
          "y": 338.91
        },
        "props": {
          "text": "2023-09-28 15:24:48.206"
        },
        "type": "ia.display.label"
      },
      {
        "meta": {
          "name": "qty_5"
        },
        "position": {
          "height": 32.00000000000001,
          "width": 78.00000000000001,
          "x": 97,
          "y": 337.97
        },
        "props": {
          "align": "center",
          "value": 9.4
        },
        "type": "ia.input.numeric-entry-field"
      },
      {
        "meta": {
          "name": "EndTime_5"
        },
        "position": {
          "height": 32,
          "width": 205,
          "x": 497.7,
          "y": 338.014
        },
        "props": {
          "text": "2023-09-28 15:24:53.398"
        },
        "type": "ia.display.label"
      },
      {
        "meta": {
          "name": "Delay_5"
        },
        "position": {
          "height": 32,
          "width": 81,
          "x": 734.7,
          "y": 338.016
        },
        "props": {
          "text": "5:192",
          "textStyle": {
            "textAlign": "center"
          }
        },
        "type": "ia.display.label"
      },
      {
        "events": {
          "dom": {
            "onClick": {
              "config": {
                "script": "\tA\u003dself.props.selected\n\tif A\u003d\u003dTrue:\t\t\n\t\tdef convert_milliseconds_to_time(milliseconds):\n\t\t    # Calculate minutes, seconds, and milliseconds\n\t\t    minutes, milliseconds \u003d divmod(milliseconds, 60000)\n\t\t    seconds, milliseconds \u003d divmod(milliseconds, 1000)\n\t\t    return str(seconds)+\":\"+str(milliseconds)\n\t\t    \n\t\t# Define the template as a dictionary\n\t\ttemplate \u003d {\n\t\t    \"row\": {\n\t\t        \"id\": \"122\",\n\t\t        \"oprn\": \"0010\",\n\t\t        \"prod_order\": \"3000007586\",\n\t\t        \"material_code\": \"1100000001\",\n\t\t        \"material_description\": \"Aluminium Saw Ingot\",\n\t\t        \"material_selection\": \"IN\",\n\t\t        \"qty\": \"1.99\",\n\t\t        \"qty_uom\": \"KG\",\n\t\t        \"batch\": \"0002453889\",\n\t\t        \"valuation_type\": \"\",\n\t\t        \"storage_loc\": \"DA01\",\n\t\t        \"flag\": \"0\",\n\t\t        \"message_type\": \"test\",\n\t\t        \"remarks\": \"test\"\n\t\t    }\n\t\t}\n\t\t\n\t\t# Update the values of specific keys as needed\n\t\ttemplate[\"row\"][\"id\"] \u003d self.getSibling(\"UID\").props.value\n\t\ttemplate[\"row\"][\"qty\"] \u003d self.getSibling(\"qty\").props.value\n\t\t# encode dictionary to JSON\n\t\tjsonParams \u003d system.util.jsonEncode(template)\n\t\t#jsonParams\u003dtemplate\n\t#\tClear the data in component\n\t\tself.getSibling(\"StartTime_5\").props.text\u003d\u0027\u0027\n\t\tself.getSibling(\"EndTime_5\").props.text\u003d\u0027\u0027\n\t\tself.getSibling(\"Delay_5\").props.text\u003d\u0027\u0027\n\t\tself.getSibling(\"ResonseData_5\").props.text\u003d\u0027\u0027\n\t\t# post to Ignition\n\t\turl\u003d\u0027http://jalpodev.jindalaluminium.com:50000/RESTAdapter/CIMSMovementItem/\u0027\n\t\tUname\u003d\u0027PO_API\u0027\n\t\tPw\u003d\u0027Welcome@123\u0027\n\t\tST\u003dsystem.date.now()\n\t\tself.getSibling(\"StartTime_5\").props.text\u003dsystem.date.format(ST,\"yyyy-MM-dd HH:mm:ss.SSS\")\n\t\tpostReturn \u003dsystem.net.httpPost(url,\u0027application/json\u0027,postData \u003djsonParams,username\u003dUname,password\u003dPw,connectTimeout\u003d20000,readTimeout \u003d60000,bypassCertValidation\u003dTrue)\n\t\tself.getSibling(\"ResonseData_5\").props.text\u003d(postReturn)\n\t\tET\u003dsystem.date.now()\n\t\tself.getSibling(\"EndTime_5\").props.text\u003dsystem.date.format(ET,\"yyyy-MM-dd HH:mm:ss.SSS\")\n\t\t\n\t#\tget Difference time in miliseconds\n\t\tMS\u003dsystem.date.millisBetween(ST,ET)\n\t\tself.getSibling(\"Delay_5\").props.text\u003dconvert_milliseconds_to_time(MS)\n#\t\tmake toggle switch to 0\n\t\tself.props.selected\u003dFalse\n\telse:\n\t\tpass\t"
              },
              "enabled": false,
              "scope": "G",
              "type": "script"
            }
          }
        },
        "meta": {
          "name": "ToggleSwitch_5"
        },
        "position": {
          "height": 32,
          "width": 53.99999999999997,
          "x": 204.09,
          "y": 338.61
        },
        "propConfig": {
          "props.selected": {
            "onChange": {
              "enabled": null,
              "script": "\tif currentValue.value\u003d\u003dTrue:\t\t\n\t\tdef convert_milliseconds_to_time(milliseconds):\n\t\t    # Calculate minutes, seconds, and milliseconds\n\t\t    minutes, milliseconds \u003d divmod(milliseconds, 60000)\n\t\t    seconds, milliseconds \u003d divmod(milliseconds, 1000)\n\t\t    return str(seconds)+\":\"+str(milliseconds)\n\t\t    \n\t\t# Define the template as a dictionary\n\t\ttemplate \u003d {\n\t\t    \"row\": {\n\t\t        \"id\": \"122\",\n\t\t        \"oprn\": \"0010\",\n\t\t        \"prod_order\": \"3000007588\",\n\t\t        \"material_code\": \"1100000001\",\n\t\t        \"material_description\": \"Aluminium Saw Ingot\",\n\t\t        \"material_selection\": \"IN\",\n\t\t        \"qty\": \"1.99\",\n\t\t        \"qty_uom\": \"KG\",\n\t\t        \"batch\": \"0002453889\",\n\t\t        \"valuation_type\": \"\",\n\t\t        \"storage_loc\": \"DA01\",\n\t\t        \"flag\": \"0\",\n\t\t        \"message_type\": \"test\",\n\t\t        \"remarks\": \"test\"\n\t\t    }\n\t\t}\n\t\t\n\t\t# Update the values of specific keys as needed\n\t\ttemplate[\"row\"][\"id\"] \u003d self.getSibling(\"UID_5\").props.value\n\t\ttemplate[\"row\"][\"qty\"] \u003d self.getSibling(\"qty_5\").props.value\n\t\t# encode dictionary to JSON\n\t\tjsonParams \u003d system.util.jsonEncode(template)\n\t\t#jsonParams\u003dtemplate\n\t#\tClear the data in component\n\t\tself.getSibling(\"StartTime_5\").props.text\u003d\u0027\u0027\n\t\tself.getSibling(\"EndTime_5\").props.text\u003d\u0027\u0027\n\t\tself.getSibling(\"Delay_5\").props.text\u003d\u0027\u0027\n\t\tself.getSibling(\"ResonseData_5\").props.text\u003d\u0027\u0027\n\t\t# post to Ignition\n\t\turl\u003d\u0027http://jalpodev.jindalaluminium.com:50000/RESTAdapter/CIMSMovementItem/\u0027\n\t\tUname\u003d\u0027PO_API\u0027\n\t\tPw\u003d\u0027Welcome@123\u0027\n\t\tST\u003dsystem.date.now()\n\t\tself.getSibling(\"StartTime_5\").props.text\u003dsystem.date.format(ST,\"yyyy-MM-dd HH:mm:ss.SSS\")\n\t\tpostReturn \u003dsystem.net.httpPost(url,\u0027application/json\u0027,postData \u003djsonParams,username\u003dUname,password\u003dPw,connectTimeout\u003d20000,readTimeout \u003d60000,bypassCertValidation\u003dTrue)\n\t\tself.getSibling(\"ResonseData_5\").props.text\u003d(postReturn)\n\t\tET\u003dsystem.date.now()\n\t\tself.getSibling(\"EndTime_5\").props.text\u003dsystem.date.format(ET,\"yyyy-MM-dd HH:mm:ss.SSS\")\n\t\t\n\t#\tget Difference time in miliseconds\n\t\tMS\u003dsystem.date.millisBetween(ST,ET)\n\t\tself.getSibling(\"Delay_5\").props.text\u003dconvert_milliseconds_to_time(MS)\n#\t\tmake toggle switch to 0\n\t\tself.props.selected\u003dFalse\n\telse:\n\t\tpass\t"
            }
          }
        },
        "type": "ia.input.toggle-switch"
      },
      {
        "meta": {
          "name": "ResonseData_5"
        },
        "position": {
          "height": 31.999999999999993,
          "width": 811.0000000000001,
          "x": 848.9,
          "y": 335.94
        },
        "props": {
          "text": "{\"id\":166,\"message_type\":\"I\",\"remarks\":\"Confirmation of order 003000007588 saved\"}"
        },
        "type": "ia.display.label"
      },
      {
        "meta": {
          "name": "UID_5"
        },
        "position": {
          "height": 32,
          "width": 76,
          "x": 8.5,
          "y": 336.973
        },
        "props": {
          "align": "center",
          "format": "0,0",
          "value": 166
        },
        "type": "ia.input.numeric-entry-field"
      },
      {
        "meta": {
          "name": "StartTime_6"
        },
        "position": {
          "height": 32.00000000000001,
          "width": 225,
          "x": 283.7,
          "y": 382.91
        },
        "props": {
          "text": "2023-09-28 15:24:53.205"
        },
        "type": "ia.display.label"
      },
      {
        "meta": {
          "name": "qty_6"
        },
        "position": {
          "height": 32.00000000000001,
          "width": 78.00000000000001,
          "x": 97,
          "y": 381.97
        },
        "props": {
          "align": "center",
          "value": 10.4
        },
        "type": "ia.input.numeric-entry-field"
      },
      {
        "meta": {
          "name": "EndTime_6"
        },
        "position": {
          "height": 32,
          "width": 205,
          "x": 497.7,
          "y": 382.014
        },
        "props": {
          "text": "2023-09-28 15:24:58.826"
        },
        "type": "ia.display.label"
      },
      {
        "meta": {
          "name": "Delay_6"
        },
        "position": {
          "height": 32,
          "width": 81,
          "x": 734.7,
          "y": 382.016
        },
        "props": {
          "text": "5:621",
          "textStyle": {
            "textAlign": "center"
          }
        },
        "type": "ia.display.label"
      },
      {
        "events": {
          "dom": {
            "onClick": {
              "config": {
                "script": "\tA\u003dself.props.selected\n\tif A\u003d\u003dTrue:\t\t\n\t\tdef convert_milliseconds_to_time(milliseconds):\n\t\t    # Calculate minutes, seconds, and milliseconds\n\t\t    minutes, milliseconds \u003d divmod(milliseconds, 60000)\n\t\t    seconds, milliseconds \u003d divmod(milliseconds, 1000)\n\t\t    return str(seconds)+\":\"+str(milliseconds)\n\t\t    \n\t\t# Define the template as a dictionary\n\t\ttemplate \u003d {\n\t\t    \"row\": {\n\t\t        \"id\": \"122\",\n\t\t        \"oprn\": \"0010\",\n\t\t        \"prod_order\": \"3000007586\",\n\t\t        \"material_code\": \"1100000001\",\n\t\t        \"material_description\": \"Aluminium Saw Ingot\",\n\t\t        \"material_selection\": \"IN\",\n\t\t        \"qty\": \"1.99\",\n\t\t        \"qty_uom\": \"KG\",\n\t\t        \"batch\": \"0002453889\",\n\t\t        \"valuation_type\": \"\",\n\t\t        \"storage_loc\": \"DA01\",\n\t\t        \"flag\": \"0\",\n\t\t        \"message_type\": \"test\",\n\t\t        \"remarks\": \"test\"\n\t\t    }\n\t\t}\n\t\t\n\t\t# Update the values of specific keys as needed\n\t\ttemplate[\"row\"][\"id\"] \u003d self.getSibling(\"UID\").props.value\n\t\ttemplate[\"row\"][\"qty\"] \u003d self.getSibling(\"qty\").props.value\n\t\t# encode dictionary to JSON\n\t\tjsonParams \u003d system.util.jsonEncode(template)\n\t\t#jsonParams\u003dtemplate\n\t#\tClear the data in component\n\t\tself.getSibling(\"StartTime_6\").props.text\u003d\u0027\u0027\n\t\tself.getSibling(\"EndTime_6\").props.text\u003d\u0027\u0027\n\t\tself.getSibling(\"Delay_6\").props.text\u003d\u0027\u0027\n\t\tself.getSibling(\"ResonseData_6\").props.text\u003d\u0027\u0027\n\t\t# post to Ignition\n\t\turl\u003d\u0027http://jalpodev.jindalaluminium.com:50000/RESTAdapter/CIMSMovementItem/\u0027\n\t\tUname\u003d\u0027PO_API\u0027\n\t\tPw\u003d\u0027Welcome@123\u0027\n\t\tST\u003dsystem.date.now()\n\t\tself.getSibling(\"StartTime_6\").props.text\u003dsystem.date.format(ST,\"yyyy-MM-dd HH:mm:ss.SSS\")\n\t\tpostReturn \u003dsystem.net.httpPost(url,\u0027application/json\u0027,postData \u003djsonParams,username\u003dUname,password\u003dPw,connectTimeout\u003d20000,readTimeout \u003d60000,bypassCertValidation\u003dTrue)\n\t\tself.getSibling(\"ResonseData_6\").props.text\u003d(postReturn)\n\t\tET\u003dsystem.date.now()\n\t\tself.getSibling(\"EndTime_6\").props.text\u003dsystem.date.format(ET,\"yyyy-MM-dd HH:mm:ss.SSS\")\n\t\t\n\t#\tget Difference time in miliseconds\n\t\tMS\u003dsystem.date.millisBetween(ST,ET)\n\t\tself.getSibling(\"Delay_6\").props.text\u003dconvert_milliseconds_to_time(MS)\n#\t\tmake toggle switch to 0\n\t\tself.props.selected\u003dFalse\n\telse:\n\t\tpass\t"
              },
              "enabled": false,
              "scope": "G",
              "type": "script"
            }
          }
        },
        "meta": {
          "name": "ToggleSwitch_6"
        },
        "position": {
          "height": 32,
          "width": 53.99999999999997,
          "x": 204.09,
          "y": 382.61
        },
        "propConfig": {
          "props.selected": {
            "onChange": {
              "enabled": null,
              "script": "\tif currentValue.value\u003d\u003dTrue:\t\t\n\t\tdef convert_milliseconds_to_time(milliseconds):\n\t\t    # Calculate minutes, seconds, and milliseconds\n\t\t    minutes, milliseconds \u003d divmod(milliseconds, 60000)\n\t\t    seconds, milliseconds \u003d divmod(milliseconds, 1000)\n\t\t    return str(seconds)+\":\"+str(milliseconds)\n\t\t    \n\t\t# Define the template as a dictionary\n\t\ttemplate \u003d {\n\t\t    \"row\": {\n\t\t        \"id\": \"122\",\n\t\t        \"oprn\": \"0010\",\n\t\t        \"prod_order\": \"3000007588\",\n\t\t        \"material_code\": \"1100000001\",\n\t\t        \"material_description\": \"Aluminium Saw Ingot\",\n\t\t        \"material_selection\": \"IN\",\n\t\t        \"qty\": \"1.99\",\n\t\t        \"qty_uom\": \"KG\",\n\t\t        \"batch\": \"0002453889\",\n\t\t        \"valuation_type\": \"\",\n\t\t        \"storage_loc\": \"DA01\",\n\t\t        \"flag\": \"0\",\n\t\t        \"message_type\": \"test\",\n\t\t        \"remarks\": \"test\"\n\t\t    }\n\t\t}\n\t\t\n\t\t# Update the values of specific keys as needed\n\t\ttemplate[\"row\"][\"id\"] \u003d self.getSibling(\"UID_6\").props.value\n\t\ttemplate[\"row\"][\"qty\"] \u003d self.getSibling(\"qty_6\").props.value\n\t\t# encode dictionary to JSON\n\t\tjsonParams \u003d system.util.jsonEncode(template)\n\t\t#jsonParams\u003dtemplate\n\t#\tClear the data in component\n\t\tself.getSibling(\"StartTime_6\").props.text\u003d\u0027\u0027\n\t\tself.getSibling(\"EndTime_6\").props.text\u003d\u0027\u0027\n\t\tself.getSibling(\"Delay_6\").props.text\u003d\u0027\u0027\n\t\tself.getSibling(\"ResonseData_6\").props.text\u003d\u0027\u0027\n\t\t# post to Ignition\n\t\turl\u003d\u0027http://jalpodev.jindalaluminium.com:50000/RESTAdapter/CIMSMovementItem/\u0027\n\t\tUname\u003d\u0027PO_API\u0027\n\t\tPw\u003d\u0027Welcome@123\u0027\n\t\tST\u003dsystem.date.now()\n\t\tself.getSibling(\"StartTime_6\").props.text\u003dsystem.date.format(ST,\"yyyy-MM-dd HH:mm:ss.SSS\")\n\t\tpostReturn \u003dsystem.net.httpPost(url,\u0027application/json\u0027,postData \u003djsonParams,username\u003dUname,password\u003dPw,connectTimeout\u003d20000,readTimeout \u003d60000,bypassCertValidation\u003dTrue)\n\t\tself.getSibling(\"ResonseData_6\").props.text\u003d(postReturn)\n\t\tET\u003dsystem.date.now()\n\t\tself.getSibling(\"EndTime_6\").props.text\u003dsystem.date.format(ET,\"yyyy-MM-dd HH:mm:ss.SSS\")\n\t\t\n\t#\tget Difference time in miliseconds\n\t\tMS\u003dsystem.date.millisBetween(ST,ET)\n\t\tself.getSibling(\"Delay_6\").props.text\u003dconvert_milliseconds_to_time(MS)\n#\t\tmake toggle switch to 0\n\t\tself.props.selected\u003dFalse\n\telse:\n\t\tpass\t"
            }
          }
        },
        "type": "ia.input.toggle-switch"
      },
      {
        "meta": {
          "name": "ResonseData_6"
        },
        "position": {
          "height": 31.999999999999993,
          "width": 811.0000000000001,
          "x": 848.9,
          "y": 379.94
        },
        "props": {
          "text": "{\"id\":167,\"message_type\":\"I\",\"remarks\":\"Confirmation of order 003000007588 saved\"}"
        },
        "type": "ia.display.label"
      },
      {
        "meta": {
          "name": "UID_6"
        },
        "position": {
          "height": 32,
          "width": 76,
          "x": 8.5,
          "y": 380.973
        },
        "props": {
          "align": "center",
          "format": "0,0",
          "value": 167
        },
        "type": "ia.input.numeric-entry-field"
      }
    ],
    "meta": {
      "name": "root"
    },
    "type": "ia.container.coord"
  }
}