{
  "custom": {},
  "events": {
    "system": {
      "onStartup": {
        "config": {
          "script": "\timport time\n\ttime.sleep(5)\n\tsystem.perspective.closePopup(\u0027Loading\u0027)"
        },
        "scope": "G",
        "type": "script"
      }
    }
  },
  "params": {},
  "props": {
    "defaultSize": {
      "height": 50,
      "width": 50
    }
  },
  "root": {
    "children": [
      {
        "meta": {
          "name": "Spinner-3"
        },
        "position": {
          "basis": "100px",
          "grow": 1
        },
        "props": {
          "fit": {
            "mode": "contain"
          },
          "source": "/system/images/Spinner-3.gif",
          "style": {
            "margin": ""
          },
          "tint": {
            "color": "transparent"
          }
        },
        "type": "ia.display.image"
      }
    ],
    "meta": {
      "name": "root"
    },
    "props": {
      "direction": "column",
      "style": {
        "backgroundColor": "#FF000000"
      }
    },
    "type": "ia.container.flex"
  }
}