{
  "custom": {},
  "params": {
    "PO": "003000002085                            "
  },
  "propConfig": {
    "params.PO": {
      "paramDirection": "input",
      "persistent": true
    }
  },
  "props": {},
  "root": {
    "children": [
      {
        "meta": {
          "name": "FlexContainer1"
        },
        "position": {
          "basis": "1px"
        },
        "type": "ia.container.flex"
      },
      {
        "children": [
          {
            "meta": {
              "name": "FlexContainer21"
            },
            "position": {
              "basis": "100px"
            },
            "props": {
              "style": {
                "marginLeft": 20
              }
            },
            "type": "ia.container.flex"
          },
          {
            "children": [
              {
                "meta": {
                  "name": "Label"
                },
                "position": {
                  "basis": "50px",
                  "grow": 1
                },
                "props": {
                  "text": "Log ID List",
                  "textStyle": {
                    "textAlign": "center"
                  }
                },
                "type": "ia.display.label"
              }
            ],
            "meta": {
              "name": "FlexContainer22"
            },
            "position": {
              "basis": "200px",
              "grow": 1
            },
            "type": "ia.container.flex"
          },
          {
            "meta": {
              "name": "FlexContainer23"
            },
            "position": {
              "basis": "100px"
            },
            "type": "ia.container.flex"
          }
        ],
        "meta": {
          "name": "FlexContainer2"
        },
        "position": {
          "basis": "50px"
        },
        "type": "ia.container.flex"
      },
      {
        "children": [
          {
            "meta": {
              "name": "Table"
            },
            "position": {
              "basis": "400px",
              "grow": 1
            },
            "propConfig": {
              "props.data": {
                "binding": {
                  "config": {
                    "expression": "{view.params.PO}"
                  },
                  "transforms": [
                    {
                      "code": "\tpo \u003d str(self.view.params.PO)\n\tgetQuery \u003d \u0027\u0027\u0027\n\t\tSELECT\n\t\t\t[LogID]\n\t\t\t,[PO]\n\t\t\t,[ALLOY]\n\t\t\t,[Actual_weight]\n\t\t\t,[Actual_length]\n\t\t\t,[Actual_dia]\n\t\t  FROM [CIMS].[dbo].[mes_Intermediate_logTable]\n\t\t  WHERE [PO] \u003d ?\n\t\t\u0027\u0027\u0027\t\n\tdataSet \u003d system.db.runPrepQuery(getQuery, [po], \u0027CIMS2\u0027)\n\treturn dataSet\n\t",
                      "type": "script"
                    }
                  ],
                  "type": "expr"
                }
              }
            },
            "props": {
              "bodyStyle": {
                "backgroundColor": "#E3E3E3",
                "margin": ""
              },
              "cells": {
                "allowEditOn": "single-click",
                "style": {
                  "classes": "Table/Table_Cell",
                  "fontFamily": "Arial",
                  "fontSize": 12,
                  "textAlign": "left"
                }
              },
              "columns": [
                {
                  "align": "center",
                  "boolean": "checkbox",
                  "dateFormat": "MM/DD/YYYY",
                  "editable": false,
                  "field": "LogID",
                  "filter": {
                    "boolean": {
                      "condition": ""
                    },
                    "date": {
                      "condition": "",
                      "value": ""
                    },
                    "enabled": false,
                    "number": {
                      "condition": "",
                      "value": ""
                    },
                    "string": {
                      "condition": "",
                      "value": ""
                    },
                    "visible": "on-hover"
                  },
                  "footer": {
                    "align": "center",
                    "justify": "left",
                    "style": {
                      "classes": ""
                    },
                    "title": ""
                  },
                  "header": {
                    "align": "center",
                    "justify": "center",
                    "style": {
                      "classes": ""
                    },
                    "title": "Log ID"
                  },
                  "justify": "center",
                  "number": "value",
                  "numberFormat": "0,0.##",
                  "progressBar": {
                    "bar": {
                      "color": "",
                      "style": {
                        "classes": ""
                      }
                    },
                    "max": 100,
                    "min": 0,
                    "track": {
                      "color": "",
                      "style": {
                        "classes": ""
                      }
                    },
                    "value": {
                      "enabled": true,
                      "format": "0,0.##",
                      "justify": "center",
                      "style": {
                        "classes": ""
                      }
                    }
                  },
                  "render": "auto",
                  "resizable": true,
                  "sort": "none",
                  "sortable": false,
                  "strictWidth": false,
                  "style": {
                    "classes": ""
                  },
                  "toggleSwitch": {
                    "color": {
                      "selected": "",
                      "unselected": ""
                    }
                  },
                  "viewParams": {},
                  "viewPath": "",
                  "visible": true,
                  "width": ""
                },
                {
                  "align": "center",
                  "boolean": "checkbox",
                  "dateFormat": "MM/DD/YYYY",
                  "editable": false,
                  "field": "PO",
                  "filter": {
                    "boolean": {
                      "condition": ""
                    },
                    "date": {
                      "condition": "",
                      "value": ""
                    },
                    "enabled": false,
                    "number": {
                      "condition": "",
                      "value": ""
                    },
                    "string": {
                      "condition": "",
                      "value": ""
                    },
                    "visible": "on-hover"
                  },
                  "footer": {
                    "align": "center",
                    "justify": "left",
                    "style": {
                      "classes": ""
                    },
                    "title": ""
                  },
                  "header": {
                    "align": "center",
                    "justify": "center",
                    "style": {
                      "classes": ""
                    },
                    "title": "PO"
                  },
                  "justify": "center",
                  "number": "value",
                  "numberFormat": "0,0.##",
                  "progressBar": {
                    "bar": {
                      "color": "",
                      "style": {
                        "classes": ""
                      }
                    },
                    "max": 100,
                    "min": 0,
                    "track": {
                      "color": "",
                      "style": {
                        "classes": ""
                      }
                    },
                    "value": {
                      "enabled": true,
                      "format": "0,0.##",
                      "justify": "center",
                      "style": {
                        "classes": ""
                      }
                    }
                  },
                  "render": "auto",
                  "resizable": true,
                  "sort": "none",
                  "sortable": false,
                  "strictWidth": false,
                  "style": {
                    "classes": ""
                  },
                  "toggleSwitch": {
                    "color": {
                      "selected": "",
                      "unselected": ""
                    }
                  },
                  "viewParams": {},
                  "viewPath": "",
                  "visible": true,
                  "width": ""
                },
                {
                  "align": "center",
                  "boolean": "checkbox",
                  "dateFormat": "MM/DD/YYYY",
                  "editable": false,
                  "field": "ALLOY",
                  "filter": {
                    "boolean": {
                      "condition": ""
                    },
                    "date": {
                      "condition": "",
                      "value": ""
                    },
                    "enabled": false,
                    "number": {
                      "condition": "",
                      "value": ""
                    },
                    "string": {
                      "condition": "",
                      "value": ""
                    },
                    "visible": "on-hover"
                  },
                  "footer": {
                    "align": "center",
                    "justify": "left",
                    "style": {
                      "classes": ""
                    },
                    "title": ""
                  },
                  "header": {
                    "align": "center",
                    "justify": "center",
                    "style": {
                      "classes": ""
                    },
                    "title": "Alloy"
                  },
                  "justify": "center",
                  "number": "value",
                  "numberFormat": "0,0.##",
                  "progressBar": {
                    "bar": {
                      "color": "",
                      "style": {
                        "classes": ""
                      }
                    },
                    "max": 100,
                    "min": 0,
                    "track": {
                      "color": "",
                      "style": {
                        "classes": ""
                      }
                    },
                    "value": {
                      "enabled": true,
                      "format": "0,0.##",
                      "justify": "center",
                      "style": {
                        "classes": ""
                      }
                    }
                  },
                  "render": "auto",
                  "resizable": true,
                  "sort": "none",
                  "sortable": false,
                  "strictWidth": false,
                  "style": {
                    "classes": ""
                  },
                  "toggleSwitch": {
                    "color": {
                      "selected": "",
                      "unselected": ""
                    }
                  },
                  "viewParams": {},
                  "viewPath": "",
                  "visible": true,
                  "width": ""
                },
                {
                  "align": "center",
                  "boolean": "checkbox",
                  "dateFormat": "MM/DD/YYYY",
                  "editable": false,
                  "field": "Actual_weight",
                  "filter": {
                    "boolean": {
                      "condition": ""
                    },
                    "date": {
                      "condition": "",
                      "value": ""
                    },
                    "enabled": false,
                    "number": {
                      "condition": "",
                      "value": ""
                    },
                    "string": {
                      "condition": "",
                      "value": ""
                    },
                    "visible": "on-hover"
                  },
                  "footer": {
                    "align": "center",
                    "justify": "left",
                    "style": {
                      "classes": ""
                    },
                    "title": ""
                  },
                  "header": {
                    "align": "center",
                    "justify": "center",
                    "style": {
                      "classes": ""
                    },
                    "title": "Actaul Weight"
                  },
                  "justify": "center",
                  "number": "value",
                  "numberFormat": "0,0.##",
                  "progressBar": {
                    "bar": {
                      "color": "",
                      "style": {
                        "classes": ""
                      }
                    },
                    "max": 100,
                    "min": 0,
                    "track": {
                      "color": "",
                      "style": {
                        "classes": ""
                      }
                    },
                    "value": {
                      "enabled": true,
                      "format": "0,0.##",
                      "justify": "center",
                      "style": {
                        "classes": ""
                      }
                    }
                  },
                  "render": "auto",
                  "resizable": true,
                  "sort": "none",
                  "sortable": false,
                  "strictWidth": false,
                  "style": {
                    "classes": ""
                  },
                  "toggleSwitch": {
                    "color": {
                      "selected": "",
                      "unselected": ""
                    }
                  },
                  "viewParams": {},
                  "viewPath": "",
                  "visible": true,
                  "width": ""
                },
                {
                  "align": "center",
                  "boolean": "checkbox",
                  "dateFormat": "MM/DD/YYYY",
                  "editable": false,
                  "field": "Actual_length",
                  "filter": {
                    "boolean": {
                      "condition": ""
                    },
                    "date": {
                      "condition": "",
                      "value": ""
                    },
                    "enabled": false,
                    "number": {
                      "condition": "",
                      "value": ""
                    },
                    "string": {
                      "condition": "",
                      "value": ""
                    },
                    "visible": "on-hover"
                  },
                  "footer": {
                    "align": "center",
                    "justify": "left",
                    "style": {
                      "classes": ""
                    },
                    "title": ""
                  },
                  "header": {
                    "align": "center",
                    "justify": "center",
                    "style": {
                      "classes": ""
                    },
                    "title": "Actual Length"
                  },
                  "justify": "center",
                  "number": "value",
                  "numberFormat": "0,0.##",
                  "progressBar": {
                    "bar": {
                      "color": "",
                      "style": {
                        "classes": ""
                      }
                    },
                    "max": 100,
                    "min": 0,
                    "track": {
                      "color": "",
                      "style": {
                        "classes": ""
                      }
                    },
                    "value": {
                      "enabled": true,
                      "format": "0,0.##",
                      "justify": "center",
                      "style": {
                        "classes": ""
                      }
                    }
                  },
                  "render": "auto",
                  "resizable": true,
                  "sort": "none",
                  "sortable": false,
                  "strictWidth": false,
                  "style": {
                    "classes": ""
                  },
                  "toggleSwitch": {
                    "color": {
                      "selected": "",
                      "unselected": ""
                    }
                  },
                  "viewParams": {},
                  "viewPath": "",
                  "visible": true,
                  "width": ""
                },
                {
                  "align": "center",
                  "boolean": "checkbox",
                  "dateFormat": "MM/DD/YYYY",
                  "editable": false,
                  "field": "Actual_dia",
                  "filter": {
                    "boolean": {
                      "condition": ""
                    },
                    "date": {
                      "condition": "",
                      "value": ""
                    },
                    "enabled": false,
                    "number": {
                      "condition": "",
                      "value": ""
                    },
                    "string": {
                      "condition": "",
                      "value": ""
                    },
                    "visible": "on-hover"
                  },
                  "footer": {
                    "align": "center",
                    "justify": "left",
                    "style": {
                      "classes": ""
                    },
                    "title": ""
                  },
                  "header": {
                    "align": "center",
                    "justify": "center",
                    "style": {
                      "classes": ""
                    },
                    "title": "Actual Dia"
                  },
                  "justify": "center",
                  "number": "value",
                  "numberFormat": "0,0.##",
                  "progressBar": {
                    "bar": {
                      "color": "",
                      "style": {
                        "classes": ""
                      }
                    },
                    "max": 100,
                    "min": 0,
                    "track": {
                      "color": "",
                      "style": {
                        "classes": ""
                      }
                    },
                    "value": {
                      "enabled": true,
                      "format": "0,0.##",
                      "justify": "center",
                      "style": {
                        "classes": ""
                      }
                    }
                  },
                  "render": "auto",
                  "resizable": true,
                  "sort": "none",
                  "sortable": false,
                  "strictWidth": false,
                  "style": {
                    "classes": ""
                  },
                  "toggleSwitch": {
                    "color": {
                      "selected": "",
                      "unselected": ""
                    }
                  },
                  "viewParams": {},
                  "viewPath": "",
                  "visible": true,
                  "width": ""
                }
              ],
              "emptyMessage": {
                "style": {
                  "backgroundColor": "#E3E3E3",
                  "borderStyle": "none"
                }
              },
              "headerStyle": {
                "classes": "Table/Table_Header"
              },
              "pager": {
                "bottom": false,
                "initialOption": 50
              },
              "resizeMode": "fixed",
              "rows": {
                "height": 44,
                "highlight": {
                  "color": "#FDF1D3",
                  "enabled": false
                },
                "striped": {
                  "color": {
                    "even": "#FFFFFF",
                    "odd": "#FFFFFF"
                  },
                  "style": {
                    "marginTop": 5
                  }
                },
                "style": {
                  "classes": "Table/Table_Row"
                }
              },
              "selection": {
                "mode": "multiple interval"
              },
              "style": {
                "classes": "Table/Table_style"
              }
            },
            "type": "ia.display.table"
          }
        ],
        "meta": {
          "name": "FlexContainer3"
        },
        "position": {
          "basis": "200px",
          "grow": 1
        },
        "type": "ia.container.flex"
      },
      {
        "meta": {
          "name": "FlexContainer4"
        },
        "position": {
          "basis": "1px"
        },
        "type": "ia.container.flex"
      }
    ],
    "events": {
      "system": {
        "onStartup": {
          "config": {
            "script": "\tpo \u003d str(self.view.params.PO)\n\tgetQuery \u003d \u0027\u0027\u0027SELECT\n\t\t\t1 as [Select] \n\t\t\t,[LogID]\n\t\t\t,[PO]\n\t\t\t,[ALLOY]\n\t\t\t,[Actual_weight]\n\t\t\t,[Actual_length]\n\t\t\t,[Actual_dia]\n\t\t\t,1 as [Print]\n\t\t  FROM [CIMS].[dbo].[mes_Intermediate_logTable]\n\t\t  WHERE [PO] \u003d ?\u0027\u0027\u0027\n\tdataSet \u003d system.db.runPrepQuery(getQuery, [po], \u0027CIMS2\u0027)\n\tself.getChild(\"FlexContainer3\").getChild(\"Table\").props.data \u003d dataSet\n\t\n\tself.getChild(\"FlexContainer3\").getChild(\"Table\").custom.rowCount \u003d dataSet.getRowCount()\n\tself.view.custom.totalLength \u003d 0\n\tpyData1 \u003d system.dataset.toPyDataSet(dataSet)\n\tlen_list \u003d map(lambda row: (row[\u0027Actual_length\u0027]), pyData1)\n\tlen_Dia\u003dmap(lambda row: (row[\u0027Actual_dia\u0027]), pyData1)\n\tself.view.custom.Max_Length\u003dfloat(max(len_list))\n\tself.view.custom.Dia\u003dfloat(max(len_Dia))\n\tlen \u003d 0\n\tfor i in range(dataSet.getRowCount()):\n\t\tlen \u003d len + dataSet[i][\u0027Actual_length\u0027]\t\n\tself.view.custom.totalLength \u003d len\n\t"
          },
          "enabled": false,
          "scope": "G",
          "type": "script"
        }
      }
    },
    "meta": {
      "name": "root"
    },
    "props": {
      "direction": "column"
    },
    "type": "ia.container.flex"
  }
}