{
  "custom": {},
  "params": {
    "val": "Test"
  },
  "propConfig": {
    "params.val": {
      "paramDirection": "output",
      "persistent": true
    }
  },
  "props": {
    "defaultSize": {
      "height": 466
    }
  },
  "root": {
    "children": [
      {
        "meta": {
          "name": "TextField"
        },
        "position": {
          "basis": "83px"
        },
        "propConfig": {
          "props.text": {
            "binding": {
              "config": {
                "bidirectional": true,
                "path": "view.params.val"
              },
              "type": "property"
            }
          }
        },
        "type": "ia.input.text-field"
      },
      {
        "meta": {
          "name": "Label"
        },
        "position": {
          "basis": "64px"
        },
        "props": {
          "text": "Test"
        },
        "type": "ia.display.label"
      },
      {
        "meta": {
          "name": "Label_0"
        },
        "position": {
          "basis": "64px"
        },
        "props": {
          "text": "Test"
        },
        "type": "ia.display.label"
      },
      {
        "meta": {
          "name": "DateTimeInput"
        },
        "position": {
          "basis": "32px"
        },
        "propConfig": {
          "props.value": {
            "binding": {
              "config": {
                "expression": "now(10000)"
              },
              "transforms": [
                {
                  "code": "\tdef DT(date,time):\n\t\tyear\u003dsystem.date.getYear(date)\n\t\tmonth\u003dsystem.date.getMonth(date)\n\t\tday\u003dsystem.date.getDayOfMonth(date)\t\t\n\t\thour\u003dsystem.date.getHour24(time)\n\t\tminute\u003dsystem.date.getMinute(time)\n\t\tDDATE\u003dsystem.date.getDate(year, month, day)\n\t\tMDATE\u003dsystem.date.setTime(DDATE, hour, minute, 0)\n\t\treturn \tMDATE\n\tdate\u003dself.parent.custom.Data[1]\n\ttime\u003dself.parent.custom.Data[2]\n\t\t\n\treturn DT(date,time)",
                  "type": "script"
                }
              ],
              "type": "expr"
            }
          }
        },
        "props": {
          "formattedValue": "Jul 21, 2023 4:00 AM",
          "placeholder": "Select date and Time"
        },
        "type": "ia.input.date-time-input"
      },
      {
        "meta": {
          "name": "DateTimeInput_0"
        },
        "position": {
          "basis": "32px"
        },
        "propConfig": {
          "props.value": {
            "binding": {
              "config": {
                "expression": "now(10000)"
              },
              "transforms": [
                {
                  "code": "\n\tdef DT(date,time):\n\t\tyear\u003dsystem.date.getYear(date)\n\t\tmonth\u003dsystem.date.getMonth(date)\n\t\tday\u003dsystem.date.getDayOfMonth(date)\t\t\n\t\thour\u003dsystem.date.getHour24(time)\n\t\tminute\u003dsystem.date.getMinute(time)\n\t\tDDATE\u003dsystem.date.getDate(year, month, day)\n\t\tMDATE\u003dsystem.date.setTime(DDATE, hour, minute, 0)\n\t\treturn \tMDATE\n\tdate\u003dself.parent.custom.Data[1]\n\ttime\u003dself.parent.custom.Data[2]\n\n\treturn DT(date,time)\n\t",
                  "type": "script"
                }
              ],
              "type": "expr"
            }
          }
        },
        "props": {
          "formattedValue": "Jul 21, 2023 4:00 AM",
          "placeholder": "Select date and Time"
        },
        "type": "ia.input.date-time-input"
      },
      {
        "meta": {
          "name": "BreakpointContainer"
        },
        "position": {
          "basis": "200px"
        },
        "type": "ia.container.breakpt"
      }
    ],
    "meta": {
      "name": "root"
    },
    "propConfig": {
      "custom.Data": {
        "binding": {
          "config": {
            "expression": "now(6000)"
          },
          "transforms": [
            {
              "code": "\tquery \u003d \u0027\u0027\u0027\n\t\t\tSELECT [PO],[Start_Date]\n\t\t\t      ,[Start_time]\n\t\t\tFROM [CIMS].[dbo].[mes_melting]      \n\t\t\t\u0027\u0027\u0027\n\tdata\u003dsystem.db.runPrepQuery(query, [], \u0027CIMS2\u0027)\t\t\n\tD\u003d[]\n\tfor i in range(3):\n\t\tD.append(data[0][i])\t\n\t\t\n\treturn D\t",
              "type": "script"
            }
          ],
          "type": "expr"
        }
      }
    },
    "props": {
      "direction": "column"
    },
    "type": "ia.container.flex"
  }
}