{
  "custom": {},
  "params": {},
  "props": {
    "defaultSize": {
      "height": 228,
      "width": 515
    }
  },
  "root": {
    "children": [
      {
        "children": [
          {
            "meta": {
              "name": "Label"
            },
            "position": {
              "basis": "165px",
              "grow": 1
            },
            "props": {
              "text": "Enter Log ID - ",
              "textStyle": {
                "fontFamily": "Roboto",
                "fontSize": 14,
                "fontWeight": "bold",
                "textAlign": "center"
              }
            },
            "type": "ia.display.label"
          },
          {
            "meta": {
              "name": "TextField"
            },
            "position": {
              "basis": "256px",
              "grow": 1
            },
            "props": {
              "placeholder": "Enter Log ID...",
              "style": {
                "fontFamily": "Roboto",
                "fontSize": 14,
                "fontWeight": "normal",
                "marginLeft": 20,
                "marginRight": 20,
                "textAlign": "center"
              }
            },
            "type": "ia.input.text-field"
          }
        ],
        "meta": {
          "name": "LOGID"
        },
        "position": {
          "basis": "40px",
          "shrink": 0
        },
        "type": "ia.container.flex"
      },
      {
        "children": [
          {
            "meta": {
              "name": "Label"
            },
            "position": {
              "basis": "165px",
              "grow": 1
            },
            "props": {
              "text": "Select Line - ",
              "textStyle": {
                "fontFamily": "Roboto",
                "fontSize": 14,
                "fontWeight": "bold",
                "textAlign": "center"
              }
            },
            "type": "ia.display.label"
          },
          {
            "meta": {
              "name": "Dropdown"
            },
            "position": {
              "basis": "256px",
              "grow": 1
            },
            "props": {
              "options": [
                {
                  "label": "Line 1",
                  "value": "[B_IMS]End_Cutting/Line1/Ref/QR1"
                },
                {
                  "label": "Line 2",
                  "value": "[B_IMS]End_Cutting/Line2/Ref/QR1"
                },
                {
                  "label": "Line 3",
                  "value": "[B_IMS]End_Cutting/Line3/Ref/QR1"
                }
              ],
              "placeholder": {
                "text": "Select Line.."
              },
              "style": {
                "fontFamily": "Roboto",
                "fontSize": 14,
                "fontWeight": "normal",
                "marginLeft": 20,
                "marginRight": 20,
                "textAlign": "center"
              },
              "textAlign": "center"
            },
            "type": "ia.input.dropdown"
          }
        ],
        "meta": {
          "name": "LineSele"
        },
        "position": {
          "basis": "40px",
          "shrink": 0
        },
        "props": {
          "justify": "space-around"
        },
        "type": "ia.container.flex"
      },
      {
        "events": {
          "dom": {
            "onClick": {
              "config": {
                "script": "\timport time\n\tA\u003dstr(self.parent.getChild(\"LineSele\").getChild(\"Dropdown\").props.value)\n\tvalue\u003dself.parent.getChild(\"LOGID\").getChild(\"TextField\").props.text\n#\tWrite text field value to tag\n\tsystem.tag.writeAsync(A, value)\n\t\n#   Clear entryvalues in components\n\tself.parent.getChild(\"LineSele\").getChild(\"Dropdown\").props.value\u003d\u0027\u0027\n\tself.parent.getChild(\"LOGID\").getChild(\"TextField\").props.text\u003d\u0027\u0027\t\n#\tClose popup\n\tsystem.perspective.closePopup(\u0027Ji23h9bp\u0027)\n\t\n\ttime.sleep(1)\n#\tSend Message to refresh Table Data\n\tPayload\u003d{\u0027Data\u0027:str(self.parent.getChild(\"LOGID\").getChild(\"TextField\").props.text)}\n\tsystem.perspective.sendMessage(\"E_AddDataManually\", payload \u003d Payload, scope \u003d \"page\")"
              },
              "scope": "G",
              "type": "script"
            }
          }
        },
        "meta": {
          "name": "Button"
        },
        "position": {
          "basis": "37px",
          "shrink": 0
        },
        "props": {
          "style": {
            "marginBottom": 20,
            "marginLeft": 20,
            "marginRight": 20
          },
          "text": "ADD"
        },
        "type": "ia.input.button"
      }
    ],
    "meta": {
      "name": "root"
    },
    "props": {
      "direction": "column",
      "justify": "space-around"
    },
    "type": "ia.container.flex"
  }
}