{
  "custom": {
    "machine": null
  },
  "params": {
    "listOfOptions": [
      {
        "label": "",
        "value": ""
      }
    ],
    "rowData": {},
    "value": ""
  },
  "propConfig": {
    "custom.machine": {
      "binding": {
        "config": {
          "path": "view.params.rowData"
        },
        "transforms": [
          {
            "code": "\treturn value[\"Machine\"]",
            "type": "script"
          }
        ],
        "type": "property"
      },
      "persistent": true
    },
    "params.listOfOptions": {
      "paramDirection": "input",
      "persistent": true
    },
    "params.rowData": {
      "paramDirection": "input",
      "persistent": true
    },
    "params.value": {
      "paramDirection": "output",
      "persistent": true
    }
  },
  "props": {
    "defaultSize": {
      "height": 76,
      "width": 200
    }
  },
  "root": {
    "children": [
      {
        "meta": {
          "name": "Label"
        },
        "position": {
          "basis": "32px",
          "grow": 1
        },
        "propConfig": {
          "position.display": {
            "binding": {
              "config": {
                "path": "this.props.text"
              },
              "transforms": [
                {
                  "code": "\t\n\tA\u003dstr(value)\n\t\n#\tif (len(A)):\n#\t\tvalue\u003dbool(1)\n#\t\tself.getSibling(\"Dropdown\").position.display \u003d bool(0)\n#\telse:\n#\t\tvalue\u003dbool(0)\n#\t\tself.getSibling(\"Dropdown\").position.display \u003d bool(1)\n\n\tif (len(A) \u003d\u003d 0 or A \u003d\u003d \u0027None\u0027 or A \u003d\u003d \u0027null\u0027 or A \u003d\u003d \u0027\u0027):\n\t\tvalue\u003dbool(0)\n\t\tself.getSibling(\"Dropdown\").position.display \u003d bool(1)\n\telse:\n\t\tvalue\u003dbool(1)\n\t\tself.getSibling(\"Dropdown\").position.display \u003d bool(0)\n\n\treturn value\t\n",
                  "type": "script"
                }
              ],
              "type": "property"
            }
          },
          "props.text": {
            "binding": {
              "config": {
                "path": "view.custom.machine"
              },
              "type": "property"
            }
          }
        },
        "props": {
          "textStyle": {
            "textAlign": "center"
          }
        },
        "type": "ia.display.label"
      },
      {
        "events": {
          "component": {
            "onActionPerformed": {
              "config": {
                "script": "\tMessageType \u003d \"MachineSelection\"\n\tPayload \u003d {\"selectedMachine\": self.props.value}\n\tsystem.perspective.sendMessage(messageType\u003dMessageType,payload\u003dPayload,scope\u003d\"page\")\n"
              },
              "scope": "G",
              "type": "script"
            }
          },
          "dom": {
            "onSelect": {
              "config": {
                "script": "#\t# DISABLED\n#\tMessageType \u003d \"MachineSelection\"\n#\tPayload\u003d {\"selectedMachine\": \u0027TEST\u0027}\n#\tsystem.perspective.sendMessage(messageType\u003dMessageType,payload\u003dPayload,scope\u003d\"page\")\n\t"
              },
              "enabled": false,
              "scope": "G",
              "type": "script"
            }
          }
        },
        "meta": {
          "name": "Dropdown"
        },
        "position": {
          "basis": "36px",
          "grow": 1
        },
        "propConfig": {
          "props.options": {
            "binding": {
              "config": {
                "path": "view.params.listOfOptions"
              },
              "type": "property"
            }
          }
        },
        "type": "ia.input.dropdown"
      }
    ],
    "meta": {
      "name": "root"
    },
    "props": {
      "direction": "column"
    },
    "type": "ia.container.flex"
  }
}