{
  "custom": {
    "Count": 0
  },
  "params": {
    "OP": "",
    "OPRN": 20,
    "PONO": "",
    "height": 345
  },
  "propConfig": {
    "custom.Count": {
      "persistent": true
    },
    "params.OP": {
      "paramDirection": "input",
      "persistent": true
    },
    "params.PONO": {
      "paramDirection": "input",
      "persistent": true
    },
    "props.defaultSize.height": {
      "binding": {
        "config": {
          "expression": "{/root/ADD.custom.Material_Code}+{/root/ADD.custom.Material_Selec}+{/root/ADD.custom.len}"
        },
        "enabled": false,
        "overlayOptOut": true,
        "transforms": [
          {
            "code": "\tvalue\u003dself.params.EDIT\n\tif value\u003d\u003dFalse:\n\t\tHeader\u003dself.getChild(\"root\").getChild(\"Table\").custom.Header\n\t\tif Header\u003d\u003dTrue:\n\t\t\tL\u003dself.getChild(\"root\").getChild(\"Table\").custom.len\n\t\t\tLength\u003dL*30\n\t\t\tLength\u003dLength+30\n\t\t\treturn Length\n\t\telse:\t\n\t\t\tL\u003dself.getChild(\"root\").getChild(\"Table\").custom.len\n\t\t\tif L\u003d\u003d1:\n\t\t\t\treturn 40\n\t\t\telse:\t\n\t\t\t\treturn L*31\n\telse:\n\t\tHeader\u003dself.getChild(\"root\").getChild(\"ADD\").custom.Header\n\t\tL\u003dself.getChild(\"root\").getChild(\"ADD\").custom.len\n\t\tif L\u003e\u003d500:\n\t\t\treturn 1000\n\t\telse:\t\n\t\t\tif Header\u003d\u003dTrue:\n\t\t\t\tL\u003dself.getChild(\"root\").getChild(\"ADD\").custom.len\n\t\t\t\tLength\u003dL*31\n\t\t\t\tLength\u003dLength+31\n\t\t\t\treturn Length\n\t\t\telse:\t\n\t\t\t\tL\u003dself.getChild(\"root\").getChild(\"ADD\").custom.len\n\t\t\t\treturn L*31",
            "type": "script"
          }
        ],
        "type": "expr"
      },
      "onChange": {
        "enabled": null,
        "script": "\tself.params.height\u003dcurrentValue.value"
      }
    }
  },
  "props": {
    "defaultSize": {
      "height": 345,
      "width": 1092
    },
    "loading": {
      "mode": "blocking"
    }
  },
  "root": {
    "children": [
      {
        "children": [
          {
            "custom": {
              "UID": []
            },
            "events": {
              "component": {
                "onEditCellCommit": {
                  "config": {
                    "script": "\t# Get the value that was typed into the cell\n\tvalueToSet \u003d event.value\n\t\n\t# If the data property contains a dataset, then you would want to use the following line instead\n\tself.props.data \u003d system.dataset.setValue(self.props.data, event.row, event.column, valueToSet)\n\t\n\tUID\u003dself.custom.UID\n\t\n\t\n\tB\u003dself.props.selection.data[0].uid\n\t\n\tif event.value\u003d\u003d1:\n\t\tUID.append(B)\n\t\t\n\t\t# Apply the changes into Component Custom properties\n\t\tself.custom.UID\u003dUID\n\telif event.value\u003d\u003d0:\n\t\tif B in UID:\n\t\t    # Find the index of the value\n\t\t    index \u003d UID.index(B)\n\t\t    UID.pop(index)\n\t# Apply the changes into Component Custom properties\n\t\t    self.custom.UID\u003dUID\n\t\telse:\n\t\t\tpass  \n\t\n\t"
                  },
                  "scope": "G",
                  "type": "script"
                }
              },
              "system": {
                "onStartup": {
                  "config": {
                    "script": "\tARRAY\u003d[]\n\tself.custom.UID\u003dARRAY\n\t\n\t"
                  },
                  "scope": "G",
                  "type": "script"
                }
              }
            },
            "meta": {
              "name": "Table"
            },
            "position": {
              "basis": "450px",
              "grow": 1,
              "shrink": 0
            },
            "propConfig": {
              "position.display": {
                "binding": {
                  "config": {
                    "path": "../FlexContainer/Material_selection/Dropdown.props.value"
                  },
                  "enabled": false,
                  "overlayOptOut": true,
                  "previewEnabled": false,
                  "transforms": [
                    {
                      "code": "\tA\u003dstr(value)\n\tif A\u003d\u003d\"OUT\":\n\t\treturn False\n\telse:\n\t\treturn True",
                      "type": "script"
                    }
                  ],
                  "type": "property"
                }
              },
              "props.data": {
                "binding": {
                  "config": {
                    "path": "view.params.PONO"
                  },
                  "overlayOptOut": true,
                  "transforms": [
                    {
                      "code": "\timport time\n#\ttime.sleep(2)\n\tdef MString(DATA):\n\t\tDATA\u003dstr(DATA)\n\t\tDATA\u003dDATA.replace(\u0027 \u0027,\u0027\u0027)\n\t\treturn str(DATA)\n\tPONO\u003dself.view.params.PONO\n\tOPRN\u003dself.view.params.OP\n#\tOPRN\u003d(self.view.params.OPRN)\n\t\n\ttry:\n\t\tquery\u003d\u0027\u0027\u0027\t\t\t \n  \t\t\t\tSELECT \n  \t\t\t\t      [uid],\n  \t\t\t\t      [oprn]\n  \t\t\t\t      ,trim([prod_order]) as prod_order\n  \t\t\t\t      ,trim([material_code]) as material_code\n  \t\t\t\t      ,trim([material_description]) as material_description\n  \t\t\t\t      ,trim([material_selection]) as cims_material_selection\n  \t\t\t\t      ,trim([batch]) as batch\n  \t\t\t\t      ,[qty]\n  \t\t\t\t      ,trim([qty_uom]) as qty_uom\n  \t\t\t\t      , 0 as selection\n  \t\t\t\t  FROM [CIMS].[dbo].[mes_MF\u0026HF_operation]\n  \t\t\t\t  where prod_order\u003d? and oprn\u003d?\n  \t\t\t\t  order by [date_time] desc\n\t\t\t      \n\t\t\u0027\u0027\u0027\n\t\targs\u003d[PONO,int(OPRN)]\n\t\tDATASET\u003dsystem.db.runPrepQuery(query, args, \u0027CIMS2\u0027)\n\t\treturn DATASET\n\texcept:\n\t\treturn 0\t",
                      "type": "script"
                    }
                  ],
                  "type": "property"
                }
              }
            },
            "props": {
              "bodyStyle": {
                "backgroundColor": "#F1FBFD",
                "marginTop": 4
              },
              "cells": {
                "allowEditOn": "single-click"
              },
              "columns": [
                {
                  "align": "center",
                  "boolean": "checkbox",
                  "dateFormat": "MM/DD/YYYY",
                  "editable": false,
                  "field": "uid",
                  "filter": {
                    "boolean": {
                      "condition": ""
                    },
                    "date": {
                      "condition": "",
                      "value": ""
                    },
                    "enabled": true,
                    "number": {
                      "condition": "",
                      "value": ""
                    },
                    "string": {
                      "condition": "",
                      "value": ""
                    },
                    "visible": "on-hover"
                  },
                  "footer": {
                    "align": "center",
                    "justify": "left",
                    "style": {
                      "classes": ""
                    },
                    "title": ""
                  },
                  "header": {
                    "align": "center",
                    "justify": "center",
                    "style": {
                      "classes": ""
                    },
                    "title": "UID"
                  },
                  "justify": "center",
                  "number": "value",
                  "numberFormat": "0,0.##",
                  "progressBar": {
                    "bar": {
                      "color": "",
                      "style": {
                        "classes": ""
                      }
                    },
                    "max": 100,
                    "min": 0,
                    "track": {
                      "color": "",
                      "style": {
                        "classes": ""
                      }
                    },
                    "value": {
                      "enabled": true,
                      "format": "0,0.##",
                      "justify": "center",
                      "style": {
                        "classes": ""
                      }
                    }
                  },
                  "render": "string",
                  "resizable": false,
                  "sort": "none",
                  "sortable": true,
                  "strictWidth": false,
                  "style": {
                    "classes": "test1"
                  },
                  "toggleSwitch": {
                    "color": {
                      "selected": "",
                      "unselected": ""
                    }
                  },
                  "viewParams": {},
                  "viewPath": "",
                  "visible": false,
                  "width": 100
                },
                {
                  "align": "center",
                  "boolean": "checkbox",
                  "dateFormat": "MM/DD/YYYY",
                  "editable": false,
                  "field": "prod_order",
                  "filter": {
                    "boolean": {
                      "condition": ""
                    },
                    "date": {
                      "condition": "",
                      "value": ""
                    },
                    "enabled": false,
                    "number": {
                      "condition": "",
                      "value": ""
                    },
                    "string": {
                      "condition": "",
                      "value": ""
                    },
                    "visible": "on-hover"
                  },
                  "footer": {
                    "align": "center",
                    "justify": "left",
                    "style": {
                      "classes": ""
                    },
                    "title": ""
                  },
                  "header": {
                    "align": "center",
                    "justify": "center",
                    "style": {
                      "classes": ""
                    },
                    "title": "PO NO"
                  },
                  "justify": "center",
                  "number": "value",
                  "numberFormat": "0,0.##",
                  "progressBar": {
                    "bar": {
                      "color": "",
                      "style": {
                        "classes": ""
                      }
                    },
                    "max": 100,
                    "min": 0,
                    "track": {
                      "color": "",
                      "style": {
                        "classes": ""
                      }
                    },
                    "value": {
                      "enabled": true,
                      "format": "0,0.##",
                      "justify": "center",
                      "style": {
                        "classes": ""
                      }
                    }
                  },
                  "render": "string",
                  "resizable": false,
                  "sort": "none",
                  "sortable": false,
                  "strictWidth": false,
                  "style": {
                    "classes": ""
                  },
                  "toggleSwitch": {
                    "color": {
                      "selected": "",
                      "unselected": ""
                    }
                  },
                  "viewParams": {},
                  "viewPath": "",
                  "visible": true,
                  "width": 35
                },
                {
                  "align": "center",
                  "boolean": "checkbox",
                  "dateFormat": "MM/DD/YYYY",
                  "editable": false,
                  "field": "material_code",
                  "filter": {
                    "boolean": {
                      "condition": ""
                    },
                    "date": {
                      "condition": "",
                      "value": ""
                    },
                    "enabled": true,
                    "number": {
                      "condition": "",
                      "value": ""
                    },
                    "string": {
                      "condition": "",
                      "value": ""
                    },
                    "visible": "on-hover"
                  },
                  "footer": {
                    "align": "center",
                    "justify": "left",
                    "style": {
                      "classes": ""
                    },
                    "title": ""
                  },
                  "header": {
                    "align": "center",
                    "justify": "center",
                    "style": {
                      "classes": ""
                    },
                    "title": "Material Code"
                  },
                  "justify": "center",
                  "number": "value",
                  "numberFormat": "0,0.000",
                  "progressBar": {
                    "bar": {
                      "color": "",
                      "style": {
                        "classes": ""
                      }
                    },
                    "max": 100,
                    "min": 0,
                    "track": {
                      "color": "",
                      "style": {
                        "classes": ""
                      }
                    },
                    "value": {
                      "enabled": true,
                      "format": "0,0.##",
                      "justify": "center",
                      "style": {
                        "classes": ""
                      }
                    }
                  },
                  "render": "number",
                  "resizable": false,
                  "sort": "none",
                  "sortable": false,
                  "strictWidth": false,
                  "style": {
                    "classes": "test1"
                  },
                  "toggleSwitch": {
                    "color": {
                      "selected": "",
                      "unselected": ""
                    }
                  },
                  "viewParams": {},
                  "viewPath": "",
                  "visible": true,
                  "width": 60
                },
                {
                  "align": "center",
                  "boolean": "checkbox",
                  "dateFormat": "MM/DD/YYYY",
                  "editable": false,
                  "field": "material_description",
                  "filter": {
                    "boolean": {
                      "condition": ""
                    },
                    "date": {
                      "condition": "",
                      "value": ""
                    },
                    "enabled": false,
                    "number": {
                      "condition": "",
                      "value": ""
                    },
                    "string": {
                      "condition": "",
                      "value": ""
                    },
                    "visible": "on-hover"
                  },
                  "footer": {
                    "align": "center",
                    "justify": "left",
                    "style": {
                      "classes": ""
                    },
                    "title": ""
                  },
                  "header": {
                    "align": "center",
                    "justify": "center",
                    "style": {
                      "classes": ""
                    },
                    "title": "Material Description"
                  },
                  "justify": "center",
                  "number": "value",
                  "numberFormat": "0,0.##",
                  "progressBar": {
                    "bar": {
                      "color": "",
                      "style": {
                        "classes": ""
                      }
                    },
                    "max": 100,
                    "min": 0,
                    "track": {
                      "color": "",
                      "style": {
                        "classes": ""
                      }
                    },
                    "value": {
                      "enabled": true,
                      "format": "0,0.##",
                      "justify": "center",
                      "style": {
                        "classes": ""
                      }
                    }
                  },
                  "render": "string",
                  "resizable": false,
                  "sort": "none",
                  "sortable": false,
                  "strictWidth": false,
                  "style": {
                    "classes": ""
                  },
                  "toggleSwitch": {
                    "color": {
                      "selected": "",
                      "unselected": ""
                    }
                  },
                  "viewParams": {},
                  "viewPath": "",
                  "visible": true,
                  "width": 40
                },
                {
                  "align": "center",
                  "boolean": "checkbox",
                  "dateFormat": "MM/DD/YYYY",
                  "editable": false,
                  "field": "cims_material_selection",
                  "filter": {
                    "boolean": {
                      "condition": ""
                    },
                    "date": {
                      "condition": "",
                      "value": ""
                    },
                    "enabled": false,
                    "number": {
                      "condition": "",
                      "value": ""
                    },
                    "string": {
                      "condition": "",
                      "value": ""
                    },
                    "visible": "on-hover"
                  },
                  "footer": {
                    "align": "center",
                    "justify": "left",
                    "style": {
                      "classes": ""
                    },
                    "title": ""
                  },
                  "header": {
                    "align": "center",
                    "justify": "center",
                    "style": {
                      "classes": ""
                    },
                    "title": "Material Selection "
                  },
                  "justify": "center",
                  "number": "value",
                  "numberFormat": "0,0.##",
                  "progressBar": {
                    "bar": {
                      "color": "",
                      "style": {
                        "classes": ""
                      }
                    },
                    "max": 100,
                    "min": 0,
                    "track": {
                      "color": "",
                      "style": {
                        "classes": ""
                      }
                    },
                    "value": {
                      "enabled": true,
                      "format": "0,0.##",
                      "justify": "center",
                      "style": {
                        "classes": ""
                      }
                    }
                  },
                  "render": "auto",
                  "resizable": false,
                  "sort": "none",
                  "sortable": false,
                  "strictWidth": false,
                  "style": {
                    "classes": ""
                  },
                  "toggleSwitch": {
                    "color": {
                      "selected": "",
                      "unselected": ""
                    }
                  },
                  "viewParams": {},
                  "viewPath": "",
                  "visible": true,
                  "width": 70
                },
                {
                  "align": "center",
                  "boolean": "checkbox",
                  "dateFormat": "MM/DD/YYYY",
                  "editable": false,
                  "field": "batch",
                  "filter": {
                    "boolean": {
                      "condition": ""
                    },
                    "date": {
                      "condition": "",
                      "value": ""
                    },
                    "enabled": false,
                    "number": {
                      "condition": "",
                      "value": ""
                    },
                    "string": {
                      "condition": "",
                      "value": ""
                    },
                    "visible": "on-hover"
                  },
                  "footer": {
                    "align": "center",
                    "justify": "left",
                    "style": {
                      "classes": ""
                    },
                    "title": ""
                  },
                  "header": {
                    "align": "center",
                    "justify": "center",
                    "style": {
                      "classes": ""
                    },
                    "title": "Batch"
                  },
                  "justify": "center",
                  "number": "value",
                  "numberFormat": "0,0.##",
                  "progressBar": {
                    "bar": {
                      "color": "",
                      "style": {
                        "classes": ""
                      }
                    },
                    "max": 100,
                    "min": 0,
                    "track": {
                      "color": "",
                      "style": {
                        "classes": ""
                      }
                    },
                    "value": {
                      "enabled": true,
                      "format": "0,0.##",
                      "justify": "center",
                      "style": {
                        "classes": ""
                      }
                    }
                  },
                  "render": "auto",
                  "resizable": false,
                  "sort": "none",
                  "sortable": false,
                  "strictWidth": true,
                  "style": {
                    "classes": ""
                  },
                  "toggleSwitch": {
                    "color": {
                      "selected": "",
                      "unselected": ""
                    }
                  },
                  "viewParams": {},
                  "viewPath": "",
                  "visible": true,
                  "width": 60
                },
                {
                  "align": "center",
                  "boolean": "checkbox",
                  "dateFormat": "MM/DD/YYYY",
                  "editable": false,
                  "field": "qty",
                  "filter": {
                    "boolean": {
                      "condition": ""
                    },
                    "date": {
                      "condition": "",
                      "value": ""
                    },
                    "enabled": false,
                    "number": {
                      "condition": "",
                      "value": ""
                    },
                    "string": {
                      "condition": "",
                      "value": ""
                    },
                    "visible": "on-hover"
                  },
                  "footer": {
                    "align": "center",
                    "justify": "left",
                    "style": {
                      "classes": ""
                    },
                    "title": ""
                  },
                  "header": {
                    "align": "center",
                    "justify": "center",
                    "style": {
                      "classes": ""
                    },
                    "title": "Qty(kg)"
                  },
                  "justify": "center",
                  "number": "value",
                  "numberFormat": "0,0.###",
                  "progressBar": {
                    "bar": {
                      "color": "",
                      "style": {
                        "classes": ""
                      }
                    },
                    "max": 100,
                    "min": 0,
                    "track": {
                      "color": "",
                      "style": {
                        "classes": ""
                      }
                    },
                    "value": {
                      "enabled": true,
                      "format": "0,0.##",
                      "justify": "center",
                      "style": {
                        "classes": ""
                      }
                    }
                  },
                  "render": "number",
                  "resizable": false,
                  "sort": "none",
                  "sortable": false,
                  "strictWidth": false,
                  "style": {
                    "classes": ""
                  },
                  "toggleSwitch": {
                    "color": {
                      "selected": "",
                      "unselected": ""
                    }
                  },
                  "viewParams": {},
                  "viewPath": "",
                  "visible": true,
                  "width": 20
                },
                {
                  "align": "center",
                  "boolean": "checkbox",
                  "dateFormat": "MM/DD/YYYY",
                  "editable": false,
                  "field": "qty_uom",
                  "filter": {
                    "boolean": {
                      "condition": ""
                    },
                    "date": {
                      "condition": "",
                      "value": ""
                    },
                    "enabled": false,
                    "number": {
                      "condition": "",
                      "value": ""
                    },
                    "string": {
                      "condition": "",
                      "value": ""
                    },
                    "visible": "on-hover"
                  },
                  "footer": {
                    "align": "center",
                    "justify": "left",
                    "style": {
                      "classes": ""
                    },
                    "title": ""
                  },
                  "header": {
                    "align": "center",
                    "justify": "center",
                    "style": {
                      "classes": ""
                    },
                    "title": " "
                  },
                  "justify": "center",
                  "number": "value",
                  "numberFormat": "0,0.##",
                  "progressBar": {
                    "bar": {
                      "color": "",
                      "style": {
                        "classes": ""
                      }
                    },
                    "max": 100,
                    "min": 0,
                    "track": {
                      "color": "",
                      "style": {
                        "classes": ""
                      }
                    },
                    "value": {
                      "enabled": true,
                      "format": "0,0.##",
                      "justify": "center",
                      "style": {
                        "classes": ""
                      }
                    }
                  },
                  "render": "string",
                  "resizable": false,
                  "sort": "none",
                  "sortable": false,
                  "strictWidth": false,
                  "style": {
                    "classes": ""
                  },
                  "toggleSwitch": {
                    "color": {
                      "selected": "",
                      "unselected": ""
                    }
                  },
                  "viewParams": {},
                  "viewPath": "",
                  "visible": true,
                  "width": 20
                },
                {
                  "align": "center",
                  "boolean": "checkbox",
                  "dateFormat": "MM/DD/YYYY",
                  "editable": true,
                  "field": "selection",
                  "filter": {
                    "boolean": {
                      "condition": ""
                    },
                    "date": {
                      "condition": "",
                      "value": ""
                    },
                    "enabled": false,
                    "number": {
                      "condition": "",
                      "value": ""
                    },
                    "string": {
                      "condition": "",
                      "value": ""
                    },
                    "visible": "on-hover"
                  },
                  "footer": {
                    "align": "center",
                    "justify": "left",
                    "style": {
                      "classes": ""
                    },
                    "title": ""
                  },
                  "header": {
                    "align": "center",
                    "justify": "center",
                    "style": {
                      "classes": ""
                    },
                    "title": " "
                  },
                  "justify": "center",
                  "number": "value",
                  "numberFormat": "0,0.##",
                  "progressBar": {
                    "bar": {
                      "color": "",
                      "style": {
                        "classes": ""
                      }
                    },
                    "max": 100,
                    "min": 0,
                    "track": {
                      "color": "",
                      "style": {
                        "classes": ""
                      }
                    },
                    "value": {
                      "enabled": true,
                      "format": "0,0.##",
                      "justify": "center",
                      "style": {
                        "classes": ""
                      }
                    }
                  },
                  "render": "boolean",
                  "resizable": false,
                  "sort": "none",
                  "sortable": false,
                  "strictWidth": false,
                  "style": {
                    "classes": ""
                  },
                  "toggleSwitch": {
                    "color": {
                      "selected": "",
                      "unselected": ""
                    }
                  },
                  "viewParams": {},
                  "viewPath": "",
                  "visible": true,
                  "width": 20
                }
              ],
              "headerStyle": {
                "classes": "Table/Table_Header"
              },
              "pager": {
                "bottom": false,
                "style": {
                  "borderBottomLeftRadius": 6,
                  "borderBottomRightRadius": 6,
                  "borderTopLeftRadius": 6,
                  "borderTopRightRadius": 6,
                  "color": "#38282894",
                  "fontFamily": "Roboto",
                  "fontSize": 10,
                  "fontWeight": "normal",
                  "marginBottom": 2
                }
              },
              "rows": {
                "striped": {
                  "color": {
                    "even": "#F1FBFD",
                    "odd": "#F1FBFD"
                  },
                  "enabled": false
                },
                "style": {
                  "backgroundColor": "#B3D9FF85",
                  "borderBottomLeftRadius": 4,
                  "borderBottomRightRadius": 4,
                  "borderTopLeftRadius": 4,
                  "borderTopRightRadius": 4,
                  "marginBottom": 2,
                  "marginTop": 2
                }
              },
              "style": {
                "borderBottomLeftRadius": 8,
                "borderBottomRightRadius": 8,
                "borderColor": "#B29191",
                "borderStyle": "solid",
                "borderTopLeftRadius": 8,
                "borderTopRightRadius": 8,
                "borderWidth": 2,
                "marginBottom": 10,
                "marginRight": 10,
                "marginTop": 10,
                "paddingLeft": 2,
                "paddingRight": 2,
                "paddingTop": 2
              },
              "virtualized": false
            },
            "type": "ia.display.table"
          }
        ],
        "meta": {
          "name": "Table"
        },
        "position": {
          "basis": "200px",
          "grow": 1
        },
        "type": "ia.container.flex"
      },
      {
        "children": [
          {
            "events": {
              "dom": {
                "onClick": {
                  "config": {
                    "script": "\timport Material_Transfer\n\tPONO\u003dstr(self.view.params.PONO)\n\tOPRN\u003dint(self.view.params.OPRN)\n\tUID\u003dlist(self.parent.parent.getChild(\"Table\").getChild(\"Table\").custom.UID)\n\tstring_list \u003d [str(x) for x in UID]\n\t\n#\tCall project library and pass the required feild to cancel the materials\n\tMaterial_Transfer.Material_cancel.deleteEntry(PONO,string_list,OPRN)\n\n#\trefresh Operation\n\tPayload\u003d{\"EDIT\":1}\n\tsystem.perspective.sendMessage(\u0027UpdateMaterial\u0027, payload\u003dPayload,scope\u003d\u0027page\u0027)\n\tPayload\u003d{\"EDIT\":0}\n\tsystem.perspective.sendMessage(\u0027UpdateMaterial\u0027, payload\u003dPayload,scope\u003d\u0027page\u0027)\n\t\t\n#\tSystem close popup\n\tsystem.perspective.closePopup(\u0027mat_delete\u0027)"
                  },
                  "scope": "G",
                  "stopPropagation": true,
                  "type": "script"
                }
              }
            },
            "meta": {
              "name": "Add"
            },
            "position": {
              "basis": "100px",
              "shrink": 0
            },
            "propConfig": {
              "position.display": {
                "binding": {
                  "config": {
                    "path": "view.params.value.Status"
                  },
                  "transforms": [
                    {
                      "code": "\tA\u003dstr(value)\n\t\n\tif A\u003d\u003d\u0027Melting Completed\u0027 or A\u003d\u003d\u0027Holding Completed\u0027 or A\u003d\u003d\u0027Casting Completed\u0027:\n\t\treturn False\n\telse:\n\t\treturn True\t",
                      "type": "script"
                    }
                  ],
                  "type": "property"
                }
              }
            },
            "props": {
              "image": {
                "height": 18,
                "icon": {
                  "path": "material/check_circle"
                },
                "width": 18
              },
              "style": {
                "backgroundColor": "#257A8C",
                "fontFamily": "Roboto",
                "fontSize": 12
              },
              "text": "APPLY"
            },
            "type": "ia.input.button"
          },
          {
            "events": {
              "dom": {
                "onClick": {
                  "config": {
                    "script": "\t\n#\tReset the custom arrays in table properties\n\tArray\u003d[]\n\tself.parent.parent.getChild(\"Table\").getChild(\"Table\").custom.UID\u003dArray\n\t\n\tself.parent.parent.getChild(\"Table\").getChild(\"Table\").refreshBinding(\u0027props.data\u0027)"
                  },
                  "scope": "G",
                  "type": "script"
                }
              }
            },
            "meta": {
              "name": "Clear"
            },
            "position": {
              "basis": "100px",
              "shrink": 0
            },
            "propConfig": {
              "position.display": {
                "binding": {
                  "config": {
                    "path": "view.params.value.Status"
                  },
                  "transforms": [
                    {
                      "code": "\tA\u003dstr(value)\n\t\n\tif A\u003d\u003d\u0027Melting Completed\u0027 or A\u003d\u003d\u0027Holding Completed\u0027 or A\u003d\u003d\u0027Casting Completed\u0027:\n\t\treturn False\n\telse:\n\t\treturn True\t",
                      "type": "script"
                    }
                  ],
                  "type": "property"
                }
              }
            },
            "props": {
              "image": {
                "height": 18,
                "icon": {
                  "path": "material/remove_circle"
                },
                "width": 18
              },
              "style": {
                "backgroundColor": "#257A8C",
                "fontFamily": "Roboto",
                "fontSize": 12
              },
              "text": "CLEAR"
            },
            "type": "ia.input.button"
          },
          {
            "events": {
              "dom": {
                "onClick": {
                  "config": {
                    "script": "\tsystem.perspective.closePopup(\u0027mat_delete\u0027)"
                  },
                  "scope": "G",
                  "type": "script"
                }
              }
            },
            "meta": {
              "name": "Close"
            },
            "position": {
              "basis": "100px",
              "shrink": 0
            },
            "propConfig": {
              "position.display": {
                "binding": {
                  "config": {
                    "path": "view.params.value.Status"
                  },
                  "transforms": [
                    {
                      "code": "\tA\u003dstr(value)\n\t\n\tif A\u003d\u003d\u0027Melting Completed\u0027 or A\u003d\u003d\u0027Holding Completed\u0027 or A\u003d\u003d\u0027Casting Completed\u0027:\n\t\treturn False\n\telse:\n\t\treturn True\t",
                      "type": "script"
                    }
                  ],
                  "type": "property"
                }
              }
            },
            "props": {
              "image": {
                "height": 18,
                "icon": {
                  "path": "material/clear"
                },
                "width": 18
              },
              "style": {
                "backgroundColor": "#257A8C",
                "fontFamily": "Roboto",
                "fontSize": 12
              },
              "text": "CLOSE"
            },
            "type": "ia.input.button"
          }
        ],
        "meta": {
          "name": "Action"
        },
        "position": {
          "basis": "40px",
          "shrink": 0
        },
        "props": {
          "justify": "space-evenly",
          "style": {
            "padding": 4
          }
        },
        "type": "ia.container.flex"
      }
    ],
    "meta": {
      "name": "root"
    },
    "props": {
      "direction": "column",
      "style": {
        "backgroundColor": "#F1FBFD",
        "borderBottomLeftRadius": 4,
        "borderBottomRightRadius": 4,
        "borderTopLeftRadius": 4,
        "borderTopRightRadius": 4,
        "margin": 2,
        "overflow": "hidden",
        "padding": 1
      }
    },
    "type": "ia.container.flex"
  }
}