{
  "custom": {},
  "params": {
    "Line": "EC2"
  },
  "propConfig": {
    "params.Line": {
      "paramDirection": "input",
      "persistent": true
    }
  },
  "props": {
    "defaultSize": {
      "height": 459,
      "width": 428
    },
    "loading": {
      "mode": "blocking"
    }
  },
  "root": {
    "children": [
      {
        "children": [
          {
            "children": [
              {
                "children": [
                  {
                    "meta": {
                      "name": "Title"
                    },
                    "position": {
                      "basis": "31px"
                    },
                    "props": {
                      "style": {
                        "fontFamily": "Roboto",
                        "fontSize": 16,
                        "fontWeight": "bold",
                        "textAlign": "center"
                      },
                      "text": "Log Information"
                    },
                    "type": "ia.display.label"
                  },
                  {
                    "events": {
                      "system": {
                        "onStartup": {
                          "config": {
                            "script": "\tEC\u003dself.view.params.Line\n\t\n\ttry:\n\t\tif EC\u003d\u003d\u0027EC1\u0027:\n\t\t\tpath\u003d\u0027[B_IMS]End_Cutting/Line1/Q1\u0027\n\t\telif EC\u003d\u003d\u0027EC2\u0027:\n\t\t\tpath\u003d\u0027[B_IMS]End_Cutting/Line2/Q1\u0027\n\t\telif EC\u003d\u003d\u0027EC3\u0027:\n\t\t\tpath\u003d\u0027[B_IMS]End_Cutting/Line3/Q1\u0027\t\t\n\t\t\n\t\tDataset\u003dsystem.tag.read(path).value\n\t\tLogID\u003dDataset.getValueAt(Dataset.getRowCount()-1,\u0027logid\u0027)\n\t\t\n\t\tself.props.value\u003dLogID\n\texcept:\n\t\tpass\t"
                          },
                          "scope": "G",
                          "type": "script"
                        }
                      }
                    },
                    "meta": {
                      "name": "POSelec"
                    },
                    "position": {
                      "basis": "30px",
                      "shrink": 0
                    },
                    "propConfig": {
                      "props.options": {
                        "binding": {
                          "config": {
                            "path": "view.params.Line"
                          },
                          "overlayOptOut": true,
                          "transforms": [
                            {
                              "code": "\tECMachine \u003d value\n\tDT\u003dsystem.date.setTime(system.date.now(), 0, 0, 1)\n\teQuery \u003d \u0027\u0027\u0027SELECT trim([log_batch_no]) as log_batch_no\n\t\t\t,trim([prod_order])\n\t\tFROM [CIMS].[dbo].[mes_endcut_homogenize_dispatch]\n\t\tWHERE [end_cutting_machine] \u003d ? AND\n\t\t[status] \u003d ? and end_cut_date_time\u003e\u003d?\n\t\tORDER BY end_cut_date_time DESC\n\t\u0027\u0027\u0027\n\teArgs \u003d [ECMachine,\u0027EndCut Inprogress\u0027,DT]\n\ttableData \u003d system.db.runPrepQuery(eQuery, eArgs, \u0027CIMS2\u0027)\n\tA\u003d[]\n\tfor i in range (len(tableData)):\n\t\tB\u003d{\n\t\t\t\"label\":tableData[i][\u0027log_batch_no\u0027],\n\t\t\t\"value\":tableData[i][\u0027log_batch_no\u0027]\n\t\t\t}\n\t\tA.append(B)\n\treturn A",
                              "type": "script"
                            }
                          ],
                          "type": "property"
                        }
                      },
                      "props.value": {
                        "onChange": {
                          "enabled": null,
                          "script": "\tLOGID\u003dstr(currentValue.value)\n\ttry:\n\t\tq1\u003d\u0027\u0027\u0027SELECT \n\t\t\ttrim(prod_order) as prod_order,\n\t\t\tlength_before_end_cutting,\n\t\t\tlog_batch_no \n\t\t\tFROM mes_endcut_homogenize_dispatch\n\t\t\twhere log_batch_no\u003d?\n\t\t\t\u0027\u0027\u0027\n\t\tPODS\u003dsystem.db.runPrepQuery(q1, [LOGID], \u0027CIMS2\u0027)\t\n\t\tPONO\u003dPODS[0][\u0027prod_order\u0027]\n\t\tLOGLENGTH\u003dPODS[0][\u0027length_before_end_cutting\u0027]\n\t\tquery\u003d\u0027\u0027\u0027\n\t\t\t\tSELECT trim([production_order]) as [production_order]\n\t\t\t\t      ,trim([sfg_code]) as[sfg_code]\n\t\t\t\t      ,[planned_order_qty]      \n\t\t\t\t      ,trim([standard_alloy]) as [standard_alloy]\n\t\t\t\t      ,trim([internal_alloy]) as [internal_alloy]\n\t\t\t\t      \n\t\t\t\t  FROM [CIMS].[dbo].[mes_orders]\n\t\t\t\t  where [production_order]\u003d?\n\t\t\t\t\u0027\u0027\u0027\n\t\tPODATA\u003dsystem.db.runPrepQuery(query, [PONO], \u0027CIMS2\u0027)\t\t\n\t\tmquery\u003d\u0027\u0027\u0027\n\t\t\t\t select trim([Machine]) as Machine\n\t\t\t\t   FROM [CIMS].[dbo].[mes_main]\n\t\t\t\t   where PO\u003d?\n\t\t\t\t\t\u0027\u0027\u0027\n\t\tMachineDS\u003dsystem.db.runPrepQuery(mquery, [PONO], \u0027CIMS2\u0027)\t\t\n\t\t\n\t#\tUpdate the values in custom properties\t\n\t\tself.getSibling(\"Machine\").custom.Machine\u003dMachineDS[0][\u0027Machine\u0027]\n\t\tself.getSibling(\"SFG\").custom.SFG\u003dPODATA[0][\u0027sfg_code\u0027]\n\t\tself.getSibling(\"PlannedQTY\").custom.QTY\u003dPODATA[0][\u0027planned_order_qty\u0027]\n\t\tself.getSibling(\"StandardAlloy\").custom.STDALLOY\u003dPODATA[0][\u0027standard_alloy\u0027]\n\t\tself.getSibling(\"InternalAlloy\").custom.InternalAlloy\u003dPODATA[0][\u0027internal_alloy\u0027]\n\t\tself.getSibling(\"LogLength\").custom.loglength\u003dLOGLENGTH\n\t\tself.getSibling(\"PONO\").custom.PONO\u003dPONO\n\texcept:\n\t\tpass\t"
                        }
                      }
                    },
                    "props": {
                      "placeholder": {
                        "text": "Select Log..."
                      },
                      "search": {
                        "enabled": false
                      },
                      "style": {
                        "marginLeft": 10,
                        "marginRight": 10
                      },
                      "textAlign": "center",
                      "value": "AL07J03400"
                    },
                    "type": "ia.input.dropdown"
                  },
                  {
                    "custom": {
                      "PONO": "003000008252"
                    },
                    "meta": {
                      "name": "PONO"
                    },
                    "position": {
                      "basis": "31px"
                    },
                    "propConfig": {
                      "position.display": {
                        "binding": {
                          "config": {
                            "path": "../POSelec.props.value"
                          },
                          "overlayOptOut": true,
                          "transforms": [
                            {
                              "code": "\tif len(str(value)) \u003d\u003d 0:\n\t\treturn False\n\telse:\n\t\treturn True\t\n\n",
                              "type": "script"
                            }
                          ],
                          "type": "property"
                        }
                      },
                      "props.text": {
                        "binding": {
                          "config": {
                            "path": "this.custom.PONO"
                          },
                          "overlayOptOut": true,
                          "transforms": [
                            {
                              "code": "\treturn \u0027PO NO \u003d \u0027+str(value)",
                              "type": "script"
                            }
                          ],
                          "type": "property"
                        }
                      }
                    },
                    "props": {
                      "style": {
                        "fontFamily": "Roboto",
                        "fontSize": 14,
                        "textAlign": "center"
                      }
                    },
                    "type": "ia.display.label"
                  },
                  {
                    "custom": {
                      "Machine": "MF3+HF2+CS2"
                    },
                    "meta": {
                      "name": "Machine"
                    },
                    "position": {
                      "basis": "31px"
                    },
                    "propConfig": {
                      "position.display": {
                        "binding": {
                          "config": {
                            "path": "../POSelec.props.value"
                          },
                          "overlayOptOut": true,
                          "transforms": [
                            {
                              "code": "\tif len(str(value)) \u003d\u003d 0:\n\t\treturn False\n\telse:\n\t\treturn True\t\n\n",
                              "type": "script"
                            }
                          ],
                          "type": "property"
                        }
                      },
                      "props.text": {
                        "binding": {
                          "config": {
                            "path": "this.custom.Machine"
                          },
                          "overlayOptOut": true,
                          "transforms": [
                            {
                              "code": "\treturn \u0027Machine \u003d \u0027+str(value)",
                              "type": "script"
                            }
                          ],
                          "type": "property"
                        }
                      }
                    },
                    "props": {
                      "style": {
                        "fontFamily": "Roboto",
                        "fontSize": 14,
                        "textAlign": "center"
                      }
                    },
                    "type": "ia.display.label"
                  },
                  {
                    "custom": {
                      "SFG": "86063XX6060XXXX161XXX5800X"
                    },
                    "meta": {
                      "name": "SFG"
                    },
                    "position": {
                      "basis": "31px"
                    },
                    "propConfig": {
                      "position.display": {
                        "binding": {
                          "config": {
                            "path": "../POSelec.props.value"
                          },
                          "overlayOptOut": true,
                          "transforms": [
                            {
                              "code": "\tif len(str(value)) \u003d\u003d 0:\n\t\treturn False\n\telse:\n\t\treturn True\t\n\n",
                              "type": "script"
                            }
                          ],
                          "type": "property"
                        }
                      },
                      "props.text": {
                        "binding": {
                          "config": {
                            "path": "this.custom.SFG"
                          },
                          "overlayOptOut": true,
                          "transforms": [
                            {
                              "code": "\treturn \u0027SFG Code \u003d \u0027+str(value)",
                              "type": "script"
                            }
                          ],
                          "type": "property"
                        }
                      }
                    },
                    "props": {
                      "style": {
                        "fontFamily": "Roboto",
                        "fontSize": 14,
                        "textAlign": "center"
                      }
                    },
                    "type": "ia.display.label"
                  },
                  {
                    "custom": {
                      "QTY": 28000
                    },
                    "meta": {
                      "name": "PlannedQTY"
                    },
                    "position": {
                      "basis": "31px"
                    },
                    "propConfig": {
                      "position.display": {
                        "binding": {
                          "config": {
                            "path": "../POSelec.props.value"
                          },
                          "overlayOptOut": true,
                          "transforms": [
                            {
                              "code": "\tif len(str(value)) \u003d\u003d 0:\n\t\treturn False\n\telse:\n\t\treturn True\t\n\n",
                              "type": "script"
                            }
                          ],
                          "type": "property"
                        }
                      },
                      "props.text": {
                        "binding": {
                          "config": {
                            "path": "this.custom.QTY"
                          },
                          "overlayOptOut": true,
                          "transforms": [
                            {
                              "code": "\treturn \u0027Planned Qty  \u003d \u0027+str(value)+\u0027 (kg)\u0027",
                              "type": "script"
                            }
                          ],
                          "type": "property"
                        }
                      }
                    },
                    "props": {
                      "style": {
                        "fontFamily": "Roboto",
                        "fontSize": 14,
                        "textAlign": "center"
                      }
                    },
                    "type": "ia.display.label"
                  },
                  {
                    "custom": {
                      "STDALLOY": "6063"
                    },
                    "meta": {
                      "name": "StandardAlloy"
                    },
                    "position": {
                      "basis": "31px"
                    },
                    "propConfig": {
                      "position.display": {
                        "binding": {
                          "config": {
                            "path": "../POSelec.props.value"
                          },
                          "overlayOptOut": true,
                          "transforms": [
                            {
                              "code": "\tif len(str(value)) \u003d\u003d 0:\n\t\treturn False\n\telse:\n\t\treturn True\t\n\n",
                              "type": "script"
                            }
                          ],
                          "type": "property"
                        }
                      },
                      "props.text": {
                        "binding": {
                          "config": {
                            "path": "this.custom.STDALLOY"
                          },
                          "overlayOptOut": true,
                          "transforms": [
                            {
                              "code": "\treturn \u0027Standard Alloy \u003d \u0027+str(value)",
                              "type": "script"
                            }
                          ],
                          "type": "property"
                        }
                      }
                    },
                    "props": {
                      "style": {
                        "fontFamily": "Roboto",
                        "fontSize": 14,
                        "textAlign": "center"
                      }
                    },
                    "type": "ia.display.label"
                  },
                  {
                    "custom": {
                      "InternalAlloy": "6060"
                    },
                    "meta": {
                      "name": "InternalAlloy"
                    },
                    "position": {
                      "basis": "31px"
                    },
                    "propConfig": {
                      "position.display": {
                        "binding": {
                          "config": {
                            "path": "../POSelec.props.value"
                          },
                          "overlayOptOut": true,
                          "transforms": [
                            {
                              "code": "\tif len(str(value)) \u003d\u003d 0:\n\t\treturn False\n\telse:\n\t\treturn True\t\n\n",
                              "type": "script"
                            }
                          ],
                          "type": "property"
                        }
                      },
                      "props.text": {
                        "binding": {
                          "config": {
                            "path": "this.custom.InternalAlloy"
                          },
                          "overlayOptOut": true,
                          "transforms": [
                            {
                              "code": "\treturn \u0027Internal Alloy \u003d \u0027+str(value)",
                              "type": "script"
                            }
                          ],
                          "type": "property"
                        }
                      }
                    },
                    "props": {
                      "style": {
                        "fontFamily": "Roboto",
                        "fontSize": 14,
                        "textAlign": "center"
                      }
                    },
                    "type": "ia.display.label"
                  },
                  {
                    "custom": {
                      "loglength": 5967
                    },
                    "meta": {
                      "name": "LogLength"
                    },
                    "position": {
                      "basis": "31px"
                    },
                    "propConfig": {
                      "position.display": {
                        "binding": {
                          "config": {
                            "path": "../POSelec.props.value"
                          },
                          "overlayOptOut": true,
                          "transforms": [
                            {
                              "code": "\tif len(str(value)) \u003d\u003d 0:\n\t\treturn False\n\telse:\n\t\treturn True\t\n\n",
                              "type": "script"
                            }
                          ],
                          "type": "property"
                        }
                      },
                      "props.text": {
                        "binding": {
                          "config": {
                            "path": "this.custom.loglength"
                          },
                          "overlayOptOut": true,
                          "transforms": [
                            {
                              "code": "\treturn \u0027Log Length (mm) \u003d \u0027+str(int(value))",
                              "type": "script"
                            }
                          ],
                          "type": "property"
                        }
                      }
                    },
                    "props": {
                      "style": {
                        "fontFamily": "Roboto",
                        "fontSize": 14,
                        "textAlign": "center"
                      }
                    },
                    "type": "ia.display.label"
                  },
                  {
                    "children": [
                      {
                        "meta": {
                          "name": "LogLength"
                        },
                        "position": {
                          "basis": "181px"
                        },
                        "props": {
                          "style": {
                            "fontFamily": "Roboto",
                            "fontSize": 14,
                            "textAlign": "center"
                          },
                          "text": "Enter new log length (mm) \u003d "
                        },
                        "type": "ia.display.label"
                      },
                      {
                        "meta": {
                          "name": "NumericEntryField"
                        },
                        "position": {
                          "basis": "114px"
                        },
                        "props": {
                          "align": "center",
                          "format": "0,0"
                        },
                        "type": "ia.input.numeric-entry-field"
                      }
                    ],
                    "meta": {
                      "name": "FlexContainer"
                    },
                    "position": {
                      "basis": "31px"
                    },
                    "propConfig": {
                      "position.display": {
                        "binding": {
                          "config": {
                            "path": "../POSelec.props.value"
                          },
                          "overlayOptOut": true,
                          "transforms": [
                            {
                              "code": "\tif len(str(value)) \u003d\u003d 0:\n\t\treturn False\n\telse:\n\t\treturn True\t\n\n",
                              "type": "script"
                            }
                          ],
                          "type": "property"
                        }
                      }
                    },
                    "props": {
                      "justify": "center",
                      "style": {
                        "overflow": "hidden"
                      }
                    },
                    "type": "ia.container.flex"
                  }
                ],
                "events": {
                  "system": {
                    "onStartup": {
                      "config": {
                        "script": "\tPONO\u003dself.view.params.PONO\n\tquery\u003d\u0027\u0027\u0027\n\t\t\tSELECT trim([production_order]) as [production_order]\n\t\t\t      ,trim([sfg_code]) as[sfg_code]\n\t\t\t      ,[planned_order_qty]      \n\t\t\t      ,trim([standard_alloy]) as [standard_alloy]\n\t\t\t      ,trim([internal_alloy]) as [internal_alloy]\n\t\t\t      \n\t\t\t  FROM [CIMS].[dbo].[mes_orders]\n\t\t\t  where [production_order]\u003d?\n\t\t\t\u0027\u0027\u0027\n\tPODATA\u003dsystem.db.runPrepQuery(query, [PONO], \u0027CIMS2\u0027)\t\t\n\tmquery\u003d\u0027\u0027\u0027\n\t\t\t select trim([Machine]) as Machine\n\t\t\t   FROM [CIMS].[dbo].[mes_main]\n\t\t\t   where PO\u003d?\n\t\t\t\t\u0027\u0027\u0027\n\tMachineDS\u003dsystem.db.runPrepQuery(mquery, [PONO], \u0027CIMS2\u0027)\t\t\n\t\n#\tUpdate the values in custom properties\n\tself.getChild(\"PONO\").custom.PONO\u003dPODATA[0][\u0027production_order\u0027]\n\tself.getChild(\"Machine\").custom.Machine\u003dMachineDS[0][\u0027Machine\u0027]\n\tself.getChild(\"SFG\").custom.SFG\u003dPODATA[0][\u0027sfg_code\u0027]\n\tself.getChild(\"PlannedQTY\").custom.QTY\u003dPODATA[0][\u0027planned_order_qty\u0027]\n\tself.getChild(\"StandardAlloy\").custom.STDALLOY\u003dPODATA[0][\u0027standard_alloy\u0027]\n\tself.getChild(\"InternalAlloy\").custom.InternalAlloy\u003dPODATA[0][\u0027internal_alloy\u0027]"
                      },
                      "enabled": false,
                      "scope": "G",
                      "type": "script"
                    }
                  }
                },
                "meta": {
                  "name": "LogID"
                },
                "position": {
                  "basis": "200px",
                  "grow": 1
                },
                "props": {
                  "direction": "column",
                  "justify": "space-around"
                },
                "type": "ia.container.flex"
              }
            ],
            "meta": {
              "name": "ManualEntryLength"
            },
            "position": {
              "basis": "200px",
              "grow": 1
            },
            "props": {
              "style": {
                "padding": 6
              }
            },
            "type": "ia.container.flex"
          }
        ],
        "meta": {
          "name": "Main"
        },
        "position": {
          "basis": "200px",
          "grow": 1
        },
        "props": {
          "direction": "column"
        },
        "type": "ia.container.flex"
      },
      {
        "children": [
          {
            "events": {
              "dom": {
                "onClick": {
                  "config": {
                    "script": "\timport sys\n\timport time\n\t\n#\tGet end cutt line\n\tEC\u003dself.view.params.Line\n#\tCondition to maintain path based on the End cutt line\n\tif EC\u003d\u003d\u0027EC1\u0027:\n\t\tpath1\u003d\u0027[B_IMS]End_Cutting/Line1/Q1\u0027\n\t\tpath2\u003d\u0027[B_IMS]End_Cutting/Line1/Q2\u0027\n\telif EC\u003d\u003d\u0027EC2\u0027:\n\t\tpath1\u003d\u0027[B_IMS]End_Cutting/Line2/Q1\u0027\n\t\tpath2\u003d\u0027[B_IMS]End_Cutting/Line2/Q2\u0027\n\telif EC\u003d\u003d\u0027EC3\u0027:\t\n\t\tpath1\u003d\u0027[B_IMS]End_Cutting/Line3/Q1\u0027\n\t\tpath2\u003d\u0027[B_IMS]End_Cutting/Line3/Q2\u0027\n\t#Function to convert float into string\n\tdef cFloat(data):\n\t\tdata\u003dfloat(data)\n\t\treturn str((\"{0:.2f}\".format(data)))\n\t\t\n\t\n\ttry:\n\t\tA\u003dself.parent.parent.getChild(\"Main\").getChild(\"ManualEntryLength\").getChild(\"LogID\").getChild(\"FlexContainer\").getChild(\"NumericEntryField\").props.value\t\n\t\tLogLen\u003dself.parent.parent.getChild(\"Main\").getChild(\"ManualEntryLength\").getChild(\"LogID\").getChild(\"LogLength\").custom.loglength\n\t\t#validation of given length\n\t\tif A\u003e\u003dLogLen:\n\t\t\tsystem.perspective.openPopup(\u0027Error\u0027,\u0027Template/Popup_1\u0027,params\u003d{\u0027Code\u0027:1,\u0027Message\u0027:\u0027Given length is more than starndard length !\u0027},showCloseIcon \u003d True,modal\u003dTrue,draggable\u003dFalse,position \u003d {\u0027top\u0027:100})\n\t\t\tsys.exit()\t\t\n\t\telse:\n\t\t\tpass\n\t\t#Read the Q1 tag Dataset \n\t\tDataset\u003dsystem.tag.read(path1).value\n\t\tLogID\u003dDataset.getValueAt(Dataset.getRowCount()-1,\u0027logid\u0027)\n\t\tDia\u003dDataset.getValueAt(Dataset.getRowCount()-1,\u0027a_dia\u0027)\n\t\tPO\u003dDataset.getValueAt(Dataset.getRowCount()-1,\u0027pono\u0027)\n\t\tAlloy\u003dDataset.getValueAt(Dataset.getRowCount()-1,\u0027alloy\u0027)\n\t\t\n\t\tlength\u003dA\n\t\t#dia in mm\n\t\td\u003dDia\n\t\t#len in mm\n\t\tl\u003dlength\n\t\t#final calculation in Kg/mm3\n\t\tFCaluculation\u003d((float(3.14)*float(d)*float(d))/float(4))*(float(l))*(0.0000027)\n\t\tC_weight\u003dFCaluculation\n\t\tDT\u003dsystem.date.now()\n\t\tStatus\u003d\u0027QR Engrave Inprogress\u0027\n\t\tQRDATA\u003d\u0027Location:DF\u0027+\u0027\\n\u0027+\u0027Log ID:\u0027+str(LogID)+\u0027\\n\u0027+\u0027PO:\u0027+str(PO)+\u0027\\n\u0027+\u0027Length:\u0027+str(length)+\u0027\\n\u0027+\u0027Weight:\u0027+str(C_weight)+\u0027\\n\u0027+\u0027Dia:\u0027+str(Dia)+\u0027\\n\u0027+\u0027Std alloy:\u0027+str(Alloy)+\u0027\\n\u0027+\u0027Engraved DateTime:\u0027+str(system.date.format(DT,\u0027DD-MM-YYYY HH:mm\u0027))\n\t\t#Update the ENdcut_Homgenize_dispatch table based on LOGID\n\t\tECQuery\u003d\u0027\u0027\u0027\n\t\t\t\tUPDATE [dbo].[mes_endcut_homogenize_dispatch]\n\t\t\t\tSET [weight_after_end_cutting] \u003d ?\n\t\t\t\t    ,[length_after_end_cutting] \u003d ?\n\t\t\t\t\t,[qr_code] \u003d ?\n\t\t\t\t\t,[engraved_date_time] \u003d ?\n\t\t\t\t\t,[status] \u003d ?\n\t\t\t\twhere [log_batch_no]\u003d?\t\n\t\t\t\u0027\u0027\u0027\n\t\targs\u003d[C_weight,length,QRDATA,DT,Status,LogID]\t\n\t\tsystem.db.runPrepUpdate(ECQuery, args, \u0027CIMS2\u0027)\t\n\t\t\t\t\n\t\t# Clear the Q1 last entry\n\t\tDataset\u003dsystem.dataset.deleteRow(Dataset,Dataset.getRowCount()-1)\n\t\tsystem.tag.write(path1,Dataset)\n\t\t\n\t\t# Update Q2 tag for Engraving data\n\t\tDataset2\u003dsystem.tag.read(path2).value\t\n\t\tneRow\u003d[LogID,Dia,length,Alloy,C_weight]\t\n\t\tnewDataset\u003dsystem.dataset.addRow(Dataset2,0,neRow)\n\t\tsystem.tag.write(path2,newDataset)\n\t\t\n\t\t#Update into logMoov table\n\t\tEndCutt_operation.Add_End_Cutt_opertion_MFHF_table.update_endcutt_tables(LogID,length)\t\t\t\t\n\t\t\n\t\t#Send Value to update End Cut Tabels\n\t\ttime.sleep(0.5)\n\t\tsystem.tag.write(\u0027[B_IMS]End_Cutting/E_Table_Update\u0027, True)\n\t\ttime.sleep(0.5)\n\t\tsystem.tag.write(\u0027[B_IMS]End_Cutting/E_Table_Update\u0027, False)\t\n\t\t\n\texcept:\n\t\tpass\t\n\t\n\t#\tSystem close popup\n\tsystem.perspective.closePopup(\u0027Ji23h9bp1\u0027)\t\n\t\t\n"
                  },
                  "scope": "G",
                  "stopPropagation": true,
                  "type": "script"
                }
              }
            },
            "meta": {
              "name": "Add"
            },
            "position": {
              "basis": "100px",
              "shrink": 0
            },
            "propConfig": {
              "position.display": {
                "binding": {
                  "config": {
                    "path": "view.params.value.Status"
                  },
                  "transforms": [
                    {
                      "code": "\tA\u003dstr(value)\n\t\n\tif A\u003d\u003d\u0027Melting Completed\u0027 or A\u003d\u003d\u0027Holding Completed\u0027 or A\u003d\u003d\u0027Casting Completed\u0027:\n\t\treturn False\n\telse:\n\t\treturn True\t",
                      "type": "script"
                    }
                  ],
                  "type": "property"
                }
              }
            },
            "props": {
              "image": {
                "height": 18,
                "icon": {
                  "path": "material/check_circle"
                },
                "width": 18
              },
              "style": {
                "backgroundColor": "#257A8C",
                "fontFamily": "Roboto",
                "fontSize": 12
              },
              "text": "APPLY"
            },
            "type": "ia.input.button"
          },
          {
            "events": {
              "dom": {
                "onClick": {
                  "config": {
                    "script": "\tself.parent.parent.getChild(\"Main\").getChild(\"ManualEntryLength\").getChild(\"LogID\").getChild(\"POSelec\").props.value\u003d\u0027\u0027"
                  },
                  "scope": "G",
                  "type": "script"
                }
              }
            },
            "meta": {
              "name": "Clear"
            },
            "position": {
              "basis": "100px",
              "shrink": 0
            },
            "propConfig": {
              "position.display": {
                "binding": {
                  "config": {
                    "path": "view.params.value.Status"
                  },
                  "transforms": [
                    {
                      "code": "\tA\u003dstr(value)\n\t\n\tif A\u003d\u003d\u0027Melting Completed\u0027 or A\u003d\u003d\u0027Holding Completed\u0027 or A\u003d\u003d\u0027Casting Completed\u0027:\n\t\treturn False\n\telse:\n\t\treturn True\t",
                      "type": "script"
                    }
                  ],
                  "type": "property"
                }
              }
            },
            "props": {
              "image": {
                "height": 18,
                "icon": {
                  "path": "material/remove_circle"
                },
                "width": 18
              },
              "style": {
                "backgroundColor": "#257A8C",
                "fontFamily": "Roboto",
                "fontSize": 12
              },
              "text": "CLEAR"
            },
            "type": "ia.input.button"
          },
          {
            "events": {
              "dom": {
                "onClick": {
                  "config": {
                    "script": "\tsystem.perspective.closePopup(\u0027Ji23h9bp1\u0027)"
                  },
                  "scope": "G",
                  "type": "script"
                }
              }
            },
            "meta": {
              "name": "Close"
            },
            "position": {
              "basis": "100px",
              "shrink": 0
            },
            "propConfig": {
              "position.display": {
                "binding": {
                  "config": {
                    "path": "view.params.value.Status"
                  },
                  "transforms": [
                    {
                      "code": "\tA\u003dstr(value)\n\t\n\tif A\u003d\u003d\u0027Melting Completed\u0027 or A\u003d\u003d\u0027Holding Completed\u0027 or A\u003d\u003d\u0027Casting Completed\u0027:\n\t\treturn False\n\telse:\n\t\treturn True\t",
                      "type": "script"
                    }
                  ],
                  "type": "property"
                }
              }
            },
            "props": {
              "image": {
                "height": 18,
                "icon": {
                  "path": "material/clear"
                },
                "width": 18
              },
              "style": {
                "backgroundColor": "#257A8C",
                "fontFamily": "Roboto",
                "fontSize": 12
              },
              "text": "CLOSE"
            },
            "type": "ia.input.button"
          }
        ],
        "meta": {
          "name": "Action"
        },
        "position": {
          "basis": "40px",
          "shrink": 0
        },
        "props": {
          "justify": "space-evenly",
          "style": {
            "padding": 4
          }
        },
        "type": "ia.container.flex"
      }
    ],
    "meta": {
      "name": "root"
    },
    "props": {
      "direction": "column",
      "style": {
        "backgroundColor": "#F1FBFD",
        "borderBottomLeftRadius": 4,
        "borderBottomRightRadius": 4,
        "borderTopLeftRadius": 4,
        "borderTopRightRadius": 4,
        "margin": 2,
        "overflow": "hidden",
        "padding": 1
      }
    },
    "type": "ia.container.flex"
  }
}