{
  "custom": {},
  "params": {
    "EDIT": false,
    "Material_Code": 1100000001,
    "Material_Selection": "IN",
    "OPRN": 10,
    "PO_No": "003000007538",
    "height": null
  },
  "propConfig": {
    "params.EDIT": {
      "paramDirection": "input",
      "persistent": true
    },
    "params.Material_Code": {
      "paramDirection": "input",
      "persistent": true
    },
    "params.Material_Selection": {
      "paramDirection": "input",
      "persistent": true
    },
    "params.OPRN": {
      "paramDirection": "input",
      "persistent": true
    },
    "params.PO_No": {
      "paramDirection": "input",
      "persistent": true
    },
    "params.height": {
      "paramDirection": "output",
      "persistent": true
    },
    "props.defaultSize.height": {
      "binding": {
        "config": {
          "expression": "{/root/ADD.custom.Material_Code}+{/root/ADD.custom.Material_Selec}+{/root/ADD.custom.len}"
        },
        "overlayOptOut": true,
        "transforms": [
          {
            "code": "\tvalue\u003dself.params.EDIT\n\tif value\u003d\u003dFalse:\n\t\tHeader\u003dself.getChild(\"root\").getChild(\"Table\").custom.Header\n\t\tif Header\u003d\u003dTrue:\n\t\t\tL\u003dself.getChild(\"root\").getChild(\"Table\").custom.len\n\t\t\tLength\u003dL*30\n\t\t\tLength\u003dLength+30\n\t\t\treturn Length\n\t\telse:\t\n\t\t\tL\u003dself.getChild(\"root\").getChild(\"Table\").custom.len\n\t\t\tif L\u003d\u003d1:\n\t\t\t\treturn 40\n\t\t\telse:\t\n\t\t\t\treturn L*31\n\telse:\n\t\tHeader\u003dself.getChild(\"root\").getChild(\"ADD\").custom.Header\n\t\tL\u003dself.getChild(\"root\").getChild(\"ADD\").custom.len\n\t\tif L\u003e\u003d500:\n\t\t\treturn 1000\n\t\telse:\t\n\t\t\tif Header\u003d\u003dTrue:\n\t\t\t\tL\u003dself.getChild(\"root\").getChild(\"ADD\").custom.len\n\t\t\t\tLength\u003dL*31\n\t\t\t\tLength\u003dLength+31\n\t\t\t\treturn Length\n\t\t\telse:\t\n\t\t\t\tL\u003dself.getChild(\"root\").getChild(\"ADD\").custom.len\n\t\t\t\treturn L*31",
            "type": "script"
          }
        ],
        "type": "expr"
      },
      "onChange": {
        "enabled": null,
        "script": "\tself.params.height\u003dcurrentValue.value"
      }
    }
  },
  "props": {
    "defaultSize": {
      "width": 1281
    },
    "loading": {
      "mode": "blocking"
    }
  },
  "root": {
    "children": [
      {
        "custom": {
          "DATASET": [
            1,
            "1100000003                                        ",
            "Aluminium T Ingot                                 ",
            "OUT",
            "",
            "0",
            "0002486433                    ",
            "-",
            2868.847,
            "KG",
            "",
            0,
            "24439.411",
            ""
          ],
          "Header": false,
          "Material_Code": "1100000003",
          "Material_Selec": "OUT",
          "PQDATA": 123.23,
          "QTY": [],
          "Row_Selection": true,
          "S_Batch": [],
          "Storage_Loc": [],
          "Weigh": "[B_IMS]Weigh_Scale/_MF3_MF4_/4321/Message"
        },
        "events": {
          "component": {
            "onEditCellCommit": {
              "config": {
                "script": "\tvalueToSet\u003devent.value\n\tself.props.data \u003d system.dataset.setValue(self.props.data, event.row, event.column, valueToSet)\n#\tself.props.data[event.row][event.column] \u003d valueToSet"
              },
              "scope": "G",
              "type": "script"
            }
          }
        },
        "meta": {
          "name": "ADD"
        },
        "position": {
          "basis": "400px",
          "grow": 1
        },
        "propConfig": {
          "custom.Weigh_Data": {
            "binding": {
              "config": {
                "expression": "now(1000)"
              },
              "overlayOptOut": true,
              "transforms": [
                {
                  "code": "\tpath\u003dstr(self.custom.Weigh)\n\t\n\ttry:\n\t\tData\u003dsystem.tag.read(path).value\n\t\treturn Data\n\texcept:\n\t\treturn self.custom.PQDATA\t\n",
                  "type": "script"
                }
              ],
              "type": "expr"
            },
            "onChange": {
              "enabled": null,
              "script": "\ttry:\n\t\tnewvalue\u003dcurrentValue.value\t\n\t\tDATA\u003dself.props.data\t\n\t\t# Make a new dataset with an updated value\n\t\tnewData \u003d system.dataset.setValue(DATA, 0, \"proc_qty\", newvalue)\n\t\t#update back to table Data\n\t\tself.props.data\u003dnewData\n\texcept:\n\t\tpass\t"
            }
          },
          "custom.len": {
            "binding": {
              "config": {
                "path": "this.props.data"
              },
              "overlayOptOut": true,
              "transforms": [
                {
                  "code": "\ttry:\n\t\treturn value.getRowCount()\n\texcept:\t\n\t\treturn len(value)",
                  "type": "script"
                }
              ],
              "type": "property"
            }
          },
          "position.display": {
            "binding": {
              "config": {
                "path": "view.params.EDIT"
              },
              "overlayOptOut": true,
              "type": "property"
            }
          },
          "props.data": {
            "binding": {
              "config": {
                "path": "view.params.EDIT"
              },
              "overlayOptOut": true,
              "transforms": [
                {
                  "code": "\tquery\u003d\u0027\u0027\u0027\n\tWITH RankedResults AS (\n\t    SELECT\n\t        ROW_NUMBER() OVER (ORDER BY [material_code]) AS sr_no,\n\t        [material_code],\n\t        [material_desc],\n\t        [material_sel],\n\n\t        0 AS proc_qty,\n\t        CASE\n\t            WHEN [batch] LIKE \u0027%BATCH%\u0027 THEN \u0027 \u0027\n\t            ELSE [batch]\n\t        END AS [batch],\n\t\t\tSUM([quantity]) OVER (PARTITION BY [material_code]) AS proc_qty1,\n\t        [quantity],\n\t        \u0027KG\u0027 AS [qty_uom],\n\t        ROW_NUMBER() OVER (PARTITION BY [material_code] ORDER BY (SELECT NULL)) AS rn\n\t    FROM [CIMS].[dbo].[mes_bom]\n\t    WHERE [material_code] \u003d \u00271100000001\u0027\n\t        AND [material_sel] !\u003d \u0027OUT\u0027\n\t        --AND [oprn] \u003d 10\n\t)\n\tSELECT\n\t    sr_no,\n\t    CASE\n\t        WHEN rn \u003e 1 THEN \u0027\u0027\n\t        ELSE [material_code]\n\t    END AS [material_code],\n\t    CASE\n\t        WHEN rn \u003e 1 THEN \u0027\u0027\n\t        ELSE [material_desc]\n\t    END AS [material_desc],\n\t    CASE\n\t        WHEN rn \u003e 1 THEN \u0027\u0027\n\t        ELSE [material_sel]\n\t    END AS [material_sel],\n\t    \u0027\u0027 AS Weigh,\n\t    CASE\n\t        WHEN sr_no \u003d 1 THEN CAST(proc_qty AS VARCHAR) -- Convert proc_qty to varchar when displayed\n\t        ELSE \u0027\u0027 -- Set to NULL for rows where it\u0027s not displayed\n\t    END AS proc_qty,\n\t    [batch],\n\t     \u0027-\u0027 AS B_gap,\n\t    [quantity],\n\t   \u0027KG\u0027 AS [qty_uom],\n\t    \u0027\u0027 AS Batch_B,\n\t\t0 AS Batch_Selction,\n\t\tCASE\n\t\t\tWHEN sr_no \u003d 1 THEN CAST(proc_qty1 AS VARCHAR) -- Convert proc_qty to varchar when displayed\n\t\t\tELSE \u0027\u0027 -- Set to NULL for rows where it\u0027s not displayed\n\t\tEND AS S_proc_qty,\n\t    \u0027\u0027 AS Action\n\tFROM RankedResults\n\t\u0027\u0027\u0027\n\targs\u003d[]\n\tDATA\u003dsystem.db.runPrepQuery(query, args, \u0027CIMS2\u0027)\n\treturn DATA",
                  "type": "script"
                }
              ],
              "type": "property"
            },
            "onChange": {
              "enabled": null,
              "script": "\tDataset\u003dcurrentValue.value\n\trow_length\u003dDataset.getRowCount()\n\tBATCH\u003d[]\n\tQTY\u003d[]\n\tStorage_Loc\u003d[]\n\tfor i in range(row_length):\n\t\tif Dataset.getValueAt(i,\u0027Batch_Selction\u0027)\u003d\u003d1:\n\t\t\tBATCH.append(Dataset.getValueAt(i,\u0027batch\u0027))\n\t\t\tQTY.append(Dataset.getValueAt(i,\u0027quantity\u0027))\n\t\t\tStorage_Loc.append(Dataset.getValueAt(i,\u0027storage_loc\u0027))\n\t\telse:\n\t\t\tpass\n\tself.custom.S_Batch\u003dBATCH\n\tself.custom.QTY\u003dQTY\n\tself.custom.Storage_Loc\u003dStorage_Loc\t\t\t\n\t"
            }
          },
          "props.enableHeader": {
            "binding": {
              "config": {
                "path": "this.custom.Header"
              },
              "overlayOptOut": true,
              "type": "property"
            }
          },
          "props.pager.bottom": {
            "binding": {
              "config": {
                "path": "this.custom.len"
              },
              "overlayOptOut": true,
              "transforms": [
                {
                  "code": "\tif value\u003e\u003d100:\n\t\treturn True\n\telse:\n\t\treturn False\t",
                  "type": "script"
                }
              ],
              "type": "property"
            }
          },
          "props.selection.enableRowSelection": {
            "binding": {
              "config": {
                "path": "this.custom.Row_Selection"
              },
              "overlayOptOut": true,
              "type": "property"
            }
          }
        },
        "props": {
          "cells": {
            "allowEditOn": "single-click"
          },
          "columns": [
            {
              "align": "top",
              "boolean": "checkbox",
              "dateFormat": "MM/DD/YYYY",
              "editable": false,
              "field": "material_code",
              "filter": {
                "boolean": {
                  "condition": ""
                },
                "date": {
                  "condition": "",
                  "value": ""
                },
                "enabled": false,
                "number": {
                  "condition": "",
                  "value": ""
                },
                "string": {
                  "condition": "",
                  "value": ""
                },
                "visible": "on-hover"
              },
              "footer": {
                "align": "center",
                "justify": "left",
                "style": {
                  "classes": ""
                },
                "title": ""
              },
              "header": {
                "align": "center",
                "justify": "center",
                "style": {
                  "classes": ""
                },
                "title": "Material Code"
              },
              "justify": "center",
              "number": "value",
              "numberFormat": "0,0.##",
              "progressBar": {
                "bar": {
                  "color": "",
                  "style": {
                    "classes": ""
                  }
                },
                "max": 100,
                "min": 0,
                "track": {
                  "color": "",
                  "style": {
                    "classes": ""
                  }
                },
                "value": {
                  "enabled": true,
                  "format": "0,0.##",
                  "justify": "center",
                  "style": {
                    "classes": ""
                  }
                }
              },
              "render": "view",
              "resizable": false,
              "sort": "none",
              "sortable": false,
              "strictWidth": false,
              "style": {
                "classes": ""
              },
              "toggleSwitch": {
                "color": {
                  "selected": "",
                  "unselected": ""
                }
              },
              "viewParams": {
                "rowData": {}
              },
              "viewPath": "Template/User_Input_Table_Template/Material_Code",
              "visible": true,
              "width": ""
            },
            {
              "align": "center",
              "boolean": "checkbox",
              "dateFormat": "MM/DD/YYYY",
              "editable": false,
              "field": "material_sel",
              "filter": {
                "boolean": {
                  "condition": ""
                },
                "date": {
                  "condition": "",
                  "value": ""
                },
                "enabled": false,
                "number": {
                  "condition": "",
                  "value": ""
                },
                "string": {
                  "condition": "",
                  "value": ""
                },
                "visible": "on-hover"
              },
              "footer": {
                "align": "center",
                "justify": "left",
                "style": {
                  "classes": ""
                },
                "title": ""
              },
              "header": {
                "align": "center",
                "justify": "center",
                "style": {
                  "classes": ""
                },
                "title": "Material Selection"
              },
              "justify": "center",
              "number": "value",
              "numberFormat": "0,0.##",
              "progressBar": {
                "bar": {
                  "color": "",
                  "style": {
                    "classes": ""
                  }
                },
                "max": 100,
                "min": 0,
                "track": {
                  "color": "",
                  "style": {
                    "classes": ""
                  }
                },
                "value": {
                  "enabled": true,
                  "format": "0,0.##",
                  "justify": "center",
                  "style": {
                    "classes": ""
                  }
                }
              },
              "render": "view",
              "resizable": true,
              "sort": "none",
              "sortable": true,
              "strictWidth": false,
              "style": {
                "classes": ""
              },
              "toggleSwitch": {
                "color": {
                  "selected": "",
                  "unselected": ""
                }
              },
              "viewParams": {
                "rowData": {}
              },
              "viewPath": "Template/User_Input_Table_Template/Material_Selec",
              "visible": true,
              "width": ""
            },
            {
              "align": "center",
              "boolean": "checkbox",
              "dateFormat": "MM/DD/YYYY",
              "editable": false,
              "field": "material_desc",
              "filter": {
                "boolean": {
                  "condition": ""
                },
                "date": {
                  "condition": "",
                  "value": ""
                },
                "enabled": false,
                "number": {
                  "condition": "",
                  "value": ""
                },
                "string": {
                  "condition": "",
                  "value": ""
                },
                "visible": "on-hover"
              },
              "footer": {
                "align": "center",
                "justify": "left",
                "style": {
                  "classes": ""
                },
                "title": ""
              },
              "header": {
                "align": "center",
                "justify": "center",
                "style": {
                  "classes": ""
                },
                "title": "Material Description"
              },
              "justify": "center",
              "number": "value",
              "numberFormat": "0,0.##",
              "progressBar": {
                "bar": {
                  "color": "",
                  "style": {
                    "classes": ""
                  }
                },
                "max": 100,
                "min": 0,
                "track": {
                  "color": "",
                  "style": {
                    "classes": ""
                  }
                },
                "value": {
                  "enabled": true,
                  "format": "0,0.##",
                  "justify": "center",
                  "style": {
                    "classes": ""
                  }
                }
              },
              "render": "string",
              "resizable": false,
              "sort": "none",
              "sortable": false,
              "strictWidth": false,
              "style": {
                "classes": ""
              },
              "toggleSwitch": {
                "color": {
                  "selected": "",
                  "unselected": ""
                }
              },
              "viewParams": {},
              "viewPath": "",
              "visible": true,
              "width": ""
            },
            {
              "align": "center",
              "boolean": "checkbox",
              "dateFormat": "MM/DD/YYYY",
              "editable": false,
              "field": "Weigh",
              "filter": {
                "boolean": {
                  "condition": ""
                },
                "date": {
                  "condition": "",
                  "value": ""
                },
                "enabled": false,
                "number": {
                  "condition": "",
                  "value": ""
                },
                "string": {
                  "condition": "",
                  "value": ""
                },
                "visible": "on-hover"
              },
              "footer": {
                "align": "center",
                "justify": "left",
                "style": {
                  "classes": ""
                },
                "title": ""
              },
              "header": {
                "align": "center",
                "justify": "center",
                "style": {
                  "classes": ""
                },
                "title": "Weigh Indicator"
              },
              "justify": "center",
              "number": "value",
              "numberFormat": "0,0.##",
              "progressBar": {
                "bar": {
                  "color": "",
                  "style": {
                    "classes": ""
                  }
                },
                "max": 100,
                "min": 0,
                "track": {
                  "color": "",
                  "style": {
                    "classes": ""
                  }
                },
                "value": {
                  "enabled": true,
                  "format": "0,0.##",
                  "justify": "center",
                  "style": {
                    "classes": ""
                  }
                }
              },
              "render": "view",
              "resizable": false,
              "sort": "none",
              "sortable": false,
              "strictWidth": false,
              "style": {
                "classes": ""
              },
              "toggleSwitch": {
                "color": {
                  "selected": "",
                  "unselected": ""
                }
              },
              "viewParams": {
                "rowData": {}
              },
              "viewPath": "Template/User_Input_Table_Template/Weigh",
              "visible": true,
              "width": ""
            },
            {
              "align": "center",
              "boolean": "checkbox",
              "dateFormat": "MM/DD/YYYY",
              "editable": false,
              "field": "proc_qty",
              "filter": {
                "boolean": {
                  "condition": ""
                },
                "date": {
                  "condition": "",
                  "value": ""
                },
                "enabled": false,
                "number": {
                  "condition": "",
                  "value": ""
                },
                "string": {
                  "condition": "",
                  "value": ""
                },
                "visible": "on-hover"
              },
              "footer": {
                "align": "center",
                "justify": "left",
                "style": {
                  "classes": ""
                },
                "title": ""
              },
              "header": {
                "align": "center",
                "justify": "center",
                "style": {
                  "classes": ""
                },
                "title": "Proccesed QTY"
              },
              "justify": "center",
              "number": "value",
              "numberFormat": "0,0.##",
              "progressBar": {
                "bar": {
                  "color": "",
                  "style": {
                    "classes": ""
                  }
                },
                "max": 100,
                "min": 0,
                "track": {
                  "color": "",
                  "style": {
                    "classes": ""
                  }
                },
                "value": {
                  "enabled": true,
                  "format": "0,0.##",
                  "justify": "center",
                  "style": {
                    "classes": ""
                  }
                }
              },
              "render": "view",
              "resizable": false,
              "sort": "none",
              "sortable": false,
              "strictWidth": false,
              "style": {
                "classes": ""
              },
              "toggleSwitch": {
                "color": {
                  "selected": "",
                  "unselected": ""
                }
              },
              "viewParams": {
                "rowData": {}
              },
              "viewPath": "Template/User_Input_Table_Template/Proc_Qty",
              "visible": true,
              "width": ""
            },
            {
              "align": "center",
              "boolean": "checkbox",
              "dateFormat": "MM/DD/YYYY",
              "editable": false,
              "field": "batch",
              "filter": {
                "boolean": {
                  "condition": ""
                },
                "date": {
                  "condition": "",
                  "value": ""
                },
                "enabled": false,
                "number": {
                  "condition": "",
                  "value": ""
                },
                "string": {
                  "condition": "",
                  "value": ""
                },
                "visible": "on-hover"
              },
              "footer": {
                "align": "center",
                "justify": "left",
                "style": {
                  "classes": ""
                },
                "title": ""
              },
              "header": {
                "align": "center",
                "justify": "center",
                "style": {
                  "classes": ""
                },
                "title": "Batch"
              },
              "justify": "center",
              "number": "value",
              "numberFormat": "0,0.##",
              "progressBar": {
                "bar": {
                  "color": "",
                  "style": {
                    "classes": ""
                  }
                },
                "max": 100,
                "min": 0,
                "track": {
                  "color": "",
                  "style": {
                    "classes": ""
                  }
                },
                "value": {
                  "enabled": true,
                  "format": "0,0.##",
                  "justify": "center",
                  "style": {
                    "classes": ""
                  }
                }
              },
              "render": "auto",
              "resizable": false,
              "sort": "none",
              "sortable": false,
              "strictWidth": false,
              "style": {
                "classes": ""
              },
              "toggleSwitch": {
                "color": {
                  "selected": "",
                  "unselected": ""
                }
              },
              "viewParams": {},
              "viewPath": "",
              "visible": true,
              "width": ""
            },
            {
              "align": "center",
              "boolean": "checkbox",
              "dateFormat": "MM/DD/YYYY",
              "editable": false,
              "field": "B_gap",
              "filter": {
                "boolean": {
                  "condition": ""
                },
                "date": {
                  "condition": "",
                  "value": ""
                },
                "enabled": false,
                "number": {
                  "condition": "",
                  "value": ""
                },
                "string": {
                  "condition": "",
                  "value": ""
                },
                "visible": "on-hover"
              },
              "footer": {
                "align": "center",
                "justify": "left",
                "style": {
                  "classes": ""
                },
                "title": ""
              },
              "header": {
                "align": "center",
                "justify": "center",
                "style": {
                  "classes": ""
                },
                "title": " "
              },
              "justify": "center",
              "number": "value",
              "numberFormat": "0,0.##",
              "progressBar": {
                "bar": {
                  "color": "",
                  "style": {
                    "classes": ""
                  }
                },
                "max": 100,
                "min": 0,
                "track": {
                  "color": "",
                  "style": {
                    "classes": ""
                  }
                },
                "value": {
                  "enabled": true,
                  "format": "0,0.##",
                  "justify": "center",
                  "style": {
                    "classes": ""
                  }
                }
              },
              "render": "string",
              "resizable": false,
              "sort": "none",
              "sortable": false,
              "strictWidth": true,
              "style": {
                "classes": ""
              },
              "toggleSwitch": {
                "color": {
                  "selected": "",
                  "unselected": ""
                }
              },
              "viewParams": {},
              "viewPath": "",
              "visible": true,
              "width": 10
            },
            {
              "align": "center",
              "boolean": "checkbox",
              "dateFormat": "MM/DD/YYYY",
              "editable": false,
              "field": "quantity",
              "filter": {
                "boolean": {
                  "condition": ""
                },
                "date": {
                  "condition": "",
                  "value": ""
                },
                "enabled": false,
                "number": {
                  "condition": "",
                  "value": ""
                },
                "string": {
                  "condition": "",
                  "value": ""
                },
                "visible": "on-hover"
              },
              "footer": {
                "align": "center",
                "justify": "left",
                "style": {
                  "classes": ""
                },
                "title": ""
              },
              "header": {
                "align": "center",
                "justify": "center",
                "style": {
                  "classes": ""
                },
                "title": "QTY"
              },
              "justify": "center",
              "number": "value",
              "numberFormat": "0,0.00",
              "progressBar": {
                "bar": {
                  "color": "",
                  "style": {
                    "classes": ""
                  }
                },
                "max": 100,
                "min": 0,
                "track": {
                  "color": "",
                  "style": {
                    "classes": ""
                  }
                },
                "value": {
                  "enabled": true,
                  "format": "0,0.##",
                  "justify": "center",
                  "style": {
                    "classes": ""
                  }
                }
              },
              "render": "number",
              "resizable": false,
              "sort": "none",
              "sortable": false,
              "strictWidth": false,
              "style": {
                "classes": ""
              },
              "toggleSwitch": {
                "color": {
                  "selected": "",
                  "unselected": ""
                }
              },
              "viewParams": {},
              "viewPath": "",
              "visible": true,
              "width": ""
            },
            {
              "align": "center",
              "boolean": "checkbox",
              "dateFormat": "MM/DD/YYYY",
              "editable": false,
              "field": "qty_uom",
              "filter": {
                "boolean": {
                  "condition": ""
                },
                "date": {
                  "condition": "",
                  "value": ""
                },
                "enabled": false,
                "number": {
                  "condition": "",
                  "value": ""
                },
                "string": {
                  "condition": "",
                  "value": ""
                },
                "visible": "on-hover"
              },
              "footer": {
                "align": "center",
                "justify": "left",
                "style": {
                  "classes": ""
                },
                "title": ""
              },
              "header": {
                "align": "center",
                "justify": "center",
                "style": {
                  "classes": ""
                },
                "title": " "
              },
              "justify": "center",
              "number": "value",
              "numberFormat": "0,0.##",
              "progressBar": {
                "bar": {
                  "color": "",
                  "style": {
                    "classes": ""
                  }
                },
                "max": 100,
                "min": 0,
                "track": {
                  "color": "",
                  "style": {
                    "classes": ""
                  }
                },
                "value": {
                  "enabled": true,
                  "format": "0,0.##",
                  "justify": "center",
                  "style": {
                    "classes": ""
                  }
                }
              },
              "render": "auto",
              "resizable": false,
              "sort": "none",
              "sortable": false,
              "strictWidth": true,
              "style": {
                "classes": ""
              },
              "toggleSwitch": {
                "color": {
                  "selected": "",
                  "unselected": ""
                }
              },
              "viewParams": {},
              "viewPath": "",
              "visible": true,
              "width": 20
            },
            {
              "align": "center",
              "boolean": "checkbox",
              "dateFormat": "MM/DD/YYYY",
              "editable": false,
              "field": "Batch_B",
              "filter": {
                "boolean": {
                  "condition": ""
                },
                "date": {
                  "condition": "",
                  "value": ""
                },
                "enabled": false,
                "number": {
                  "condition": "",
                  "value": ""
                },
                "string": {
                  "condition": "",
                  "value": ""
                },
                "visible": "on-hover"
              },
              "footer": {
                "align": "center",
                "justify": "left",
                "style": {
                  "classes": ""
                },
                "title": ""
              },
              "header": {
                "align": "center",
                "justify": "left",
                "style": {
                  "classes": ""
                },
                "title": ""
              },
              "justify": "auto",
              "number": "value",
              "numberFormat": "0,0.##",
              "progressBar": {
                "bar": {
                  "color": "",
                  "style": {
                    "classes": ""
                  }
                },
                "max": 100,
                "min": 0,
                "track": {
                  "color": "",
                  "style": {
                    "classes": ""
                  }
                },
                "value": {
                  "enabled": true,
                  "format": "0,0.##",
                  "justify": "center",
                  "style": {
                    "classes": ""
                  }
                }
              },
              "render": "auto",
              "resizable": true,
              "sort": "none",
              "sortable": true,
              "strictWidth": false,
              "style": {
                "classes": ""
              },
              "toggleSwitch": {
                "color": {
                  "selected": "",
                  "unselected": ""
                }
              },
              "viewParams": {},
              "viewPath": "",
              "visible": false,
              "width": ""
            },
            {
              "align": "center",
              "boolean": "checkbox",
              "dateFormat": "MM/DD/YYYY",
              "editable": true,
              "field": "Batch_Selction",
              "filter": {
                "boolean": {
                  "condition": ""
                },
                "date": {
                  "condition": "",
                  "value": ""
                },
                "enabled": false,
                "number": {
                  "condition": "",
                  "value": ""
                },
                "string": {
                  "condition": "",
                  "value": ""
                },
                "visible": "on-hover"
              },
              "footer": {
                "align": "center",
                "justify": "left",
                "style": {
                  "classes": ""
                },
                "title": ""
              },
              "header": {
                "align": "center",
                "justify": "center",
                "style": {
                  "classes": ""
                },
                "title": " "
              },
              "justify": "center",
              "number": "value",
              "numberFormat": "0,0.##",
              "progressBar": {
                "bar": {
                  "color": "",
                  "style": {
                    "classes": ""
                  }
                },
                "max": 100,
                "min": 0,
                "track": {
                  "color": "",
                  "style": {
                    "classes": ""
                  }
                },
                "value": {
                  "enabled": true,
                  "format": "0,0.##",
                  "justify": "center",
                  "style": {
                    "classes": ""
                  }
                }
              },
              "render": "boolean",
              "resizable": false,
              "sort": "none",
              "sortable": false,
              "strictWidth": true,
              "style": {
                "classes": ""
              },
              "toggleSwitch": {
                "color": {
                  "selected": "",
                  "unselected": ""
                }
              },
              "viewParams": {},
              "viewPath": "",
              "visible": true,
              "width": 25
            },
            {
              "align": "center",
              "boolean": "checkbox",
              "dateFormat": "MM/DD/YYYY",
              "editable": false,
              "field": "S_proc_qty",
              "filter": {
                "boolean": {
                  "condition": ""
                },
                "date": {
                  "condition": "",
                  "value": ""
                },
                "enabled": false,
                "number": {
                  "condition": "",
                  "value": ""
                },
                "string": {
                  "condition": "",
                  "value": ""
                },
                "visible": "on-hover"
              },
              "footer": {
                "align": "center",
                "justify": "left",
                "style": {
                  "classes": ""
                },
                "title": ""
              },
              "header": {
                "align": "center",
                "justify": "center",
                "style": {
                  "classes": ""
                },
                "title": "Available (qty)"
              },
              "justify": "center",
              "number": "value",
              "numberFormat": "0,0.##",
              "progressBar": {
                "bar": {
                  "color": "",
                  "style": {
                    "classes": ""
                  }
                },
                "max": 100,
                "min": 0,
                "track": {
                  "color": "",
                  "style": {
                    "classes": ""
                  }
                },
                "value": {
                  "enabled": true,
                  "format": "0,0.##",
                  "justify": "center",
                  "style": {
                    "classes": ""
                  }
                }
              },
              "render": "auto",
              "resizable": false,
              "sort": "none",
              "sortable": false,
              "strictWidth": false,
              "style": {
                "classes": ""
              },
              "toggleSwitch": {
                "color": {
                  "selected": "",
                  "unselected": ""
                }
              },
              "viewParams": {},
              "viewPath": "",
              "visible": true,
              "width": ""
            },
            {
              "align": "center",
              "boolean": "checkbox",
              "dateFormat": "MM/DD/YYYY",
              "editable": false,
              "field": "Action",
              "filter": {
                "boolean": {
                  "condition": ""
                },
                "date": {
                  "condition": "",
                  "value": ""
                },
                "enabled": false,
                "number": {
                  "condition": "",
                  "value": ""
                },
                "string": {
                  "condition": "",
                  "value": ""
                },
                "visible": "on-hover"
              },
              "footer": {
                "align": "center",
                "justify": "left",
                "style": {
                  "classes": ""
                },
                "title": ""
              },
              "header": {
                "align": "center",
                "justify": "left",
                "style": {
                  "classes": ""
                },
                "title": " "
              },
              "justify": "auto",
              "number": "value",
              "numberFormat": "0,0.##",
              "progressBar": {
                "bar": {
                  "color": "",
                  "style": {
                    "classes": ""
                  }
                },
                "max": 100,
                "min": 0,
                "track": {
                  "color": "",
                  "style": {
                    "classes": ""
                  }
                },
                "value": {
                  "enabled": true,
                  "format": "0,0.##",
                  "justify": "center",
                  "style": {
                    "classes": ""
                  }
                }
              },
              "render": "view",
              "resizable": false,
              "sort": "none",
              "sortable": false,
              "strictWidth": false,
              "style": {
                "classes": ""
              },
              "toggleSwitch": {
                "color": {
                  "selected": "",
                  "unselected": ""
                }
              },
              "viewParams": {
                "rowData": {}
              },
              "viewPath": "Template/User_Input_Table_Template/Action",
              "visible": true,
              "width": ""
            },
            {
              "align": "center",
              "boolean": "checkbox",
              "dateFormat": "MM/DD/YYYY",
              "editable": false,
              "field": "valuation_type",
              "filter": {
                "boolean": {
                  "condition": ""
                },
                "date": {
                  "condition": "",
                  "value": ""
                },
                "enabled": false,
                "number": {
                  "condition": "",
                  "value": ""
                },
                "string": {
                  "condition": "",
                  "value": ""
                },
                "visible": "on-hover"
              },
              "footer": {
                "align": "center",
                "justify": "left",
                "style": {
                  "classes": ""
                },
                "title": ""
              },
              "header": {
                "align": "center",
                "justify": "left",
                "style": {
                  "classes": ""
                },
                "title": ""
              },
              "justify": "auto",
              "number": "value",
              "numberFormat": "0,0.##",
              "progressBar": {
                "bar": {
                  "color": "",
                  "style": {
                    "classes": ""
                  }
                },
                "max": 100,
                "min": 0,
                "track": {
                  "color": "",
                  "style": {
                    "classes": ""
                  }
                },
                "value": {
                  "enabled": true,
                  "format": "0,0.##",
                  "justify": "center",
                  "style": {
                    "classes": ""
                  }
                }
              },
              "render": "auto",
              "resizable": true,
              "sort": "none",
              "sortable": true,
              "strictWidth": false,
              "style": {
                "classes": ""
              },
              "toggleSwitch": {
                "color": {
                  "selected": "",
                  "unselected": ""
                }
              },
              "viewParams": {},
              "viewPath": "",
              "visible": false,
              "width": ""
            },
            {
              "align": "center",
              "boolean": "checkbox",
              "dateFormat": "MM/DD/YYYY",
              "editable": false,
              "field": "storage_loc",
              "filter": {
                "boolean": {
                  "condition": ""
                },
                "date": {
                  "condition": "",
                  "value": ""
                },
                "enabled": false,
                "number": {
                  "condition": "",
                  "value": ""
                },
                "string": {
                  "condition": "",
                  "value": ""
                },
                "visible": "on-hover"
              },
              "footer": {
                "align": "center",
                "justify": "left",
                "style": {
                  "classes": ""
                },
                "title": ""
              },
              "header": {
                "align": "center",
                "justify": "left",
                "style": {
                  "classes": ""
                },
                "title": ""
              },
              "justify": "auto",
              "number": "value",
              "numberFormat": "0,0.##",
              "progressBar": {
                "bar": {
                  "color": "",
                  "style": {
                    "classes": ""
                  }
                },
                "max": 100,
                "min": 0,
                "track": {
                  "color": "",
                  "style": {
                    "classes": ""
                  }
                },
                "value": {
                  "enabled": true,
                  "format": "0,0.##",
                  "justify": "center",
                  "style": {
                    "classes": ""
                  }
                }
              },
              "render": "auto",
              "resizable": true,
              "sort": "none",
              "sortable": true,
              "strictWidth": false,
              "style": {
                "classes": ""
              },
              "toggleSwitch": {
                "color": {
                  "selected": "",
                  "unselected": ""
                }
              },
              "viewParams": {},
              "viewPath": "",
              "visible": false,
              "width": ""
            }
          ],
          "pager": {
            "initialOption": 100,
            "options": [
              100,
              500,
              1500,
              2000,
              2500
            ]
          },
          "rows": {
            "height": 23,
            "highlight": {
              "color": "#62D95D00"
            },
            "striped": {
              "enabled": false
            },
            "style": {
              "backgroundColor": "#F1FBFD"
            }
          },
          "selection": {},
          "style": {
            "borderBottomLeftRadius": 6,
            "borderBottomRightRadius": 6,
            "borderTopLeftRadius": 6,
            "borderTopRightRadius": 6,
            "padding": 4
          }
        },
        "scripts": {
          "customMethods": [],
          "extensionFunctions": null,
          "messageHandlers": [
            {
              "messageType": "MaterialCode",
              "pageScope": true,
              "script": "\t# implement your handler here\n\tMC\u003dpayload[\u0027selectedMC\u0027]\n\tself.custom.Material_Code\u003dMC\n\tquery\u003d\u0027\u0027\u0027\n\tWITH RankedResults AS (\n\t\t    SELECT\n\t\t        ROW_NUMBER() OVER (ORDER BY [material_code]) AS sr_no,\n\t\t        [material_code],\n\t\t        [material_desc],\n\t\t        [material_sel],\n\t\n\t\t        0 AS proc_qty,\n\t\t        CASE\n\t\t            WHEN [batch] LIKE \u0027%BATCH%\u0027 THEN \u0027 \u0027\n\t\t            ELSE [batch]\n\t\t        END AS [batch],\n\t\t\t\tSUM([quantity]) OVER (PARTITION BY [material_code]) AS proc_qty1,\n\t\t        [quantity],\n\t\t        \u0027KG\u0027 AS [qty_uom],\n\t\t        ROW_NUMBER() OVER (PARTITION BY [material_code] ORDER BY (SELECT NULL)) AS rn,\n\t\t\t\tvaluation_type,\n\t\t\t\tstorage_loc\n\t\t    FROM [CIMS].[dbo].[mes_bom]\n\t\t    WHERE [material_code] \u003d ?\n\t\t        --AND [material_sel] !\u003d \u0027OUT\u0027\n\t\t        --AND [oprn] \u003d 10\n\t\t)\n\t\tSELECT\n\t\t    sr_no,\n\t\t    CASE\n\t\t        WHEN rn \u003e 1 THEN \u0027\u0027\n\t\t        ELSE [material_code]\n\t\t    END AS [material_code],\n\t\t    CASE\n\t\t        WHEN rn \u003e 1 THEN \u0027\u0027\n\t\t        ELSE [material_desc]\n\t\t    END AS [material_desc],\n\t\t    CASE\n\t\t        WHEN rn \u003e 1 THEN \u0027\u0027\n\t\t        ELSE [material_sel]\n\t\t    END AS [material_sel],\n\t\t    \u0027\u0027 AS Weigh,\n\t\t    CASE\n\t\t        WHEN sr_no \u003d 1 THEN CAST(proc_qty AS VARCHAR) -- Convert proc_qty to varchar when displayed\n\t\t        ELSE \u0027\u0027 -- Set to NULL for rows where it\u0027s not displayed\n\t\t    END AS proc_qty,\n\t\t    [batch],\n\t\t     \u0027-\u0027 AS B_gap,\n\t\t    [quantity],\n\t\t   \u0027KG\u0027 AS [qty_uom],\n\t\t    \u0027\u0027 AS Batch_B,\n\t\t\t0 AS Batch_Selction,\n\t\t\tCASE\n\t\t\t\tWHEN sr_no \u003d 1 THEN CAST(proc_qty1 AS VARCHAR) -- Convert proc_qty to varchar when displayed\n\t\t\t\tELSE \u0027\u0027 -- Set to NULL for rows where it\u0027s not displayed\n\t\t\tEND AS S_proc_qty,\n\t\t    \u0027\u0027 AS Action,\n\t\t\tvaluation_type,\n\t\t\t\tstorage_loc\n\t\tFROM RankedResults\n\t\u0027\u0027\u0027\n\targs\u003d[str(MC)]\n\tDATA\u003dsystem.db.runPrepQuery(query, args, \u0027CIMS2\u0027)\n\tself.props.data\u003dDATA",
              "sessionScope": false,
              "viewScope": false
            },
            {
              "messageType": "MaterialSel",
              "pageScope": true,
              "script": "\t# implement your handler here\n\tMS\u003dpayload[\u0027selectedMS\u0027]\n\tself.custom.Material_Selec\u003dMS\n\t\n\tDATA\u003dself.props.data\n\t\n\t# Make a new dataset with an updated value\n\tnewData \u003d system.dataset.setValue(DATA, 0, \"material_sel\", MS)\n\t#update back to table Data\n\tself.props.data\u003dnewData\n#\tnewData\u003dsystem.dataset.toDataSet(newData)\n\t\n\tif MS\u003d\u003d\u0027OUT\u0027:\n\t\tCHeaders\u003dsystem.dataset.getColumnHeaders(newData)\n#\t\tself.custom.DATASET\u003dlen(CHeaders)\n\t\tA\u003d[]\n\t\tfor i in range(len(CHeaders)):\n\t\t\tself.custom.DATASET\u003dtype(newData)\n\t\t\tA.append(newData.getValueAt(0,str(CHeaders[i])))\n\t\tself.custom.DATASET\u003dA\n#\t\tModify the array\n\t\tfor i in range(6, len(CHeaders)):\n\t\t    A[i] \u003d \u0027\u0027\n#\t\tClear the Dataset\n\t\tDATA\u003dsystem.dataset.clearDataset(newData)\n\t\tself.props.data\u003dDATA\n\t\tDATA\u003dsystem.dataset.addRow(DATA, 0, A)\n\t\tself.props.data\u003dDATA\n#\t\tsystem.perspective.refreshBinding(\u0027self.props.data\u0027)\n\telse:\n\t\tpass\t\t",
              "sessionScope": false,
              "viewScope": false
            },
            {
              "messageType": "WeighSel",
              "pageScope": true,
              "script": "\t# implement your handler here\n\t# implement your handler here\n\tWeigh\u003dpayload[\u0027selectedWeigh\u0027]\n\tself.custom.Weigh\u003dWeigh",
              "sessionScope": false,
              "viewScope": false
            },
            {
              "messageType": "ProcQTY",
              "pageScope": true,
              "script": "\t# implement your handler here\n\tWeigh\u003dpayload[\u0027ProcQTY\u0027]\n\tself.custom.PQDATA\u003dWeigh\t",
              "sessionScope": false,
              "viewScope": false
            }
          ]
        },
        "type": "ia.display.table"
      },
      {
        "custom": {
          "Header": false,
          "Row_Selection": false
        },
        "meta": {
          "name": "Table"
        },
        "position": {
          "basis": "400px",
          "grow": 1
        },
        "propConfig": {
          "custom.len": {
            "binding": {
              "config": {
                "path": "this.props.data"
              },
              "overlayOptOut": true,
              "transforms": [
                {
                  "code": "\ttry:\n\t\treturn value.getRowCount()\n\texcept:\n\t\treturn len(value)",
                  "type": "script"
                }
              ],
              "type": "property"
            }
          },
          "position.display": {
            "binding": {
              "config": {
                "path": "view.params.EDIT"
              },
              "overlayOptOut": true,
              "transforms": [
                {
                  "fallback": null,
                  "inputType": "scalar",
                  "mappings": [
                    {
                      "input": true,
                      "output": false
                    },
                    {
                      "input": false,
                      "output": true
                    }
                  ],
                  "outputType": "scalar",
                  "type": "map"
                }
              ],
              "type": "property"
            }
          },
          "props.columns[9].editable": {
            "binding": {
              "config": {
                "path": "this.custom.Row_Selection"
              },
              "overlayOptOut": true,
              "type": "property"
            }
          },
          "props.data": {
            "binding": {
              "config": {
                "path": "view.params.EDIT"
              },
              "overlayOptOut": true,
              "transforms": [
                {
                  "code": "\tPONO\u003dstr(self.view.params.PO_No)\n\tMC\u003dstr(self.view.params.Material_Code)\n\tMS\u003dstr(self.view.params.Material_Selection)\n\tif MS\u003d\u003d\u0027OUT\u0027:\n\t\tquery\u003d\u0027\u0027\u0027\n\t\t\tWITH RankedResults AS (\n\t\t\t\t    SELECT\n\t\t\t\t        ROW_NUMBER() OVER (ORDER BY LTRIM(RTRIM([material_code]))) AS sr_no,\n\t\t\t\t        LTRIM(RTRIM([material_code])) AS [material_code],\n\t\t\t\t        LTRIM(RTRIM([material_description])) AS [material_description],\n\t\t\t\t        LTRIM(RTRIM([material_selection])) AS [material_selection],\n\t\t\t\t        SUM([qty]) OVER (PARTITION BY LTRIM(RTRIM([material_code]))) AS proc_qty,\n\t\t\t\t        CASE\n\t\t\t\t            WHEN LTRIM(RTRIM([batch])) LIKE \u0027%BATCH%\u0027 THEN \u0027 \u0027\n\t\t\t\t            ELSE LTRIM(RTRIM([batch]))\n\t\t\t\t        END AS [batch],\n\t\t\t\t        [qty],\n\t\t\t\t        LTRIM(RTRIM([qty_uom])) AS [qty_uom],\n\t\t\t\t        ROW_NUMBER() OVER (PARTITION BY LTRIM(RTRIM([material_code])) ORDER BY (SELECT NULL)) AS rn\n\t\t\t\t    FROM [CIMS].[dbo].[mes_MF\u0026HF_operation]\n\t\t\t\t    WHERE [prod_order] \u003d ?\n\t\t\t\t        AND LTRIM(RTRIM([material_code])) \u003d ?\n\t\t\t\t        AND LTRIM(RTRIM([material_selection])) \u003d ?\n\t\t\t\t        AND [oprn] \u003d 10\n\t\t\t\t)\n\t\t\t\tSELECT\n\t\t\t\t    sr_no,\n\t\t\t\t    CASE\n\t\t\t\t        WHEN rn \u003e 1 THEN \u0027\u0027\n\t\t\t\t        ELSE LTRIM(RTRIM([material_code]))\n\t\t\t\t    END AS [material_code],\n\t\t\t\t    CASE\n\t\t\t\t        WHEN rn \u003e 1 THEN \u0027\u0027\n\t\t\t\t        ELSE LTRIM(RTRIM([material_description]))\n\t\t\t\t    END AS [material_description],\n\t\t\t\t    CASE\n\t\t\t\t        WHEN rn \u003e 1 THEN \u0027\u0027\n\t\t\t\t        ELSE LTRIM(RTRIM([material_selection]))\n\t\t\t\t    END AS [material_selection],\n\t\t\t\t    \u0027\u0027 AS Weigh,\n\t\t\t\t    CASE\n\t\t\t\t        WHEN sr_no \u003d 1 THEN CAST(proc_qty AS VARCHAR) -- Convert proc_qty to varchar when displayed\n\t\t\t\t        ELSE \u0027\u0027 -- Set to NULL for rows where it\u0027s not displayed\n\t\t\t\t    END AS proc_qty,\n\t\t\t\t    LTRIM(RTRIM([batch])) AS [batch],\n\t\t\t\t    \u0027\u0027 AS B_gap,\n\t\t\t\t    \u0027\u0027 as [qty],\n\t\t\t\t    \u0027\u0027 AS [qty_uom],\n\t\t\t\t    \u0027\u0027 AS Batch_B,\n\t\t\t\t    1 AS Batch_Selction,\n\t\t\t\t    CASE\n\t\t\t\t        WHEN sr_no \u003d 1 THEN CAST(proc_qty AS VARCHAR) -- Convert proc_qty to varchar when displayed\n\t\t\t\t        ELSE \u0027\u0027 -- Set to NULL for rows where it\u0027s not displayed\n\t\t\t\t    END AS S_proc_qty,\n\t\t\t\t    \u0027\u0027 AS Action\n\t\t\t\tFROM RankedResults\n\t\t\t\tWHERE sr_no \u003d 1 \t\n\t\t\t\u0027\u0027\u0027\n\telse:\t\n\t\tquery\u003d\u0027\u0027\u0027\n\t\tWITH RankedResults AS (\n\t\t    SELECT\n\t\t        ROW_NUMBER() OVER (ORDER BY LTRIM(RTRIM([material_code]))) AS sr_no,\n\t\t        LTRIM(RTRIM([material_code])) AS [material_code],\n\t\t        LTRIM(RTRIM([material_description])) AS [material_description],\n\t\t        LTRIM(RTRIM([material_selection])) AS [material_selection],\n\t\t        SUM([qty]) OVER (PARTITION BY LTRIM(RTRIM([material_code]))) AS proc_qty,\n\t\t        CASE\n\t\t            WHEN LTRIM(RTRIM([batch])) LIKE \u0027%BATCH%\u0027 THEN \u0027 \u0027\n\t\t            ELSE LTRIM(RTRIM([batch]))\n\t\t        END AS [batch],\n\t\t        [qty],\n\t\t        LTRIM(RTRIM([qty_uom])) AS [qty_uom],\n\t\t        ROW_NUMBER() OVER (PARTITION BY LTRIM(RTRIM([material_code])) ORDER BY (SELECT NULL)) AS rn\n\t\t    FROM [CIMS].[dbo].[mes_MF\u0026HF_operation]\n\t\t    WHERE [prod_order] \u003d ?\n\t\t        AND LTRIM(RTRIM([material_code])) \u003d ?\n\t\t        AND LTRIM(RTRIM([material_selection])) \u003d ?\n\t\t        AND [oprn] \u003d 10\n\t\t)\n\t\tSELECT\n\t\t    sr_no,\n\t\t    CASE\n\t\t        WHEN rn \u003e 1 THEN \u0027\u0027\n\t\t        ELSE LTRIM(RTRIM([material_code]))\n\t\t    END AS [material_code],\n\t\t    CASE\n\t\t        WHEN rn \u003e 1 THEN \u0027\u0027\n\t\t        ELSE LTRIM(RTRIM([material_description]))\n\t\t    END AS [material_description],\n\t\t    CASE\n\t\t        WHEN rn \u003e 1 THEN \u0027\u0027\n\t\t        ELSE LTRIM(RTRIM([material_selection]))\n\t\t    END AS [material_selection],\n\t\t    \u0027\u0027 AS Weigh,\n\t\t    CASE\n\t\t        WHEN sr_no \u003d 1 THEN CAST(proc_qty AS VARCHAR) -- Convert proc_qty to varchar when displayed\n\t\t        ELSE \u0027\u0027 -- Set to NULL for rows where it\u0027s not displayed\n\t\t    END AS proc_qty,\n\t\t    LTRIM(RTRIM([batch])) AS [batch],\n\t\t    \u0027-\u0027 AS B_gap,\n\t\t    [qty],\n\t\t    LTRIM(RTRIM([qty_uom])) AS [qty_uom],\n\t\t    \u0027\u0027 AS Batch_B,\n\t\t    1 AS Batch_Selction,\n\t\t    CASE\n\t\t        WHEN sr_no \u003d 1 THEN CAST(proc_qty AS VARCHAR) -- Convert proc_qty to varchar when displayed\n\t\t        ELSE \u0027\u0027 -- Set to NULL for rows where it\u0027s not displayed\n\t\t    END AS S_proc_qty,\n\t\t    \u0027\u0027 AS Action\n\t\tFROM RankedResults\n\t\t\u0027\u0027\u0027\n\targs\u003d[PONO,MC,MS]\n\tDATA\u003dsystem.db.runPrepQuery(query, args, \u0027CIMS2\u0027)\n#\treturn MS\n\treturn DATA",
                  "type": "script"
                }
              ],
              "type": "property"
            }
          },
          "props.enableHeader": {
            "binding": {
              "config": {
                "path": "this.custom.Header"
              },
              "overlayOptOut": true,
              "type": "property"
            }
          },
          "props.selection.enableRowSelection": {
            "binding": {
              "config": {
                "path": "this.custom.Row_Selection"
              },
              "overlayOptOut": true,
              "type": "property"
            }
          }
        },
        "props": {
          "bodyStyle": {
            "backgroundColor": "#D9F7C5"
          },
          "cells": {
            "allowEditOn": "single-click"
          },
          "columns": [
            {
              "align": "center",
              "boolean": "checkbox",
              "dateFormat": "MM/DD/YYYY",
              "editable": false,
              "field": "material_code",
              "filter": {
                "boolean": {
                  "condition": ""
                },
                "date": {
                  "condition": "",
                  "value": ""
                },
                "enabled": false,
                "number": {
                  "condition": "",
                  "value": ""
                },
                "string": {
                  "condition": "",
                  "value": ""
                },
                "visible": "on-hover"
              },
              "footer": {
                "align": "center",
                "justify": "left",
                "style": {
                  "classes": ""
                },
                "title": ""
              },
              "header": {
                "align": "center",
                "justify": "center",
                "style": {
                  "classes": ""
                },
                "title": "Material Code"
              },
              "justify": "center",
              "number": "value",
              "numberFormat": "0,0.##",
              "progressBar": {
                "bar": {
                  "color": "",
                  "style": {
                    "classes": ""
                  }
                },
                "max": 100,
                "min": 0,
                "track": {
                  "color": "",
                  "style": {
                    "classes": ""
                  }
                },
                "value": {
                  "enabled": true,
                  "format": "0,0.##",
                  "justify": "center",
                  "style": {
                    "classes": ""
                  }
                }
              },
              "render": "string",
              "resizable": false,
              "sort": "none",
              "sortable": false,
              "strictWidth": false,
              "style": {
                "classes": ""
              },
              "toggleSwitch": {
                "color": {
                  "selected": "",
                  "unselected": ""
                }
              },
              "viewParams": {},
              "viewPath": "",
              "visible": true,
              "width": "auto"
            },
            {
              "align": "center",
              "boolean": "checkbox",
              "dateFormat": "MM/DD/YYYY",
              "editable": false,
              "field": "material_selection",
              "filter": {
                "boolean": {
                  "condition": ""
                },
                "date": {
                  "condition": "",
                  "value": ""
                },
                "enabled": false,
                "number": {
                  "condition": "",
                  "value": ""
                },
                "string": {
                  "condition": "",
                  "value": ""
                },
                "visible": "on-hover"
              },
              "footer": {
                "align": "center",
                "justify": "left",
                "style": {
                  "classes": ""
                },
                "title": ""
              },
              "header": {
                "align": "center",
                "justify": "center",
                "style": {
                  "classes": ""
                },
                "title": "Material Selection"
              },
              "justify": "center",
              "number": "value",
              "numberFormat": "0,0.##",
              "progressBar": {
                "bar": {
                  "color": "",
                  "style": {
                    "classes": ""
                  }
                },
                "max": 100,
                "min": 0,
                "track": {
                  "color": "",
                  "style": {
                    "classes": ""
                  }
                },
                "value": {
                  "enabled": true,
                  "format": "0,0.##",
                  "justify": "center",
                  "style": {
                    "classes": ""
                  }
                }
              },
              "render": "string",
              "resizable": true,
              "sort": "none",
              "sortable": true,
              "strictWidth": true,
              "style": {
                "classes": ""
              },
              "toggleSwitch": {
                "color": {
                  "selected": "",
                  "unselected": ""
                }
              },
              "viewParams": {},
              "viewPath": "",
              "visible": true,
              "width": 30
            },
            {
              "align": "center",
              "boolean": "checkbox",
              "dateFormat": "MM/DD/YYYY",
              "editable": false,
              "field": "material_description",
              "filter": {
                "boolean": {
                  "condition": ""
                },
                "date": {
                  "condition": "",
                  "value": ""
                },
                "enabled": false,
                "number": {
                  "condition": "",
                  "value": ""
                },
                "string": {
                  "condition": "",
                  "value": ""
                },
                "visible": "on-hover"
              },
              "footer": {
                "align": "center",
                "justify": "left",
                "style": {
                  "classes": ""
                },
                "title": ""
              },
              "header": {
                "align": "center",
                "justify": "center",
                "style": {
                  "classes": ""
                },
                "title": "Material Description"
              },
              "justify": "center",
              "number": "value",
              "numberFormat": "0,0.##",
              "progressBar": {
                "bar": {
                  "color": "",
                  "style": {
                    "classes": ""
                  }
                },
                "max": 100,
                "min": 0,
                "track": {
                  "color": "",
                  "style": {
                    "classes": ""
                  }
                },
                "value": {
                  "enabled": true,
                  "format": "0,0.##",
                  "justify": "center",
                  "style": {
                    "classes": ""
                  }
                }
              },
              "render": "string",
              "resizable": false,
              "sort": "none",
              "sortable": false,
              "strictWidth": true,
              "style": {
                "classes": ""
              },
              "toggleSwitch": {
                "color": {
                  "selected": "",
                  "unselected": ""
                }
              },
              "viewParams": {},
              "viewPath": "",
              "visible": true,
              "width": 150
            },
            {
              "align": "center",
              "boolean": "checkbox",
              "dateFormat": "MM/DD/YYYY",
              "editable": false,
              "field": "Weigh",
              "filter": {
                "boolean": {
                  "condition": ""
                },
                "date": {
                  "condition": "",
                  "value": ""
                },
                "enabled": false,
                "number": {
                  "condition": "",
                  "value": ""
                },
                "string": {
                  "condition": "",
                  "value": ""
                },
                "visible": "on-hover"
              },
              "footer": {
                "align": "center",
                "justify": "left",
                "style": {
                  "classes": ""
                },
                "title": ""
              },
              "header": {
                "align": "center",
                "justify": "center",
                "style": {
                  "classes": ""
                },
                "title": "Weigh Indicator"
              },
              "justify": "center",
              "number": "value",
              "numberFormat": "0,0.##",
              "progressBar": {
                "bar": {
                  "color": "",
                  "style": {
                    "classes": ""
                  }
                },
                "max": 100,
                "min": 0,
                "track": {
                  "color": "",
                  "style": {
                    "classes": ""
                  }
                },
                "value": {
                  "enabled": true,
                  "format": "0,0.##",
                  "justify": "center",
                  "style": {
                    "classes": ""
                  }
                }
              },
              "render": "auto",
              "resizable": false,
              "sort": "none",
              "sortable": false,
              "strictWidth": false,
              "style": {
                "classes": ""
              },
              "toggleSwitch": {
                "color": {
                  "selected": "",
                  "unselected": ""
                }
              },
              "viewParams": {},
              "viewPath": "",
              "visible": true,
              "width": ""
            },
            {
              "align": "center",
              "boolean": "checkbox",
              "dateFormat": "MM/DD/YYYY",
              "editable": false,
              "field": "proc_qty",
              "filter": {
                "boolean": {
                  "condition": ""
                },
                "date": {
                  "condition": "",
                  "value": ""
                },
                "enabled": false,
                "number": {
                  "condition": "",
                  "value": ""
                },
                "string": {
                  "condition": "",
                  "value": ""
                },
                "visible": "on-hover"
              },
              "footer": {
                "align": "center",
                "justify": "left",
                "style": {
                  "classes": ""
                },
                "title": ""
              },
              "header": {
                "align": "center",
                "justify": "center",
                "style": {
                  "classes": ""
                },
                "title": "Proccesed QTY"
              },
              "justify": "center",
              "number": "value",
              "numberFormat": "0,0.##",
              "progressBar": {
                "bar": {
                  "color": "",
                  "style": {
                    "classes": ""
                  }
                },
                "max": 100,
                "min": 0,
                "track": {
                  "color": "",
                  "style": {
                    "classes": ""
                  }
                },
                "value": {
                  "enabled": true,
                  "format": "0,0.##",
                  "justify": "center",
                  "style": {
                    "classes": ""
                  }
                }
              },
              "render": "auto",
              "resizable": false,
              "sort": "none",
              "sortable": false,
              "strictWidth": true,
              "style": {
                "classes": ""
              },
              "toggleSwitch": {
                "color": {
                  "selected": "",
                  "unselected": ""
                }
              },
              "viewParams": {},
              "viewPath": "",
              "visible": true,
              "width": 40
            },
            {
              "align": "center",
              "boolean": "checkbox",
              "dateFormat": "MM/DD/YYYY",
              "editable": false,
              "field": "batch",
              "filter": {
                "boolean": {
                  "condition": ""
                },
                "date": {
                  "condition": "",
                  "value": ""
                },
                "enabled": false,
                "number": {
                  "condition": "",
                  "value": ""
                },
                "string": {
                  "condition": "",
                  "value": ""
                },
                "visible": "on-hover"
              },
              "footer": {
                "align": "center",
                "justify": "left",
                "style": {
                  "classes": ""
                },
                "title": ""
              },
              "header": {
                "align": "center",
                "justify": "center",
                "style": {
                  "classes": ""
                },
                "title": "Batch"
              },
              "justify": "center",
              "number": "value",
              "numberFormat": "0,0.##",
              "progressBar": {
                "bar": {
                  "color": "",
                  "style": {
                    "classes": ""
                  }
                },
                "max": 100,
                "min": 0,
                "track": {
                  "color": "",
                  "style": {
                    "classes": ""
                  }
                },
                "value": {
                  "enabled": true,
                  "format": "0,0.##",
                  "justify": "center",
                  "style": {
                    "classes": ""
                  }
                }
              },
              "render": "auto",
              "resizable": false,
              "sort": "none",
              "sortable": false,
              "strictWidth": false,
              "style": {
                "classes": ""
              },
              "toggleSwitch": {
                "color": {
                  "selected": "",
                  "unselected": ""
                }
              },
              "viewParams": {},
              "viewPath": "",
              "visible": true,
              "width": ""
            },
            {
              "align": "center",
              "boolean": "checkbox",
              "dateFormat": "MM/DD/YYYY",
              "editable": false,
              "field": "B_gap",
              "filter": {
                "boolean": {
                  "condition": ""
                },
                "date": {
                  "condition": "",
                  "value": ""
                },
                "enabled": false,
                "number": {
                  "condition": "",
                  "value": ""
                },
                "string": {
                  "condition": "",
                  "value": ""
                },
                "visible": "on-hover"
              },
              "footer": {
                "align": "center",
                "justify": "left",
                "style": {
                  "classes": ""
                },
                "title": ""
              },
              "header": {
                "align": "center",
                "justify": "center",
                "style": {
                  "classes": ""
                },
                "title": " "
              },
              "justify": "center",
              "number": "value",
              "numberFormat": "0,0.##",
              "progressBar": {
                "bar": {
                  "color": "",
                  "style": {
                    "classes": ""
                  }
                },
                "max": 100,
                "min": 0,
                "track": {
                  "color": "",
                  "style": {
                    "classes": ""
                  }
                },
                "value": {
                  "enabled": true,
                  "format": "0,0.##",
                  "justify": "center",
                  "style": {
                    "classes": ""
                  }
                }
              },
              "render": "string",
              "resizable": false,
              "sort": "none",
              "sortable": false,
              "strictWidth": true,
              "style": {
                "classes": ""
              },
              "toggleSwitch": {
                "color": {
                  "selected": "",
                  "unselected": ""
                }
              },
              "viewParams": {},
              "viewPath": "",
              "visible": true,
              "width": 10
            },
            {
              "align": "center",
              "boolean": "checkbox",
              "dateFormat": "MM/DD/YYYY",
              "editable": false,
              "field": "qty",
              "filter": {
                "boolean": {
                  "condition": ""
                },
                "date": {
                  "condition": "",
                  "value": ""
                },
                "enabled": false,
                "number": {
                  "condition": "",
                  "value": ""
                },
                "string": {
                  "condition": "",
                  "value": ""
                },
                "visible": "on-hover"
              },
              "footer": {
                "align": "center",
                "justify": "left",
                "style": {
                  "classes": ""
                },
                "title": ""
              },
              "header": {
                "align": "center",
                "justify": "center",
                "style": {
                  "classes": ""
                },
                "title": "QTY"
              },
              "justify": "center",
              "number": "value",
              "numberFormat": "0,0.00",
              "progressBar": {
                "bar": {
                  "color": "",
                  "style": {
                    "classes": ""
                  }
                },
                "max": 100,
                "min": 0,
                "track": {
                  "color": "",
                  "style": {
                    "classes": ""
                  }
                },
                "value": {
                  "enabled": true,
                  "format": "0,0.##",
                  "justify": "center",
                  "style": {
                    "classes": ""
                  }
                }
              },
              "render": "number",
              "resizable": false,
              "sort": "none",
              "sortable": false,
              "strictWidth": true,
              "style": {
                "classes": ""
              },
              "toggleSwitch": {
                "color": {
                  "selected": "",
                  "unselected": ""
                }
              },
              "viewParams": {},
              "viewPath": "",
              "visible": true,
              "width": 60
            },
            {
              "align": "center",
              "boolean": "checkbox",
              "dateFormat": "MM/DD/YYYY",
              "editable": false,
              "field": "qty_uom",
              "filter": {
                "boolean": {
                  "condition": ""
                },
                "date": {
                  "condition": "",
                  "value": ""
                },
                "enabled": false,
                "number": {
                  "condition": "",
                  "value": ""
                },
                "string": {
                  "condition": "",
                  "value": ""
                },
                "visible": "on-hover"
              },
              "footer": {
                "align": "center",
                "justify": "left",
                "style": {
                  "classes": ""
                },
                "title": ""
              },
              "header": {
                "align": "center",
                "justify": "center",
                "style": {
                  "classes": ""
                },
                "title": " "
              },
              "justify": "center",
              "number": "value",
              "numberFormat": "0,0.##",
              "progressBar": {
                "bar": {
                  "color": "",
                  "style": {
                    "classes": ""
                  }
                },
                "max": 100,
                "min": 0,
                "track": {
                  "color": "",
                  "style": {
                    "classes": ""
                  }
                },
                "value": {
                  "enabled": true,
                  "format": "0,0.##",
                  "justify": "center",
                  "style": {
                    "classes": ""
                  }
                }
              },
              "render": "auto",
              "resizable": false,
              "sort": "none",
              "sortable": false,
              "strictWidth": true,
              "style": {
                "classes": ""
              },
              "toggleSwitch": {
                "color": {
                  "selected": "",
                  "unselected": ""
                }
              },
              "viewParams": {},
              "viewPath": "",
              "visible": true,
              "width": 20
            },
            {
              "align": "center",
              "boolean": "checkbox",
              "dateFormat": "MM/DD/YYYY",
              "field": "Batch_B",
              "filter": {
                "boolean": {
                  "condition": ""
                },
                "date": {
                  "condition": "",
                  "value": ""
                },
                "enabled": false,
                "number": {
                  "condition": "",
                  "value": ""
                },
                "string": {
                  "condition": "",
                  "value": ""
                },
                "visible": "on-hover"
              },
              "footer": {
                "align": "center",
                "justify": "left",
                "style": {
                  "classes": ""
                },
                "title": ""
              },
              "header": {
                "align": "center",
                "justify": "left",
                "style": {
                  "classes": ""
                },
                "title": ""
              },
              "justify": "auto",
              "number": "value",
              "numberFormat": "0,0.##",
              "progressBar": {
                "bar": {
                  "color": "",
                  "style": {
                    "classes": ""
                  }
                },
                "max": 100,
                "min": 0,
                "track": {
                  "color": "",
                  "style": {
                    "classes": ""
                  }
                },
                "value": {
                  "enabled": true,
                  "format": "0,0.##",
                  "justify": "center",
                  "style": {
                    "classes": ""
                  }
                }
              },
              "render": "auto",
              "resizable": true,
              "sort": "none",
              "sortable": true,
              "strictWidth": true,
              "style": {
                "classes": ""
              },
              "toggleSwitch": {
                "color": {
                  "selected": "",
                  "unselected": ""
                }
              },
              "viewParams": {},
              "viewPath": "",
              "visible": false,
              "width": 10
            },
            {
              "align": "center",
              "boolean": "checkbox",
              "dateFormat": "MM/DD/YYYY",
              "editable": false,
              "field": "Batch_Selction",
              "filter": {
                "boolean": {
                  "condition": ""
                },
                "date": {
                  "condition": "",
                  "value": ""
                },
                "enabled": false,
                "number": {
                  "condition": "",
                  "value": ""
                },
                "string": {
                  "condition": "",
                  "value": ""
                },
                "visible": "on-hover"
              },
              "footer": {
                "align": "center",
                "justify": "left",
                "style": {
                  "classes": ""
                },
                "title": ""
              },
              "header": {
                "align": "center",
                "justify": "center",
                "style": {
                  "classes": ""
                },
                "title": " "
              },
              "justify": "center",
              "number": "value",
              "numberFormat": "0,0.##",
              "progressBar": {
                "bar": {
                  "color": "",
                  "style": {
                    "classes": ""
                  }
                },
                "max": 100,
                "min": 0,
                "track": {
                  "color": "",
                  "style": {
                    "classes": ""
                  }
                },
                "value": {
                  "enabled": true,
                  "format": "0,0.##",
                  "justify": "center",
                  "style": {
                    "classes": ""
                  }
                }
              },
              "render": "boolean",
              "resizable": false,
              "sort": "none",
              "sortable": false,
              "strictWidth": true,
              "style": {
                "classes": ""
              },
              "toggleSwitch": {
                "color": {
                  "selected": "",
                  "unselected": ""
                }
              },
              "viewParams": {},
              "viewPath": "",
              "visible": true,
              "width": 25
            },
            {
              "align": "center",
              "boolean": "checkbox",
              "dateFormat": "MM/DD/YYYY",
              "editable": false,
              "field": "S_proc_qty",
              "filter": {
                "boolean": {
                  "condition": ""
                },
                "date": {
                  "condition": "",
                  "value": ""
                },
                "enabled": false,
                "number": {
                  "condition": "",
                  "value": ""
                },
                "string": {
                  "condition": "",
                  "value": ""
                },
                "visible": "on-hover"
              },
              "footer": {
                "align": "center",
                "justify": "left",
                "style": {
                  "classes": ""
                },
                "title": ""
              },
              "header": {
                "align": "center",
                "justify": "center",
                "style": {
                  "classes": ""
                },
                "title": "Available (qty)"
              },
              "justify": "center",
              "number": "value",
              "numberFormat": "0,0.##",
              "progressBar": {
                "bar": {
                  "color": "",
                  "style": {
                    "classes": ""
                  }
                },
                "max": 100,
                "min": 0,
                "track": {
                  "color": "",
                  "style": {
                    "classes": ""
                  }
                },
                "value": {
                  "enabled": true,
                  "format": "0,0.##",
                  "justify": "center",
                  "style": {
                    "classes": ""
                  }
                }
              },
              "render": "auto",
              "resizable": false,
              "sort": "none",
              "sortable": false,
              "strictWidth": true,
              "style": {
                "classes": ""
              },
              "toggleSwitch": {
                "color": {
                  "selected": "",
                  "unselected": ""
                }
              },
              "viewParams": {},
              "viewPath": "",
              "visible": true,
              "width": 60
            },
            {
              "align": "center",
              "boolean": "checkbox",
              "dateFormat": "MM/DD/YYYY",
              "editable": false,
              "field": "Action",
              "filter": {
                "boolean": {
                  "condition": ""
                },
                "date": {
                  "condition": "",
                  "value": ""
                },
                "enabled": false,
                "number": {
                  "condition": "",
                  "value": ""
                },
                "string": {
                  "condition": "",
                  "value": ""
                },
                "visible": "on-hover"
              },
              "footer": {
                "align": "center",
                "justify": "left",
                "style": {
                  "classes": ""
                },
                "title": ""
              },
              "header": {
                "align": "center",
                "justify": "left",
                "style": {
                  "classes": ""
                },
                "title": " "
              },
              "justify": "auto",
              "number": "value",
              "numberFormat": "0,0.##",
              "progressBar": {
                "bar": {
                  "color": "",
                  "style": {
                    "classes": ""
                  }
                },
                "max": 100,
                "min": 0,
                "track": {
                  "color": "",
                  "style": {
                    "classes": ""
                  }
                },
                "value": {
                  "enabled": true,
                  "format": "0,0.##",
                  "justify": "center",
                  "style": {
                    "classes": ""
                  }
                }
              },
              "render": "auto",
              "resizable": false,
              "sort": "none",
              "sortable": false,
              "strictWidth": false,
              "style": {
                "classes": ""
              },
              "toggleSwitch": {
                "color": {
                  "selected": "",
                  "unselected": ""
                }
              },
              "viewParams": {},
              "viewPath": "",
              "visible": true,
              "width": ""
            }
          ],
          "dragOrderable": false,
          "pager": {
            "bottom": false
          },
          "rows": {
            "height": 23,
            "highlight": {
              "enabled": false
            },
            "striped": {
              "enabled": false
            },
            "style": {
              "backgroundColor": "#D9F7C5",
              "fontFamily": "Roboto",
              "fontSize": 14,
              "fontWeight": "normal"
            }
          },
          "selection": {},
          "style": {
            "borderBottomLeftRadius": 4,
            "borderBottomRightRadius": 4,
            "borderTopLeftRadius": 4,
            "borderTopRightRadius": 4
          }
        },
        "type": "ia.display.table"
      }
    ],
    "meta": {
      "name": "root"
    },
    "props": {
      "direction": "column",
      "style": {
        "borderBottomLeftRadius": 4,
        "borderBottomRightRadius": 4,
        "borderTopLeftRadius": 4,
        "borderTopRightRadius": 4,
        "margin": 2,
        "overflow": "hidden",
        "padding": 1
      }
    },
    "type": "ia.container.flex"
  }
}