{
  "custom": {},
  "params": {
    "FromDate": "2023-10-01 12:00:00",
    "ToDate": "2023-10-10 12:00:00"
  },
  "propConfig": {
    "params.FromDate": {
      "paramDirection": "input",
      "persistent": true
    },
    "params.ToDate": {
      "paramDirection": "input",
      "persistent": true
    }
  },
  "props": {
    "defaultSize": {
      "height": 972,
      "width": 1010
    }
  },
  "root": {
    "children": [
      {
        "children": [
          {
            "children": [
              {
                "events": {
                  "system": {
                    "onStartup": {
                      "config": {
                        "script": "\tself.props.value \u003d \u0027EC1\u0027"
                      },
                      "scope": "G",
                      "type": "script"
                    }
                  }
                },
                "meta": {
                  "name": "Dropdown"
                },
                "position": {
                  "basis": "100px"
                },
                "props": {
                  "options": [
                    {
                      "label": "EC1",
                      "value": "EC1"
                    },
                    {
                      "label": "EC2",
                      "value": "EC2"
                    },
                    {
                      "label": "EC3",
                      "value": "EC3"
                    }
                  ],
                  "search": {
                    "enabled": false
                  },
                  "value": "EC1"
                },
                "type": "ia.input.dropdown"
              }
            ],
            "meta": {
              "name": "FlexContainer11"
            },
            "position": {
              "basis": "80px"
            },
            "type": "ia.container.flex"
          },
          {
            "children": [
              {
                "events": {
                  "dom": {
                    "onClick": {
                      "config": {
                        "draggable": false,
                        "id": "Ji23h9bp",
                        "modal": true,
                        "overlayDismiss": true,
                        "position": {
                          "height": 200,
                          "width": 400
                        },
                        "positionType": "exact",
                        "resizable": false,
                        "showCloseIcon": true,
                        "title": "Add LogID Manually",
                        "type": "open",
                        "viewPath": "Template/Manual_Entry/Manual_Entry_EndCutting",
                        "viewportBound": true
                      },
                      "scope": "C",
                      "type": "popup"
                    }
                  }
                },
                "meta": {
                  "name": "Button"
                },
                "position": {
                  "basis": "80px",
                  "grow": 1
                },
                "props": {
                  "style": {
                    "marginRight": 20
                  },
                  "text": "Add Log Manually"
                },
                "type": "ia.input.button"
              },
              {
                "events": {
                  "dom": {
                    "onClick": {
                      "config": {
                        "draggable": false,
                        "id": "Ji23h9bp1",
                        "modal": true,
                        "overlayDismiss": true,
                        "position": {
                          "height": 500,
                          "width": 400
                        },
                        "positionType": "exact",
                        "resizable": false,
                        "showCloseIcon": false,
                        "title": "Update Log Length Manually",
                        "type": "open",
                        "viewParams": {
                          "Line": "{/root/FlexContainer1/FlexContainer11/Dropdown.props.value}"
                        },
                        "viewPath": "Template/User_Input_Table_Template/Manual_Entry_Loglength",
                        "viewportBound": true
                      },
                      "scope": "C",
                      "type": "popup"
                    }
                  }
                },
                "meta": {
                  "name": "Button_0"
                },
                "position": {
                  "basis": "150px",
                  "shrink": 0
                },
                "props": {
                  "text": "Update Log Length"
                },
                "type": "ia.input.button"
              }
            ],
            "meta": {
              "name": "FlexContainer12"
            },
            "position": {
              "basis": "320px"
            },
            "props": {
              "style": {
                "marginLeft": 20
              }
            },
            "type": "ia.container.flex"
          },
          {
            "children": [
              {
                "events": {
                  "dom": {
                    "onClick": {
                      "config": {
                        "script": "#\tfrom datetime import datetime\n#\t\t\n#\t#Set the filename with current timestamp\n#\tcurrentDateTime \u003d datetime.now()\n#\t\n#\t#fileName1 \u003d \"EndCutting_\" + str(currentDateTime.strftime(\"%Y%m%d%H%M%S%f\")) + \".xlsx\"\n#\tfileName1 \u003d \"EndCutting_\" + str(currentDateTime.strftime(\"%Y%m%d%H%M%S\")) + \".xlsx\"\n#\tfileName2 \u003d \"QREngraving_\" + str(currentDateTime.strftime(\"%Y%m%d%H%M%S\")) + \".xlsx\"\n#\t\n#\t# From PyDataSet\n#\tdata1 \u003d self.parent.parent.parent.getChild(\"FlexContainer2\").getChild(\"FlexContainer21\").getChild(\"Table1\").props.data\n#\tdata2 \u003d self.parent.parent.parent.getChild(\"FlexContainer2\").getChild(\"FlexContainer22\").getChild(\"Table2\").props.data\n#\t\t\n#\theaders1 \u003d system.dataset.getColumnHeaders(data1)\n#\tnewData1 \u003d []\n#\tfor rowIndex in range(data1.rowCount):\n#\t\trow \u003d [data1.getValueAt(rowIndex,col) for col in range(data1.columnCount)]\n#\t\tnewData1.append(row)\n#\t\n#\tfinalDataset1 \u003d system.dataset.toDataSet(headers1,newData1)\n#\tXLSFormat1 \u003d system.dataset.toExcel(True,[finalDataset1])\n#\tsystem.perspective.download(fileName1, XLSFormat1)\n#\t\n#\theaders2 \u003d system.dataset.getColumnHeaders(data2)\n#\tnewData2 \u003d []\n#\tfor rowIndex in range(data2.rowCount):\n#\t\trow \u003d [data2.getValueAt(rowIndex,col) for col in range(data2.columnCount)]\n#\t\tnewData2.append(row)\n#\t\n#\tfinalDataset2 \u003d system.dataset.toDataSet(headers2,newData2)\n#\tXLSFormat2 \u003d system.dataset.toExcel(True,[finalDataset2])\n#\tsystem.perspective.download(fileName2, XLSFormat2)\n#\t\n\n\tfrom datetime import datetime\n\t\t\n\t#Set the filename with current timestamp\n\tcurrentDateTime \u003d datetime.now()\n\t\n\t#fileName1 \u003d \"EndCutting_\" + str(currentDateTime.strftime(\"%Y%m%d%H%M%S%f\")) + \".xlsx\"\n\tfileName1 \u003d \"EndCutting_\" + str(currentDateTime.strftime(\"%Y%m%d%H%M%S\")) + \".xlsx\"\n\tfileName2 \u003d \"QREngraving_\" + str(currentDateTime.strftime(\"%Y%m%d%H%M%S\")) + \".xlsx\"\n\t\n\t# From PyDataSet\n\tdata1 \u003d self.parent.parent.parent.getChild(\"FlexContainer2\").getChild(\"FlexContainer21\").getChild(\"Table1\").props.data\n\tdata2 \u003d self.parent.parent.parent.getChild(\"FlexContainer2\").getChild(\"FlexContainer22\").getChild(\"Table2\").props.data\n\t\t\n\theaders1 \u003d []\n\tnewData1 \u003d []\n\t# headers1 \u003d system.dataset.getColumnHeaders(data1)\n\t\n\torgColumns1 \u003d system.dataset.getColumnHeaders(data1)\n\tdisplayColumns1 \u003d self.parent.parent.parent.getChild(\"FlexContainer2\").getChild(\"FlexContainer21\").getChild(\"Table1\").props.columns\n\n\tshowColumns1 \u003d []\n\tfinalDataset1 \u003d []\n\t\t\n\tfor oIdx1 in range(data1.getColumnCount()):\n\t# OR for oIdx in range(len(orgColumns)):\n\t\n\t\t# we want to know if orgColumns[oIdx] is found in displayColumns\n\t\tmatch1 \u003d False; # we haven\u0027t found it yet\n\t\t\n\t\tfor sIdx1 in range(len(displayColumns1)):\n\t\t\t# displayColumns[1].field  displayColumns[0].keys()  displayColumns[0].values()\n\t\t\t\n\t\t\tif(orgColumns1[oIdx1] \u003d\u003d displayColumns1[sIdx1].field):\n\t\t\t\t# we have found orgColumns[oIdx] in displayColumns, so we can stop searching\n\t\t\t\tmatch1 \u003d True;\n\t\t\t\tbreak;\n\t\t\t# if we never find orgColumns[oIdx] in displayColumns, the for loop will simply end,\n\t\t\t# and match will remain false\n\t\t# add orgColumns[oIdx] to showColumns only if we find a match.\n\t\tif (match1):\n\t\t\n\t\t\tshowColumns1.append(orgColumns1[oIdx1]);\n\t\t\theaders1.append(displayColumns1[oIdx1].header.title)\n\t\n\tfor rowIndex1 in range(data1.rowCount):\n\t\trow1 \u003d [data1.getValueAt(rowIndex1,col1) for col1 in range(data1.columnCount)]\n\t\tnewData1.append(row1)\n\t\n\tfinalDataset1 \u003d system.dataset.toDataSet(headers1,newData1)\n\tXLSFormat1 \u003d system.dataset.toExcel(True,[finalDataset1])\n\tsystem.perspective.download(fileName1, XLSFormat1)\n\t\n\t\n\theaders2 \u003d []\n\tnewData2 \u003d []\n\t# headers2 \u003d system.dataset.getColumnHeaders(data2)\n\n\torgColumns2 \u003d system.dataset.getColumnHeaders(data2)\n\tdisplayColumns2 \u003d self.parent.parent.parent.getChild(\"FlexContainer2\").getChild(\"FlexContainer22\").getChild(\"Table2\").props.columns\n\n\tshowColumns2 \u003d []\n\tfinalDataset2 \u003d []\n\t\t\n\tfor oIdx2 in range(data2.getColumnCount()):\n\t# OR for oIdx in range(len(orgColumns)):\n\t\n\t\t# we want to know if orgColumns[oIdx] is found in displayColumns\n\t\tmatch2 \u003d False; # we haven\u0027t found it yet\n\t\t\n\t\tfor sIdx2 in range(len(displayColumns2)):\n\t\t\t# displayColumns[1].field  displayColumns[0].keys()  displayColumns[0].values()\n\t\t\t\n\t\t\tif(orgColumns2[oIdx2] \u003d\u003d displayColumns2[sIdx2].field):\n\t\t\t\t# we have found orgColumns[oIdx] in displayColumns, so we can stop searching\n\t\t\t\tmatch2 \u003d True;\n\t\t\t\tbreak;\n\t\t\t# if we never find orgColumns[oIdx] in displayColumns, the for loop will simply end,\n\t\t\t# and match will remain false\n\t\t# add orgColumns[oIdx] to showColumns only if we find a match.\n\t\tif (match2):\n\t\t\n\t\t\tshowColumns2.append(orgColumns2[oIdx2]);\n\t\t\theaders2.append(displayColumns2[oIdx2].header.title)\n\n\tfor rowIndex2 in range(data2.rowCount):\n\t\trow2 \u003d [data2.getValueAt(rowIndex2,col2) for col2 in range(data2.columnCount)]\n\t\tnewData2.append(row2)\n\t\n\tfinalDataset2 \u003d system.dataset.toDataSet(headers2,newData2)\n\tXLSFormat2 \u003d system.dataset.toExcel(True,[finalDataset2])\n\tsystem.perspective.download(fileName2, XLSFormat2)\n\t"
                      },
                      "scope": "G",
                      "type": "script"
                    }
                  }
                },
                "meta": {
                  "name": "Icon"
                },
                "position": {
                  "basis": "30px"
                },
                "props": {
                  "color": "#3F5462",
                  "path": "material/arrow_circle_down",
                  "style": {
                    "marginLeft": 10
                  }
                },
                "type": "ia.display.icon"
              }
            ],
            "meta": {
              "name": "FlexContainer13"
            },
            "position": {
              "basis": "200px"
            },
            "type": "ia.container.flex"
          },
          {
            "children": [
              {
                "custom": {
                  "color": "#ff8080"
                },
                "meta": {
                  "name": "Mediamodifier-Design"
                },
                "position": {
                  "basis": "33px",
                  "display": false
                },
                "propConfig": {
                  "props.elements[1].elements[0].fill.paint": {
                    "binding": {
                      "config": {
                        "path": "this.custom.color"
                      },
                      "type": "property"
                    }
                  },
                  "props.elements[3].elements[0].fill.paint": {
                    "binding": {
                      "config": {
                        "path": "this.custom.color"
                      },
                      "overlayOptOut": true,
                      "type": "property"
                    }
                  }
                },
                "props": {
                  "elements": [
                    {
                      "name": "defs",
                      "type": "defs"
                    },
                    {
                      "elements": [
                        {
                          "fill": {
                            "rule": "nonzero"
                          },
                          "height": "1080",
                          "name": "rect",
                          "rx": "0",
                          "ry": "0",
                          "stroke": {
                            "dasharray": "none",
                            "dashoffset": "0",
                            "linecap": "butt",
                            "linejoin": "miter",
                            "miterlimit": "4",
                            "paint": "transparent",
                            "width": "1"
                          },
                          "style": {
                            "opacity": " 1",
                            "visibility": " hidden"
                          },
                          "type": "rect",
                          "width": "1080",
                          "x": "-540",
                          "y": "-540"
                        }
                      ],
                      "id": "5a7043f5-9781-4399-981f-2ef5ef313da1",
                      "name": "5a7043f5-9781-4399-981f-2ef5ef313da1",
                      "transform": "matrix(1 0 0 1 540 540)",
                      "type": "group"
                    },
                    {
                      "id": "10d93dbd-c957-43b8-9621-c97abb1b8e21",
                      "name": "10d93dbd-c957-43b8-9621-c97abb1b8e21",
                      "transform": "matrix(1 0 0 1 540 540)",
                      "type": "group"
                    },
                    {
                      "elements": [
                        {
                          "d": "M 130.001 -90 L 130.001 -345.127 L 250.001 -345.127 L 250.001 -505.127 L 454.87300000000005 -505.127 L 454.87300000000005 -614.873 L 334.87300000000005 -614.873 L 334.87300000000005 -869.999 L 625.1270000000001 -869.999 L 625.1270000000001 -614.873 L 505.12700000000007 -614.873 L 505.12700000000007 -505.12700000000007 L 709.999 -505.12700000000007 L 709.999 -345.12700000000007 L 829.999 -345.12700000000007 L 829.999 -90.00100000000006 L 539.744 -90.00100000000006 L 539.744 -345.12700000000007 L 659.744 -345.12700000000007 L 659.744 -454.87300000000005 L 300.256 -454.87300000000005 L 300.256 -345.12700000000007 L 420.256 -345.12700000000007 L 420.256 -90.00100000000006 L 130.001 -90.00100000000006 Z M 385.127 -665.127 L 574.873 -665.127 L 574.873 -819.7439999999999 L 385.127 -819.7439999999999 L 385.127 -665.127 Z M 180.256 -140.256 L 370.001 -140.256 L 370.001 -294.873 L 180.256 -294.873 L 180.256 -140.256 Z M 589.999 -140.256 L 779.744 -140.256 L 779.744 -294.873 L 589.999 -294.873 L 589.999 -140.256 Z M 480 -665.127 Z M 370.001 -294.873 Z M 589.999 -294.873 Z",
                          "fill": {
                            "rule": "nonzero"
                          },
                          "name": "path",
                          "stroke": {
                            "dasharray": "none",
                            "dashoffset": "0",
                            "linecap": "round",
                            "linejoin": "miter",
                            "miterlimit": "4",
                            "paint": "rgb(0,0,0)",
                            "width": "0"
                          },
                          "style": {
                            "opacity": " 1"
                          },
                          "transform": " translate(-480, 480)",
                          "type": "path"
                        }
                      ],
                      "id": "6b06ecb8-42e6-45de-b90d-1f51b73a53fb",
                      "name": "6b06ecb8-42e6-45de-b90d-1f51b73a53fb",
                      "transform": "matrix(1 0 0 1 540 540)",
                      "type": "group"
                    }
                  ],
                  "viewBox": "0 0 1080 1080"
                },
                "type": "ia.shapes.svg"
              },
              {
                "events": {
                  "dom": {
                    "onClick": {
                      "config": {
                        "script": "\timport time\n\t\n#\tLine selection value\u0027s\n\tLine\u003dself.parent.parent.getChild(\"FlexContainer11\").getChild(\"Dropdown\").props.value\n\t\n#\tSelect the tag path based on the End cutt line selection from Dropdown component\n\tif Line\u003d\u003d\u0027EC1\u0027:\n\t\tpath\u003d\u0027[B_IMS]End_Cutting/Line1/Q12_Clear\u0027\n\t\tmsg\u003d\u0027End cutt line-1 reset successfull\u0027\n\telif Line\u003d\u003d\u0027EC2\u0027:\n\t\tpath\u003d\u0027[B_IMS]End_Cutting/Line2/Q12_Clear\u0027\n\t\tmsg\u003d\u0027End cutt line-2 reset successfull\u0027\t\n\telif Line\u003d\u003d\u0027EC3\u0027:\n\t\tpath\u003d\u0027[B_IMS]End_Cutting/Line3/Q12_Clear\u0027\n\t\tmsg\u003d\u0027End cutt line-3 reset successfull\u0027\t\n\t\t\n#\tWrite a High and Low value to reset end cutt line\n\tsystem.tag.writeAsync(path, True)\n\ttime.sleep(0.5)\n\tsystem.tag.writeAsync(path, False) \t\n\t\n#\tPop-up to show confirmation of reset\n\tsystem.perspective.openPopup(\u0027mypopup\u0027,\u0027Template/Popup_1\u0027,params\u003d{\u0027Message\u0027: msg, \u0027Code\u0027:3},showCloseIcon \u003d True, modal\u003d False,position \u003d {\u0027top\u0027:40})"
                      },
                      "scope": "G",
                      "type": "script"
                    }
                  }
                },
                "meta": {
                  "name": "Button"
                },
                "position": {
                  "basis": "80px"
                },
                "props": {
                  "style": {
                    "marginRight": 2
                  },
                  "text": "Reset line"
                },
                "type": "ia.input.button"
              }
            ],
            "meta": {
              "name": "FlexContainer"
            },
            "position": {
              "basis": "200px",
              "grow": 1
            },
            "props": {
              "justify": "flex-end"
            },
            "type": "ia.container.flex"
          }
        ],
        "meta": {
          "name": "FlexContainer1"
        },
        "position": {
          "basis": "30px",
          "shrink": 0
        },
        "type": "ia.container.flex"
      },
      {
        "children": [
          {
            "children": [
              {
                "meta": {
                  "name": "Label"
                },
                "position": {
                  "basis": "30px",
                  "shrink": 0
                },
                "props": {
                  "style": {
                    "backgroundColor": "#007ACC",
                    "marginBottom": 5
                  },
                  "text": "End Cutting",
                  "textStyle": {
                    "color": "#FFFFFF",
                    "fontFamily": "Roboto",
                    "textAlign": "center"
                  }
                },
                "type": "ia.display.label"
              },
              {
                "meta": {
                  "name": "Table1"
                },
                "position": {
                  "basis": "150px",
                  "grow": 1
                },
                "propConfig": {
                  "props.data": {
                    "binding": {
                      "config": {
                        "path": "..../FlexContainer1/FlexContainer11/Dropdown.props.value"
                      },
                      "overlayOptOut": true,
                      "transforms": [
                        {
                          "code": "\tECMachine \u003d value\n\tDT\u003dsystem.date.setTime(system.date.now(), 0, 0, 1)\n\teQuery \u003d \u0027\u0027\u0027SELECT [log_batch_no]\n\t\t\t,[prod_order]\n\t\t\t,[standard_alloy]\n\t\t\t,[length_before_end_cutting]\n\t\t\t,[weight_before_end_cutting]\n\t\t\t,[length_after_end_cutting]\n\t\t\t,[weight_after_end_cutting]\n\t\t\t,[end_cut_date_time]\n\t\t\t,[status]\n\t\tFROM [CIMS].[dbo].[mes_endcut_homogenize_dispatch]\n\t\tWHERE [end_cutting_machine] \u003d ? AND\n\t\t[status] \u003d ? and end_cut_date_time\u003e\u003d?\n\t\tORDER BY end_cut_date_time DESC\n\t\u0027\u0027\u0027\n\teArgs \u003d [ECMachine,\u0027EndCut Inprogress\u0027,DT]\n\ttableData \u003d system.db.runPrepQuery(eQuery, eArgs, \u0027CIMS2\u0027)\n\treturn tableData",
                          "type": "script"
                        }
                      ],
                      "type": "property"
                    }
                  }
                },
                "props": {
                  "cells": {
                    "style": {
                      "classes": "Table/Table_Cell",
                      "fontFamily": "Arial",
                      "fontSize": 12,
                      "textAlign": "left"
                    }
                  },
                  "columns": [
                    {
                      "align": "center",
                      "boolean": "checkbox",
                      "dateFormat": "MM/DD/YYYY",
                      "editable": false,
                      "field": "log_batch_no",
                      "filter": {
                        "boolean": {
                          "condition": ""
                        },
                        "date": {
                          "condition": "",
                          "value": ""
                        },
                        "enabled": false,
                        "number": {
                          "condition": "",
                          "value": ""
                        },
                        "string": {
                          "condition": "",
                          "value": ""
                        },
                        "visible": "on-hover"
                      },
                      "footer": {
                        "align": "center",
                        "justify": "left",
                        "style": {
                          "classes": ""
                        },
                        "title": ""
                      },
                      "header": {
                        "align": "center",
                        "justify": "center",
                        "style": {
                          "classes": ""
                        },
                        "title": "Log ID"
                      },
                      "justify": "center",
                      "number": "value",
                      "numberFormat": "0,0.##",
                      "progressBar": {
                        "bar": {
                          "color": "",
                          "style": {
                            "classes": ""
                          }
                        },
                        "max": 100,
                        "min": 0,
                        "track": {
                          "color": "",
                          "style": {
                            "classes": ""
                          }
                        },
                        "value": {
                          "enabled": true,
                          "format": "0,0.##",
                          "justify": "center",
                          "style": {
                            "classes": ""
                          }
                        }
                      },
                      "render": "auto",
                      "resizable": true,
                      "sort": "none",
                      "sortable": false,
                      "strictWidth": false,
                      "style": {
                        "classes": ""
                      },
                      "toggleSwitch": {
                        "color": {
                          "selected": "",
                          "unselected": ""
                        }
                      },
                      "viewParams": {},
                      "viewPath": "",
                      "visible": true,
                      "width": ""
                    },
                    {
                      "align": "center",
                      "boolean": "checkbox",
                      "dateFormat": "MM/DD/YYYY",
                      "editable": false,
                      "field": "prod_order",
                      "filter": {
                        "boolean": {
                          "condition": ""
                        },
                        "date": {
                          "condition": "",
                          "value": ""
                        },
                        "enabled": false,
                        "number": {
                          "condition": "",
                          "value": ""
                        },
                        "string": {
                          "condition": "",
                          "value": ""
                        },
                        "visible": "on-hover"
                      },
                      "footer": {
                        "align": "center",
                        "justify": "left",
                        "style": {
                          "classes": ""
                        },
                        "title": ""
                      },
                      "header": {
                        "align": "center",
                        "justify": "center",
                        "style": {
                          "classes": ""
                        },
                        "title": "PO"
                      },
                      "justify": "center",
                      "number": "value",
                      "numberFormat": "0,0.##",
                      "progressBar": {
                        "bar": {
                          "color": "",
                          "style": {
                            "classes": ""
                          }
                        },
                        "max": 100,
                        "min": 0,
                        "track": {
                          "color": "",
                          "style": {
                            "classes": ""
                          }
                        },
                        "value": {
                          "enabled": true,
                          "format": "0,0.##",
                          "justify": "center",
                          "style": {
                            "classes": ""
                          }
                        }
                      },
                      "render": "auto",
                      "resizable": true,
                      "sort": "none",
                      "sortable": false,
                      "strictWidth": false,
                      "style": {
                        "classes": ""
                      },
                      "toggleSwitch": {
                        "color": {
                          "selected": "",
                          "unselected": ""
                        }
                      },
                      "viewParams": {},
                      "viewPath": "",
                      "visible": true,
                      "width": ""
                    },
                    {
                      "align": "center",
                      "boolean": "checkbox",
                      "dateFormat": "MM/DD/YYYY",
                      "editable": false,
                      "field": "standard_alloy",
                      "filter": {
                        "boolean": {
                          "condition": ""
                        },
                        "date": {
                          "condition": "",
                          "value": ""
                        },
                        "enabled": false,
                        "number": {
                          "condition": "",
                          "value": ""
                        },
                        "string": {
                          "condition": "",
                          "value": ""
                        },
                        "visible": "on-hover"
                      },
                      "footer": {
                        "align": "center",
                        "justify": "left",
                        "style": {
                          "classes": ""
                        },
                        "title": ""
                      },
                      "header": {
                        "align": "center",
                        "justify": "center",
                        "style": {
                          "classes": ""
                        },
                        "title": "Standard Alloy"
                      },
                      "justify": "center",
                      "number": "value",
                      "numberFormat": "0,0.##",
                      "progressBar": {
                        "bar": {
                          "color": "",
                          "style": {
                            "classes": ""
                          }
                        },
                        "max": 100,
                        "min": 0,
                        "track": {
                          "color": "",
                          "style": {
                            "classes": ""
                          }
                        },
                        "value": {
                          "enabled": true,
                          "format": "0,0.##",
                          "justify": "center",
                          "style": {
                            "classes": ""
                          }
                        }
                      },
                      "render": "auto",
                      "resizable": true,
                      "sort": "none",
                      "sortable": false,
                      "strictWidth": false,
                      "style": {
                        "classes": ""
                      },
                      "toggleSwitch": {
                        "color": {
                          "selected": "",
                          "unselected": ""
                        }
                      },
                      "viewParams": {},
                      "viewPath": "",
                      "visible": true,
                      "width": ""
                    },
                    {
                      "align": "center",
                      "boolean": "checkbox",
                      "dateFormat": "MM/DD/YYYY",
                      "editable": false,
                      "field": "length_before_end_cutting",
                      "filter": {
                        "boolean": {
                          "condition": ""
                        },
                        "date": {
                          "condition": "",
                          "value": ""
                        },
                        "enabled": false,
                        "number": {
                          "condition": "",
                          "value": ""
                        },
                        "string": {
                          "condition": "",
                          "value": ""
                        },
                        "visible": "on-hover"
                      },
                      "footer": {
                        "align": "center",
                        "justify": "left",
                        "style": {
                          "classes": ""
                        },
                        "title": ""
                      },
                      "header": {
                        "align": "center",
                        "justify": "center",
                        "style": {
                          "classes": ""
                        },
                        "title": "Length Before End cut"
                      },
                      "justify": "center",
                      "number": "value",
                      "numberFormat": "0,0.##",
                      "progressBar": {
                        "bar": {
                          "color": "",
                          "style": {
                            "classes": ""
                          }
                        },
                        "max": 100,
                        "min": 0,
                        "track": {
                          "color": "",
                          "style": {
                            "classes": ""
                          }
                        },
                        "value": {
                          "enabled": true,
                          "format": "0,0.##",
                          "justify": "center",
                          "style": {
                            "classes": ""
                          }
                        }
                      },
                      "render": "auto",
                      "resizable": true,
                      "sort": "none",
                      "sortable": false,
                      "strictWidth": false,
                      "style": {
                        "classes": ""
                      },
                      "toggleSwitch": {
                        "color": {
                          "selected": "",
                          "unselected": ""
                        }
                      },
                      "viewParams": {},
                      "viewPath": "",
                      "visible": true,
                      "width": ""
                    },
                    {
                      "align": "center",
                      "boolean": "checkbox",
                      "dateFormat": "MM/DD/YYYY",
                      "editable": false,
                      "field": "weight_before_end_cutting",
                      "filter": {
                        "boolean": {
                          "condition": ""
                        },
                        "date": {
                          "condition": "",
                          "value": ""
                        },
                        "enabled": false,
                        "number": {
                          "condition": "",
                          "value": ""
                        },
                        "string": {
                          "condition": "",
                          "value": ""
                        },
                        "visible": "on-hover"
                      },
                      "footer": {
                        "align": "center",
                        "justify": "left",
                        "style": {
                          "classes": ""
                        },
                        "title": ""
                      },
                      "header": {
                        "align": "center",
                        "justify": "center",
                        "style": {
                          "classes": ""
                        },
                        "title": "Weight Before End Cut"
                      },
                      "justify": "center",
                      "number": "value",
                      "numberFormat": "0,0.##",
                      "progressBar": {
                        "bar": {
                          "color": "",
                          "style": {
                            "classes": ""
                          }
                        },
                        "max": 100,
                        "min": 0,
                        "track": {
                          "color": "",
                          "style": {
                            "classes": ""
                          }
                        },
                        "value": {
                          "enabled": true,
                          "format": "0,0.##",
                          "justify": "center",
                          "style": {
                            "classes": ""
                          }
                        }
                      },
                      "render": "auto",
                      "resizable": true,
                      "sort": "none",
                      "sortable": false,
                      "strictWidth": false,
                      "style": {
                        "classes": ""
                      },
                      "toggleSwitch": {
                        "color": {
                          "selected": "",
                          "unselected": ""
                        }
                      },
                      "viewParams": {},
                      "viewPath": "",
                      "visible": true,
                      "width": ""
                    },
                    {
                      "align": "center",
                      "boolean": "checkbox",
                      "dateFormat": "MM/DD/YYYY",
                      "editable": false,
                      "field": "length_after_end_cutting",
                      "filter": {
                        "boolean": {
                          "condition": ""
                        },
                        "date": {
                          "condition": "",
                          "value": ""
                        },
                        "enabled": false,
                        "number": {
                          "condition": "",
                          "value": ""
                        },
                        "string": {
                          "condition": "",
                          "value": ""
                        },
                        "visible": "on-hover"
                      },
                      "footer": {
                        "align": "center",
                        "justify": "left",
                        "style": {
                          "classes": ""
                        },
                        "title": ""
                      },
                      "header": {
                        "align": "center",
                        "justify": "center",
                        "style": {
                          "classes": ""
                        },
                        "title": "Length After End Cut"
                      },
                      "justify": "center",
                      "number": "value",
                      "numberFormat": "0,0.##",
                      "progressBar": {
                        "bar": {
                          "color": "",
                          "style": {
                            "classes": ""
                          }
                        },
                        "max": 100,
                        "min": 0,
                        "track": {
                          "color": "",
                          "style": {
                            "classes": ""
                          }
                        },
                        "value": {
                          "enabled": true,
                          "format": "0,0.##",
                          "justify": "center",
                          "style": {
                            "classes": ""
                          }
                        }
                      },
                      "render": "auto",
                      "resizable": true,
                      "sort": "none",
                      "sortable": false,
                      "strictWidth": false,
                      "style": {
                        "classes": ""
                      },
                      "toggleSwitch": {
                        "color": {
                          "selected": "",
                          "unselected": ""
                        }
                      },
                      "viewParams": {},
                      "viewPath": "",
                      "visible": true,
                      "width": ""
                    },
                    {
                      "align": "center",
                      "boolean": "checkbox",
                      "dateFormat": "MM/DD/YYYY",
                      "editable": false,
                      "field": "weight_after_end_cutting",
                      "filter": {
                        "boolean": {
                          "condition": ""
                        },
                        "date": {
                          "condition": "",
                          "value": ""
                        },
                        "enabled": false,
                        "number": {
                          "condition": "",
                          "value": ""
                        },
                        "string": {
                          "condition": "",
                          "value": ""
                        },
                        "visible": "on-hover"
                      },
                      "footer": {
                        "align": "center",
                        "justify": "left",
                        "style": {
                          "classes": ""
                        },
                        "title": ""
                      },
                      "header": {
                        "align": "center",
                        "justify": "center",
                        "style": {
                          "classes": ""
                        },
                        "title": "Weight After End Cut"
                      },
                      "justify": "center",
                      "number": "value",
                      "numberFormat": "0,0.##",
                      "progressBar": {
                        "bar": {
                          "color": "",
                          "style": {
                            "classes": ""
                          }
                        },
                        "max": 100,
                        "min": 0,
                        "track": {
                          "color": "",
                          "style": {
                            "classes": ""
                          }
                        },
                        "value": {
                          "enabled": true,
                          "format": "0,0.##",
                          "justify": "center",
                          "style": {
                            "classes": ""
                          }
                        }
                      },
                      "render": "auto",
                      "resizable": true,
                      "sort": "none",
                      "sortable": false,
                      "strictWidth": false,
                      "style": {
                        "classes": ""
                      },
                      "toggleSwitch": {
                        "color": {
                          "selected": "",
                          "unselected": ""
                        }
                      },
                      "viewParams": {},
                      "viewPath": "",
                      "visible": true,
                      "width": ""
                    },
                    {
                      "align": "center",
                      "boolean": "checkbox",
                      "dateFormat": "MM/DD/YYYY HH:mm:ss",
                      "editable": false,
                      "field": "end_cut_date_time",
                      "filter": {
                        "boolean": {
                          "condition": ""
                        },
                        "date": {
                          "condition": "",
                          "value": ""
                        },
                        "enabled": false,
                        "number": {
                          "condition": "",
                          "value": ""
                        },
                        "string": {
                          "condition": "",
                          "value": ""
                        },
                        "visible": "on-hover"
                      },
                      "footer": {
                        "align": "center",
                        "justify": "left",
                        "style": {
                          "classes": ""
                        },
                        "title": ""
                      },
                      "header": {
                        "align": "center",
                        "justify": "center",
                        "style": {
                          "classes": ""
                        },
                        "title": "EndCut Date\u0026Time"
                      },
                      "justify": "center",
                      "number": "value",
                      "numberFormat": "0,0.##",
                      "progressBar": {
                        "bar": {
                          "color": "",
                          "style": {
                            "classes": ""
                          }
                        },
                        "max": 100,
                        "min": 0,
                        "track": {
                          "color": "",
                          "style": {
                            "classes": ""
                          }
                        },
                        "value": {
                          "enabled": true,
                          "format": "0,0.##",
                          "justify": "center",
                          "style": {
                            "classes": ""
                          }
                        }
                      },
                      "render": "date",
                      "resizable": true,
                      "sort": "none",
                      "sortable": false,
                      "strictWidth": false,
                      "style": {
                        "classes": ""
                      },
                      "toggleSwitch": {
                        "color": {
                          "selected": "",
                          "unselected": ""
                        }
                      },
                      "viewParams": {},
                      "viewPath": "",
                      "visible": true,
                      "width": ""
                    },
                    {
                      "align": "center",
                      "boolean": "checkbox",
                      "dateFormat": "MM/DD/YYYY",
                      "editable": false,
                      "field": "status",
                      "filter": {
                        "boolean": {
                          "condition": ""
                        },
                        "date": {
                          "condition": "",
                          "value": ""
                        },
                        "enabled": false,
                        "number": {
                          "condition": "",
                          "value": ""
                        },
                        "string": {
                          "condition": "",
                          "value": ""
                        },
                        "visible": "on-hover"
                      },
                      "footer": {
                        "align": "center",
                        "justify": "left",
                        "style": {
                          "classes": ""
                        },
                        "title": ""
                      },
                      "header": {
                        "align": "center",
                        "justify": "center",
                        "style": {
                          "classes": ""
                        },
                        "title": "Status"
                      },
                      "justify": "center",
                      "number": "value",
                      "numberFormat": "0,0.##",
                      "progressBar": {
                        "bar": {
                          "color": "",
                          "style": {
                            "classes": ""
                          }
                        },
                        "max": 100,
                        "min": 0,
                        "track": {
                          "color": "",
                          "style": {
                            "classes": ""
                          }
                        },
                        "value": {
                          "enabled": true,
                          "format": "0,0.##",
                          "justify": "center",
                          "style": {
                            "classes": ""
                          }
                        }
                      },
                      "render": "auto",
                      "resizable": true,
                      "sort": "none",
                      "sortable": false,
                      "strictWidth": false,
                      "style": {
                        "classes": ""
                      },
                      "toggleSwitch": {
                        "color": {
                          "selected": "",
                          "unselected": ""
                        }
                      },
                      "viewParams": {},
                      "viewPath": "",
                      "visible": true,
                      "width": ""
                    }
                  ],
                  "headerStyle": {
                    "classes": "Table/Table_Header"
                  },
                  "pager": {
                    "bottom": false
                  },
                  "rows": {
                    "height": 44,
                    "style": {
                      "classes": "Table/Table_Row"
                    }
                  },
                  "style": {
                    "classes": "Table/Table_style"
                  }
                },
                "type": "ia.display.table"
              }
            ],
            "meta": {
              "name": "FlexContainer21"
            },
            "position": {
              "basis": "300px"
            },
            "props": {
              "direction": "column",
              "style": {
                "marginBottom": 2,
                "marginTop": 2
              }
            },
            "type": "ia.container.flex"
          },
          {
            "children": [
              {
                "meta": {
                  "name": "Label"
                },
                "position": {
                  "basis": "30px",
                  "shrink": 0
                },
                "props": {
                  "style": {
                    "backgroundColor": "#007ACC",
                    "marginBottom": 5
                  },
                  "text": "QR Engraving",
                  "textStyle": {
                    "color": "#FFFFFF",
                    "fontFamily": "Roboto",
                    "textAlign": "center"
                  }
                },
                "type": "ia.display.label"
              },
              {
                "meta": {
                  "name": "Table2"
                },
                "position": {
                  "basis": "400px",
                  "grow": 1
                },
                "propConfig": {
                  "props.data": {
                    "binding": {
                      "config": {
                        "path": "..../FlexContainer1/FlexContainer11/Dropdown.props.value"
                      },
                      "overlayOptOut": true,
                      "transforms": [
                        {
                          "code": "\tECMachine \u003d value\n\tDT\u003dsystem.date.setTime(system.date.now(), 0, 0, 1)\n\teQuery \u003d \u0027\u0027\u0027SELECT [log_batch_no]\n\t\t\t,[prod_order]\n\t\t\t,[standard_alloy]\n\t\t\t,[length_before_end_cutting]\n\t\t\t,[weight_before_end_cutting]\n\t\t\t,[length_after_end_cutting]\n\t\t\t,[weight_after_end_cutting]\n\t\t\t,[engraved_date_time]\n\t\t\t,[status]\n\t\tFROM [CIMS].[dbo].[mes_endcut_homogenize_dispatch]\n\t\tWHERE [end_cutting_machine] \u003d ? AND [status] !\u003d ? and end_cut_date_time\u003e\u003d?\n\t\torder by [end_cut_date_time] desc\n\t\u0027\u0027\u0027\n\teArgs \u003d [ECMachine, \u0027EndCut Inprogress\u0027,DT]\n\ttableData \u003d system.db.runPrepQuery(eQuery, eArgs, \u0027CIMS2\u0027)\n\treturn tableData",
                          "type": "script"
                        }
                      ],
                      "type": "property"
                    }
                  }
                },
                "props": {
                  "cells": {
                    "style": {
                      "classes": "Table/Table_Cell",
                      "fontFamily": "Arial",
                      "fontSize": 12,
                      "textAlign": "left"
                    }
                  },
                  "columns": [
                    {
                      "align": "center",
                      "boolean": "checkbox",
                      "dateFormat": "MM/DD/YYYY",
                      "editable": false,
                      "field": "log_batch_no",
                      "filter": {
                        "boolean": {
                          "condition": ""
                        },
                        "date": {
                          "condition": "",
                          "value": ""
                        },
                        "enabled": true,
                        "number": {
                          "condition": "",
                          "value": ""
                        },
                        "string": {
                          "condition": "",
                          "value": ""
                        },
                        "visible": "on-hover"
                      },
                      "footer": {
                        "align": "center",
                        "justify": "left",
                        "style": {
                          "classes": ""
                        },
                        "title": ""
                      },
                      "header": {
                        "align": "center",
                        "justify": "center",
                        "style": {
                          "classes": ""
                        },
                        "title": "Log ID"
                      },
                      "justify": "center",
                      "number": "value",
                      "numberFormat": "0,0.##",
                      "progressBar": {
                        "bar": {
                          "color": "",
                          "style": {
                            "classes": ""
                          }
                        },
                        "max": 100,
                        "min": 0,
                        "track": {
                          "color": "",
                          "style": {
                            "classes": ""
                          }
                        },
                        "value": {
                          "enabled": true,
                          "format": "0,0.##",
                          "justify": "center",
                          "style": {
                            "classes": ""
                          }
                        }
                      },
                      "render": "auto",
                      "resizable": true,
                      "sort": "none",
                      "sortable": true,
                      "strictWidth": false,
                      "style": {
                        "classes": ""
                      },
                      "toggleSwitch": {
                        "color": {
                          "selected": "",
                          "unselected": ""
                        }
                      },
                      "viewParams": {},
                      "viewPath": "",
                      "visible": true,
                      "width": ""
                    },
                    {
                      "align": "center",
                      "boolean": "checkbox",
                      "dateFormat": "MM/DD/YYYY",
                      "editable": false,
                      "field": "prod_order",
                      "filter": {
                        "boolean": {
                          "condition": ""
                        },
                        "date": {
                          "condition": "",
                          "value": ""
                        },
                        "enabled": false,
                        "number": {
                          "condition": "",
                          "value": ""
                        },
                        "string": {
                          "condition": "",
                          "value": ""
                        },
                        "visible": "on-hover"
                      },
                      "footer": {
                        "align": "center",
                        "justify": "left",
                        "style": {
                          "classes": ""
                        },
                        "title": ""
                      },
                      "header": {
                        "align": "center",
                        "justify": "center",
                        "style": {
                          "classes": ""
                        },
                        "title": "PO"
                      },
                      "justify": "center",
                      "number": "value",
                      "numberFormat": "0,0.##",
                      "progressBar": {
                        "bar": {
                          "color": "",
                          "style": {
                            "classes": ""
                          }
                        },
                        "max": 100,
                        "min": 0,
                        "track": {
                          "color": "",
                          "style": {
                            "classes": ""
                          }
                        },
                        "value": {
                          "enabled": true,
                          "format": "0,0.##",
                          "justify": "center",
                          "style": {
                            "classes": ""
                          }
                        }
                      },
                      "render": "auto",
                      "resizable": true,
                      "sort": "none",
                      "sortable": false,
                      "strictWidth": false,
                      "style": {
                        "classes": ""
                      },
                      "toggleSwitch": {
                        "color": {
                          "selected": "",
                          "unselected": ""
                        }
                      },
                      "viewParams": {},
                      "viewPath": "",
                      "visible": true,
                      "width": ""
                    },
                    {
                      "align": "center",
                      "boolean": "checkbox",
                      "dateFormat": "MM/DD/YYYY",
                      "editable": false,
                      "field": "standard_alloy",
                      "filter": {
                        "boolean": {
                          "condition": ""
                        },
                        "date": {
                          "condition": "",
                          "value": ""
                        },
                        "enabled": false,
                        "number": {
                          "condition": "",
                          "value": ""
                        },
                        "string": {
                          "condition": "",
                          "value": ""
                        },
                        "visible": "on-hover"
                      },
                      "footer": {
                        "align": "center",
                        "justify": "left",
                        "style": {
                          "classes": ""
                        },
                        "title": ""
                      },
                      "header": {
                        "align": "center",
                        "justify": "center",
                        "style": {
                          "classes": ""
                        },
                        "title": "Standard Alloy"
                      },
                      "justify": "center",
                      "number": "value",
                      "numberFormat": "0,0.##",
                      "progressBar": {
                        "bar": {
                          "color": "",
                          "style": {
                            "classes": ""
                          }
                        },
                        "max": 100,
                        "min": 0,
                        "track": {
                          "color": "",
                          "style": {
                            "classes": ""
                          }
                        },
                        "value": {
                          "enabled": true,
                          "format": "0,0.##",
                          "justify": "center",
                          "style": {
                            "classes": ""
                          }
                        }
                      },
                      "render": "auto",
                      "resizable": true,
                      "sort": "none",
                      "sortable": false,
                      "strictWidth": false,
                      "style": {
                        "classes": ""
                      },
                      "toggleSwitch": {
                        "color": {
                          "selected": "",
                          "unselected": ""
                        }
                      },
                      "viewParams": {},
                      "viewPath": "",
                      "visible": true,
                      "width": ""
                    },
                    {
                      "align": "center",
                      "boolean": "checkbox",
                      "dateFormat": "MM/DD/YYYY",
                      "editable": false,
                      "field": "length_before_end_cutting",
                      "filter": {
                        "boolean": {
                          "condition": ""
                        },
                        "date": {
                          "condition": "",
                          "value": ""
                        },
                        "enabled": false,
                        "number": {
                          "condition": "",
                          "value": ""
                        },
                        "string": {
                          "condition": "",
                          "value": ""
                        },
                        "visible": "on-hover"
                      },
                      "footer": {
                        "align": "center",
                        "justify": "left",
                        "style": {
                          "classes": ""
                        },
                        "title": ""
                      },
                      "header": {
                        "align": "center",
                        "justify": "center",
                        "style": {
                          "classes": ""
                        },
                        "title": "Length Before End Cut"
                      },
                      "justify": "center",
                      "number": "value",
                      "numberFormat": "0,0.##",
                      "progressBar": {
                        "bar": {
                          "color": "",
                          "style": {
                            "classes": ""
                          }
                        },
                        "max": 100,
                        "min": 0,
                        "track": {
                          "color": "",
                          "style": {
                            "classes": ""
                          }
                        },
                        "value": {
                          "enabled": true,
                          "format": "0,0.##",
                          "justify": "center",
                          "style": {
                            "classes": ""
                          }
                        }
                      },
                      "render": "auto",
                      "resizable": true,
                      "sort": "none",
                      "sortable": false,
                      "strictWidth": false,
                      "style": {
                        "classes": ""
                      },
                      "toggleSwitch": {
                        "color": {
                          "selected": "",
                          "unselected": ""
                        }
                      },
                      "viewParams": {},
                      "viewPath": "",
                      "visible": true,
                      "width": ""
                    },
                    {
                      "align": "center",
                      "boolean": "checkbox",
                      "dateFormat": "MM/DD/YYYY",
                      "editable": false,
                      "field": "weight_before_end_cutting",
                      "filter": {
                        "boolean": {
                          "condition": ""
                        },
                        "date": {
                          "condition": "",
                          "value": ""
                        },
                        "enabled": false,
                        "number": {
                          "condition": "",
                          "value": ""
                        },
                        "string": {
                          "condition": "",
                          "value": ""
                        },
                        "visible": "on-hover"
                      },
                      "footer": {
                        "align": "center",
                        "justify": "left",
                        "style": {
                          "classes": ""
                        },
                        "title": ""
                      },
                      "header": {
                        "align": "center",
                        "justify": "center",
                        "style": {
                          "classes": ""
                        },
                        "title": "Weight Before End Cut"
                      },
                      "justify": "center",
                      "number": "value",
                      "numberFormat": "0,0.##",
                      "progressBar": {
                        "bar": {
                          "color": "",
                          "style": {
                            "classes": ""
                          }
                        },
                        "max": 100,
                        "min": 0,
                        "track": {
                          "color": "",
                          "style": {
                            "classes": ""
                          }
                        },
                        "value": {
                          "enabled": true,
                          "format": "0,0.##",
                          "justify": "center",
                          "style": {
                            "classes": ""
                          }
                        }
                      },
                      "render": "auto",
                      "resizable": true,
                      "sort": "none",
                      "sortable": false,
                      "strictWidth": false,
                      "style": {
                        "classes": ""
                      },
                      "toggleSwitch": {
                        "color": {
                          "selected": "",
                          "unselected": ""
                        }
                      },
                      "viewParams": {},
                      "viewPath": "",
                      "visible": true,
                      "width": ""
                    },
                    {
                      "align": "center",
                      "boolean": "checkbox",
                      "dateFormat": "MM/DD/YYYY",
                      "editable": false,
                      "field": "length_after_end_cutting",
                      "filter": {
                        "boolean": {
                          "condition": ""
                        },
                        "date": {
                          "condition": "",
                          "value": ""
                        },
                        "enabled": false,
                        "number": {
                          "condition": "",
                          "value": ""
                        },
                        "string": {
                          "condition": "",
                          "value": ""
                        },
                        "visible": "on-hover"
                      },
                      "footer": {
                        "align": "center",
                        "justify": "left",
                        "style": {
                          "classes": ""
                        },
                        "title": ""
                      },
                      "header": {
                        "align": "center",
                        "justify": "center",
                        "style": {
                          "classes": ""
                        },
                        "title": "Length After End Cut"
                      },
                      "justify": "center",
                      "number": "value",
                      "numberFormat": "0,0.##",
                      "progressBar": {
                        "bar": {
                          "color": "",
                          "style": {
                            "classes": ""
                          }
                        },
                        "max": 100,
                        "min": 0,
                        "track": {
                          "color": "",
                          "style": {
                            "classes": ""
                          }
                        },
                        "value": {
                          "enabled": true,
                          "format": "0,0.##",
                          "justify": "center",
                          "style": {
                            "classes": ""
                          }
                        }
                      },
                      "render": "auto",
                      "resizable": true,
                      "sort": "none",
                      "sortable": false,
                      "strictWidth": false,
                      "style": {
                        "classes": ""
                      },
                      "toggleSwitch": {
                        "color": {
                          "selected": "",
                          "unselected": ""
                        }
                      },
                      "viewParams": {},
                      "viewPath": "",
                      "visible": true,
                      "width": ""
                    },
                    {
                      "align": "center",
                      "boolean": "checkbox",
                      "dateFormat": "MM/DD/YYYY",
                      "editable": false,
                      "field": "weight_after_end_cutting",
                      "filter": {
                        "boolean": {
                          "condition": ""
                        },
                        "date": {
                          "condition": "",
                          "value": ""
                        },
                        "enabled": false,
                        "number": {
                          "condition": "",
                          "value": ""
                        },
                        "string": {
                          "condition": "",
                          "value": ""
                        },
                        "visible": "on-hover"
                      },
                      "footer": {
                        "align": "center",
                        "justify": "left",
                        "style": {
                          "classes": ""
                        },
                        "title": ""
                      },
                      "header": {
                        "align": "center",
                        "justify": "center",
                        "style": {
                          "classes": ""
                        },
                        "title": "Weight After End Cut"
                      },
                      "justify": "center",
                      "number": "value",
                      "numberFormat": "0,0.##",
                      "progressBar": {
                        "bar": {
                          "color": "",
                          "style": {
                            "classes": ""
                          }
                        },
                        "max": 100,
                        "min": 0,
                        "track": {
                          "color": "",
                          "style": {
                            "classes": ""
                          }
                        },
                        "value": {
                          "enabled": true,
                          "format": "0,0.##",
                          "justify": "center",
                          "style": {
                            "classes": ""
                          }
                        }
                      },
                      "render": "auto",
                      "resizable": true,
                      "sort": "none",
                      "sortable": false,
                      "strictWidth": false,
                      "style": {
                        "classes": ""
                      },
                      "toggleSwitch": {
                        "color": {
                          "selected": "",
                          "unselected": ""
                        }
                      },
                      "viewParams": {},
                      "viewPath": "",
                      "visible": true,
                      "width": ""
                    },
                    {
                      "align": "center",
                      "boolean": "checkbox",
                      "dateFormat": "MM/DD/YYYY HH:mm:ss",
                      "editable": false,
                      "field": "engraved_date_time",
                      "filter": {
                        "boolean": {
                          "condition": ""
                        },
                        "date": {
                          "condition": "",
                          "value": ""
                        },
                        "enabled": false,
                        "number": {
                          "condition": "",
                          "value": ""
                        },
                        "string": {
                          "condition": "",
                          "value": ""
                        },
                        "visible": "on-hover"
                      },
                      "footer": {
                        "align": "center",
                        "justify": "left",
                        "style": {
                          "classes": ""
                        },
                        "title": ""
                      },
                      "header": {
                        "align": "center",
                        "justify": "center",
                        "style": {
                          "classes": ""
                        },
                        "title": "Engraved Date\u0026Time"
                      },
                      "justify": "center",
                      "number": "value",
                      "numberFormat": "0,0.##",
                      "progressBar": {
                        "bar": {
                          "color": "",
                          "style": {
                            "classes": ""
                          }
                        },
                        "max": 100,
                        "min": 0,
                        "track": {
                          "color": "",
                          "style": {
                            "classes": ""
                          }
                        },
                        "value": {
                          "enabled": true,
                          "format": "0,0.##",
                          "justify": "center",
                          "style": {
                            "classes": ""
                          }
                        }
                      },
                      "render": "date",
                      "resizable": true,
                      "sort": "none",
                      "sortable": false,
                      "strictWidth": false,
                      "style": {
                        "classes": ""
                      },
                      "toggleSwitch": {
                        "color": {
                          "selected": "",
                          "unselected": ""
                        }
                      },
                      "viewParams": {},
                      "viewPath": "",
                      "visible": true,
                      "width": ""
                    },
                    {
                      "align": "center",
                      "boolean": "checkbox",
                      "dateFormat": "MM/DD/YYYY",
                      "editable": false,
                      "field": "status",
                      "filter": {
                        "boolean": {
                          "condition": ""
                        },
                        "date": {
                          "condition": "",
                          "value": ""
                        },
                        "enabled": false,
                        "number": {
                          "condition": "",
                          "value": ""
                        },
                        "string": {
                          "condition": "",
                          "value": ""
                        },
                        "visible": "on-hover"
                      },
                      "footer": {
                        "align": "center",
                        "justify": "left",
                        "style": {
                          "classes": ""
                        },
                        "title": ""
                      },
                      "header": {
                        "align": "center",
                        "justify": "center",
                        "style": {
                          "classes": ""
                        },
                        "title": "Status"
                      },
                      "justify": "center",
                      "number": "value",
                      "numberFormat": "0,0.##",
                      "progressBar": {
                        "bar": {
                          "color": "",
                          "style": {
                            "classes": ""
                          }
                        },
                        "max": 100,
                        "min": 0,
                        "track": {
                          "color": "",
                          "style": {
                            "classes": ""
                          }
                        },
                        "value": {
                          "enabled": true,
                          "format": "0,0.##",
                          "justify": "center",
                          "style": {
                            "classes": ""
                          }
                        }
                      },
                      "render": "auto",
                      "resizable": true,
                      "sort": "none",
                      "sortable": false,
                      "strictWidth": false,
                      "style": {
                        "classes": ""
                      },
                      "toggleSwitch": {
                        "color": {
                          "selected": "",
                          "unselected": ""
                        }
                      },
                      "viewParams": {},
                      "viewPath": "",
                      "visible": true,
                      "width": ""
                    }
                  ],
                  "headerStyle": {
                    "classes": "Table/Table_Header"
                  },
                  "rows": {
                    "height": 44,
                    "style": {
                      "classes": "Table/Table_Row"
                    }
                  },
                  "style": {
                    "classes": "Table/Table_style"
                  }
                },
                "type": "ia.display.table"
              }
            ],
            "meta": {
              "name": "FlexContainer22"
            },
            "position": {
              "basis": "200px",
              "grow": 1
            },
            "props": {
              "direction": "column",
              "style": {
                "marginBottom": 2,
                "marginTop": 2
              }
            },
            "type": "ia.container.flex"
          }
        ],
        "custom": {
          "Message": "value"
        },
        "meta": {
          "name": "FlexContainer2"
        },
        "position": {
          "basis": "200px",
          "grow": 1
        },
        "propConfig": {
          "custom.Update": {
            "binding": {
              "config": {
                "fallbackDelay": 2.5,
                "mode": "direct",
                "tagPath": "[B_IMS]End_Cutting/E_Table_Update"
              },
              "type": "tag"
            },
            "onChange": {
              "enabled": null,
              "script": "\tself.getChild(\"FlexContainer21\").getChild(\"Table1\").refreshBinding(\u0027props.data\u0027)\n\tself.getChild(\"FlexContainer22\").getChild(\"Table2\").refreshBinding(\u0027props.data\u0027)"
            }
          }
        },
        "props": {
          "direction": "column"
        },
        "scripts": {
          "customMethods": [],
          "extensionFunctions": null,
          "messageHandlers": [
            {
              "messageType": "E_AddDataManually",
              "pageScope": true,
              "script": "\n\t\n\tE\u003dpayload[\u0027Data\u0027]\n\n\t# implement your handler here\n\tself.getChild(\"FlexContainer21\").getChild(\"Table1\").refreshBinding(\"props.data\")\n\tself.getChild(\"FlexContainer22\").getChild(\"Table2\").refreshBinding(\"props.data\")\n\t\n\tself.getChild(\"FlexContainer21\").getChild(\"Table1\").refreshBinding(\"props.data\")\n\tself.getChild(\"FlexContainer22\").getChild(\"Table2\").refreshBinding(\"props.data\")\n\t\n\t",
              "sessionScope": true,
              "viewScope": false
            }
          ]
        },
        "type": "ia.container.flex"
      }
    ],
    "meta": {
      "name": "root"
    },
    "props": {
      "direction": "column"
    },
    "type": "ia.container.flex"
  }
}