{
  "custom": {
    "Material_Code": null,
    "Weigh_Data": null
  },
  "params": {
    "rowData": {}
  },
  "propConfig": {
    "custom.Material_Code": {
      "binding": {
        "config": {
          "path": "view.params.rowData"
        },
        "overlayOptOut": true,
        "transforms": [
          {
            "code": "\treturn value[\u0027material_code\u0027]",
            "type": "script"
          }
        ],
        "type": "property"
      },
      "persistent": true
    },
    "custom.Weigh_Data": {
      "binding": {
        "config": {
          "path": "view.params.rowData"
        },
        "overlayOptOut": true,
        "transforms": [
          {
            "code": "\treturn value[\u0027proc_qty\u0027]",
            "type": "script"
          }
        ],
        "type": "property"
      },
      "persistent": true
    },
    "params.rowData": {
      "paramDirection": "input",
      "persistent": true
    }
  },
  "props": {
    "defaultSize": {
      "height": 30,
      "width": 200
    }
  },
  "root": {
    "children": [
      {
        "events": {
          "component": {
            "onActionPerformed": {
              "config": {
                "script": "\tMessageType \u003d \"ProcQTY\"\n\tPayload \u003d {\"ProcQTY\": self.props.value}\n\tsystem.perspective.sendMessage(messageType\u003dMessageType,payload\u003dPayload,scope\u003d\"page\")"
              },
              "scope": "G",
              "type": "script"
            }
          }
        },
        "meta": {
          "name": "NumericEntryField"
        },
        "position": {
          "basis": "28px",
          "grow": 1,
          "shrink": 0
        },
        "propConfig": {
          "position.display": {
            "binding": {
              "config": {
                "path": "view.custom.Material_Code"
              },
              "overlayOptOut": true,
              "transforms": [
                {
                  "code": "\tif len(str(value))\u003e2:\n\t\treturn True\n\telse:\n\t\treturn False\t",
                  "type": "script"
                }
              ],
              "type": "property"
            }
          },
          "props.value": {
            "binding": {
              "config": {
                "path": "view.custom.Weigh_Data"
              },
              "overlayOptOut": true,
              "transforms": [
                {
                  "code": "\tvalue\u003dfloat(value)\n\ttry:\n\t\tif value\u003e\u003d0:\n\t\t\treturn value\n\t\telse:\t\n\t\t\treturn 0\n\texcept:\n\t\treturn 0\t\t",
                  "type": "script"
                }
              ],
              "type": "property"
            }
          }
        },
        "props": {
          "align": "center"
        },
        "type": "ia.input.numeric-entry-field"
      }
    ],
    "meta": {
      "name": "root"
    },
    "props": {
      "direction": "column",
      "justify": "space-evenly",
      "style": {
        "fontFamily": "Roboto",
        "overflow": "hidden",
        "padding": 0
      }
    },
    "type": "ia.container.flex"
  }
}