{
  "custom": {},
  "params": {},
  "props": {
    "defaultSize": {
      "height": 146,
      "width": 324
    }
  },
  "root": {
    "children": [
      {
        "children": [
          {
            "meta": {
              "name": "Label"
            },
            "position": {
              "basis": "165px",
              "grow": 1
            },
            "props": {
              "text": "Enter Log ID - ",
              "textStyle": {
                "fontFamily": "Roboto",
                "fontSize": 14,
                "fontWeight": "bold",
                "textAlign": "center"
              }
            },
            "type": "ia.display.label"
          },
          {
            "meta": {
              "name": "TextField"
            },
            "position": {
              "basis": "256px",
              "grow": 1
            },
            "props": {
              "placeholder": "Enter Log ID ",
              "style": {
                "fontFamily": "Roboto",
                "fontSize": 14,
                "fontWeight": "normal",
                "marginLeft": 20,
                "marginRight": 20,
                "textAlign": "center"
              }
            },
            "type": "ia.input.text-field"
          }
        ],
        "meta": {
          "name": "LOGID"
        },
        "position": {
          "basis": "40px",
          "shrink": 0
        },
        "type": "ia.container.flex"
      },
      {
        "children": [
          {
            "meta": {
              "name": "Label"
            },
            "position": {
              "basis": "165px",
              "grow": 1
            },
            "props": {
              "text": "Select Line - ",
              "textStyle": {
                "fontFamily": "Roboto",
                "fontSize": 14,
                "fontWeight": "bold",
                "textAlign": "center"
              }
            },
            "type": "ia.display.label"
          },
          {
            "meta": {
              "name": "Dropdown"
            },
            "position": {
              "basis": "256px",
              "grow": 1
            },
            "props": {
              "options": [
                {
                  "label": "HM1",
                  "value": "HM1"
                },
                {
                  "label": "HM2",
                  "value": "HM2"
                }
              ],
              "placeholder": {
                "text": "Select Line.."
              },
              "style": {
                "fontFamily": "Roboto",
                "fontSize": 14,
                "fontWeight": "normal",
                "marginLeft": 20,
                "marginRight": 20,
                "textAlign": "center"
              },
              "textAlign": "center",
              "value": "HM1"
            },
            "type": "ia.input.dropdown"
          }
        ],
        "meta": {
          "name": "LineSele"
        },
        "position": {
          "basis": "40px",
          "display": false,
          "shrink": 0
        },
        "props": {
          "justify": "space-around"
        },
        "type": "ia.container.flex"
      },
      {
        "events": {
          "dom": {
            "onClick": {
              "config": {
                "script": "\timport re\n\timport time\n\tLine\u003dstr(self.parent.getChild(\"LineSele\").getChild(\"Dropdown\").props.value)\n\tLOGID\u003dself.parent.getChild(\"LOGID\").getChild(\"TextField\").props.text\n\tDT\u003dsystem.date.now()\n#\tself.getSibling(\"TextArea\").props.text\u003dlen(LOGID)\n\tif len(str(LOGID))\u003e20 and len(str(LOGID))\u003c\u003d110:\n\t\tLOGID\u003dQRDATA.getLOGID.LOGID(LOGID)\n\t\t#\tUpdate in Database\n\t\tquery\u003d\u0027\u0027\u0027\n\t\t\t\tUPDATE [dbo].[mes_endcut_homogenize_dispatch]\n\t\t\t\t   SET [homogenization_end_execution_date]\u003d?\n\t\t\t\t         ,[homogenization_end_execution_time]\u003d?\n\t\t\t\t         ,[status] \u003d \u0027Homogenization Completed\u0027\n\t\t\t\tWHERE  [log_batch_no]\u003d?  \n\t\t\t\u0027\u0027\u0027\n\t\tsystem.db.runPrepUpdate(query, [DT,DT,LOGID], \u0027CIMS2\u0027)\n#\t\tself.getSibling(\"TextArea\").props.text\u003dLOGID\t\n\telif len(str(LOGID))\u003e110:\t\n\t#   Collect LOG ID if len \u003e 100 character\n\t\ttext \u003d str(self.parent.getChild(\"LOGID\").getChild(\"TextField\").props.text)\t\n\t#\tlog_ids \u003d re.findall(r\u0027B\\.NO-LOG ID:(\\w+)\u0027, text)\n\t\tlog_ids \u003d re.findall(r\u0027B\\.NO-LOG ID:\\s*(\\S+)\u0027, text)\n#\t\tdata_string \u003d \u0027, \u0027.join(log_ids)  # Convert the list to a comma-separated string\n#\t\tdata_string \u003d data_string.replace(\u0027[\u0027, \u0027\u0027).replace(\u0027]\u0027, \u0027\u0027)  # Remove the square brackets\n\t\tquoted_data_list \u003d [\"\u0027\" + item + \"\u0027\" for item in log_ids]\n\t\tdata_string \u003d \u0027, \u0027.join(quoted_data_list)\n#\t\tself.getSibling(\"TextArea\").props.text\u003ddata_string\t\n\t\t# Update the data into DB\n\t\tquery\u003d\u0027\u0027\u0027\n\t\t\t\t\tUPDATE [dbo].[mes_endcut_homogenize_dispatch]\n\t\t\t\t\t   SET [homogenization_end_execution_date]\u003d?\n   \t\t\t\t         ,[homogenization_end_execution_time]\u003d?\n   \t\t\t\t         ,[status] \u003d \u0027Homogenization Completed\u0027\n\t\t\t\t\tWHERE  [log_batch_no] in (\u0027\u0027\u0027+data_string+\u0027\u0027\u0027)\u0027\u0027\u0027\n\t\tsystem.db.runPrepUpdate(query, [DT,DT], \u0027CIMS2\u0027)\n\t\t\n\telse:\n\t\tLOGID\u003dLOGID\t\n\t#\tUpdate in Database\n\t\tquery\u003d\u0027\u0027\u0027\n\t\t\t\tUPDATE [dbo].[mes_endcut_homogenize_dispatch]\n\t\t\t\t   SET [homogenization_end_execution_date]\u003d?\n\t\t\t         ,[homogenization_end_execution_time]\u003d?\n\t\t\t         ,[status] \u003d \u0027Homogenization Completed\u0027\n\t\t\t\t   \n\t\t\t\tWHERE  [log_batch_no]\u003d?  \n\t\t\t\u0027\u0027\u0027\n\t\tsystem.db.runPrepUpdate(query, [DT,DT,LOGID], \u0027CIMS2\u0027)\n\t\t\t\t\n\n#\tClose popup\n\tsystem.perspective.closePopup(\u0027vt-JZXGk2\u0027)\n\t\n\ttime.sleep(1)\n#\tSend Message to refresh Table Data\n\tPayload\u003d{\u0027Data\u0027:str(self.parent.getChild(\"LOGID\").getChild(\"TextField\").props.text)}\n\tsystem.perspective.sendMessage(\"H_AddDataManually\", payload \u003d Payload, scope \u003d \"page\")\n"
              },
              "scope": "G",
              "type": "script"
            }
          }
        },
        "meta": {
          "name": "Button"
        },
        "position": {
          "basis": "37px",
          "shrink": 0
        },
        "props": {
          "style": {
            "marginBottom": 20,
            "marginLeft": 20,
            "marginRight": 20
          },
          "text": "Complete"
        },
        "type": "ia.input.button"
      }
    ],
    "meta": {
      "name": "root"
    },
    "props": {
      "direction": "column",
      "justify": "space-around"
    },
    "type": "ia.container.flex"
  }
}