{
  "custom": {
    "MaterialCode": null
  },
  "params": {
    "rowData": {}
  },
  "propConfig": {
    "custom.MaterialCode": {
      "binding": {
        "config": {
          "path": "view.params.rowData"
        },
        "overlayOptOut": true,
        "transforms": [
          {
            "code": "\treturn value[\u0027material_code\u0027]",
            "type": "script"
          }
        ],
        "type": "property"
      },
      "persistent": true
    },
    "params.rowData": {
      "paramDirection": "input",
      "persistent": true
    }
  },
  "props": {
    "defaultSize": {
      "height": 30,
      "width": 200
    }
  },
  "root": {
    "children": [
      {
        "events": {
          "component": {
            "onActionPerformed": {
              "config": {
                "script": "\tMessageType \u003d \"WeighSel\"\n\tPayload \u003d {\"selectedWeigh\": self.props.value}\n\tsystem.perspective.sendMessage(messageType\u003dMessageType,payload\u003dPayload,scope\u003d\"page\")"
              },
              "scope": "G",
              "type": "script"
            }
          }
        },
        "meta": {
          "name": "Dropdown"
        },
        "position": {
          "basis": "26px",
          "shrink": 0
        },
        "propConfig": {
          "position.display": {
            "binding": {
              "config": {
                "path": "view.custom.MaterialCode"
              },
              "overlayOptOut": true,
              "transforms": [
                {
                  "code": "\tif len(str(value))\u003e\u003d2:\n\t\treturn True\n\telse:\n\t\treturn False\t",
                  "type": "script"
                }
              ],
              "type": "property"
            }
          }
        },
        "props": {
          "options": [
            {
              "label": "MF1/MF2",
              "value": "[B_IMS]Weigh_Scale/_MF1_MF2_/4321/Message"
            },
            {
              "label": "MF3/MF4",
              "value": "[B_IMS]Weigh_Scale/_MF3_MF4_/4321/Message"
            },
            {
              "label": "H_MF1/MF2",
              "value": "[B_IMS]Weigh_Scale/_MF1_MF2 Hanging type_/4321/Message"
            },
            {
              "label": "H_MF3/MF4",
              "value": "[B_IMS]Weigh_Scale/_MF3_MF4 Hanging type_/4321/Message"
            },
            {
              "label": "HF-1",
              "value": "[B_IMS]Weigh_Scale/_HF-1_/4321/Message"
            },
            {
              "label": "HF-2",
              "value": "[B_IMS]Weigh_Scale/_HF-2_/4321/Message"
            }
          ],
          "style": {
            "fontFamily": "Roboto",
            "fontSize": 12
          },
          "textAlign": "center",
          "value": "[B_IMS]Weigh_Scale/_MF1_MF2_/4321/Message"
        },
        "type": "ia.input.dropdown"
      }
    ],
    "meta": {
      "name": "root"
    },
    "props": {
      "direction": "column",
      "style": {
        "overflow": "hidden",
        "padding": 3
      }
    },
    "type": "ia.container.flex"
  }
}