{
  "custom": {
    "Tab": 1
  },
  "params": {},
  "props": {
    "defaultSize": {
      "width": 1150
    }
  },
  "root": {
    "children": [
      {
        "meta": {
          "name": "Label"
        },
        "position": {
          "basis": "20px",
          "display": false
        },
        "props": {
          "style": {
            "marginLeft": 12,
            "marginTop": 5
          },
          "text": "Reports",
          "textStyle": {
            "color": "#5B5B5B",
            "fontFamily": "Roboto",
            "fontSize": "18px",
            "fontWeight": 600,
            "textAlign": "left"
          }
        },
        "type": "ia.display.label"
      },
      {
        "children": [
          {
            "meta": {
              "name": "FlexContainer"
            },
            "position": {
              "basis": "10px",
              "shrink": 0
            },
            "props": {
              "style": {
                "overflow": "hidden"
              }
            },
            "type": "ia.container.flex"
          },
          {
            "children": [
              {
                "meta": {
                  "name": "FlexContainer_0"
                },
                "position": {
                  "basis": "20px",
                  "shrink": 0
                },
                "type": "ia.container.flex"
              },
              {
                "meta": {
                  "name": "Label"
                },
                "position": {
                  "basis": "50px",
                  "grow": 1
                },
                "propConfig": {
                  "props.textStyle.color": {
                    "binding": {
                      "config": {
                        "path": "view.custom.Tab"
                      },
                      "transforms": [
                        {
                          "code": "\tif value\u003d\u003d1:\n\t\treturn \u0027#257A8C\u0027\n\telse:\n\t\treturn \u0027#595959\u0027\t\n\t\t",
                          "type": "script"
                        }
                      ],
                      "type": "property"
                    }
                  }
                },
                "props": {
                  "text": "Dross Report",
                  "textStyle": {
                    "fontFamily": "Roboto",
                    "fontSize": 14,
                    "fontWeight": 500,
                    "textAlign": "center"
                  }
                },
                "type": "ia.display.label"
              },
              {
                "meta": {
                  "name": "FlexContainer"
                },
                "position": {
                  "basis": "5px",
                  "shrink": 0
                },
                "propConfig": {
                  "props.style.backgroundColor": {
                    "binding": {
                      "config": {
                        "path": "view.custom.Tab"
                      },
                      "transforms": [
                        {
                          "code": "\tif value\u003d\u003d1:\n\t\treturn \u0027#257A8C\u0027\n\telse:\n\t\treturn \u0027#FFFFFF\u0027\t",
                          "type": "script"
                        }
                      ],
                      "type": "property"
                    }
                  }
                },
                "props": {
                  "style": {
                    "borderBottomLeftRadius": 4,
                    "borderBottomRightRadius": 4,
                    "borderTopLeftRadius": 4,
                    "borderTopRightRadius": 4,
                    "margin": 15
                  }
                },
                "type": "ia.container.flex"
              }
            ],
            "events": {
              "dom": {
                "onClick": {
                  "config": {
                    "script": "\tself.view.custom.Tab\u003d1\n#\tChange view path and params in Embeded view\n\tself.parent.parent.getChild(\"EmbeddedView\").props.path\u003d\u0027Reports/DrossReport\u0027"
                  },
                  "scope": "G",
                  "type": "script"
                }
              }
            },
            "meta": {
              "name": "Tab1"
            },
            "position": {
              "basis": "100px",
              "shrink": 0
            },
            "props": {
              "direction": "column",
              "style": {
                "fontSize": 14,
                "overflow": "hidden"
              }
            },
            "type": "ia.container.flex"
          },
          {
            "children": [
              {
                "meta": {
                  "name": "FlexContainer_0"
                },
                "position": {
                  "basis": "20px",
                  "shrink": 0
                },
                "type": "ia.container.flex"
              },
              {
                "meta": {
                  "name": "Label"
                },
                "position": {
                  "basis": "50px",
                  "display": false,
                  "grow": 1
                },
                "propConfig": {
                  "props.textStyle.color": {
                    "binding": {
                      "config": {
                        "path": "view.custom.Tab"
                      },
                      "transforms": [
                        {
                          "code": "\tif value\u003d\u003d2:\n\t\treturn \u0027#257A8C\u0027\n\telse:\n\t\treturn \u0027#595959\u0027\t\n\t\t",
                          "type": "script"
                        }
                      ],
                      "type": "property"
                    }
                  }
                },
                "props": {
                  "text": "Tab 2",
                  "textStyle": {
                    "fontFamily": "Roboto",
                    "fontSize": 14,
                    "fontWeight": 500,
                    "textAlign": "center"
                  }
                },
                "type": "ia.display.label"
              },
              {
                "meta": {
                  "name": "FlexContainer"
                },
                "position": {
                  "basis": "5px",
                  "shrink": 0
                },
                "propConfig": {
                  "props.style.backgroundColor": {
                    "binding": {
                      "config": {
                        "path": "view.custom.Tab"
                      },
                      "transforms": [
                        {
                          "code": "\tif value\u003d\u003d2:\n\t\treturn \u0027#257A8C\u0027\n\telse:\n\t\treturn \u0027#FFFFFF\u0027\t",
                          "type": "script"
                        }
                      ],
                      "type": "property"
                    }
                  }
                },
                "props": {
                  "style": {
                    "borderBottomLeftRadius": 4,
                    "borderBottomRightRadius": 4,
                    "borderTopLeftRadius": 4,
                    "borderTopRightRadius": 4,
                    "margin": 15
                  }
                },
                "type": "ia.container.flex"
              }
            ],
            "events": {
              "dom": {
                "onClick": {
                  "config": {
                    "script": "\tself.view.custom.Tab\u003d2\n\t\n\t#\tChange view path and params in Embeded view\n\tself.parent.parent.getChild(\"EmbeddedView\").props.path\u003d\u0027\u0027"
                  },
                  "scope": "G",
                  "type": "script"
                }
              }
            },
            "meta": {
              "name": "Tab2"
            },
            "position": {
              "basis": "100px",
              "shrink": 0
            },
            "props": {
              "direction": "column",
              "style": {
                "fontSize": 14,
                "overflow": "hidden"
              }
            },
            "type": "ia.container.flex"
          },
          {
            "children": [
              {
                "events": {
                  "dom": {
                    "onClick": {
                      "config": {
                        "script": "\tfrom datetime import datetime\n\t\t\n\t#Set the filename with current timestamp\n\tcurrentDateTime \u003d datetime.now()\n\t\n\ttabNo \u003d self.view.custom.Tab\n\tfileName \u003d \"data_\" + str(currentDateTime.strftime(\"%Y%m%d%H%M%S\")) + \".xlsx\"\n\treportCols \u003d []\n\tif tabNo \u003d\u003d 1:\n\t\tfileName \u003d \"DrossReport_\" + str(currentDateTime.strftime(\"%Y%m%d%H%M%S\")) + \".xlsx\"\n\t\treportCols \u003d [\"Prod Order\", \"Operation\", \"DateTime\", \"MaterialCode\", \"MaterialDescription\", \"MaterialSelection\", \"Batch\", \"Quantity\", \"Quantity Uom\", \"Total\"]\n\telif tabNo \u003d\u003d 2:\n\t\tfileName \u003d \"MyData\" + str(currentDateTime.strftime(\"%Y%m%d%H%M%S\")) + \".xlsx\"\n\t\treportCols \u003d [\"ColName1\", \"ColName2\"]\n\telse:\n\t\tfileName \u003d \"data_\" + str(currentDateTime.strftime(\"%Y%m%d%H%M%S\")) + \".xlsx\"\n\t\treportCols \u003d []\n\t\t\n\t# From PyDataSet\n\tdata \u003d self.parent.parent.parent.getChild(\"EmbeddedView\").props.params.downloadData\n\theaders \u003d system.dataset.getColumnHeaders(data)\n\n\tnewData\u003d[]\n\tfor rowIndex in range(data.rowCount):\n\t\trow \u003d [data.getValueAt(rowIndex,col) for col in range(data.columnCount)]\n\t\tnewData.append(row)\n\t\n\tXLSFormat \u003d system.dataset.toExcel(True,[data])\n\tsystem.perspective.download(fileName, XLSFormat)\n\t"
                      },
                      "scope": "G",
                      "type": "script"
                    }
                  }
                },
                "meta": {
                  "name": "Icon"
                },
                "position": {
                  "basis": "30px"
                },
                "propConfig": {
                  "position.display": {
                    "binding": {
                      "config": {
                        "path": "view.custom.Tab"
                      },
                      "transforms": [
                        {
                          "code": "\tif value in(1,2,3,4):\n\t\treturn True\n\telse:\n\t\treturn False\n\t",
                          "type": "script"
                        }
                      ],
                      "type": "property"
                    }
                  }
                },
                "props": {
                  "color": "#3F5462",
                  "path": "material/arrow_circle_down"
                },
                "type": "ia.display.icon"
              },
              {
                "meta": {
                  "name": "Label"
                },
                "position": {
                  "basis": "50px",
                  "shrink": 0
                },
                "propConfig": {
                  "props.textStyle.color": {
                    "binding": {
                      "config": {
                        "path": "view.custom.Tab"
                      },
                      "transforms": [
                        {
                          "code": "\tif value\u003d\u003d2:\n\t\treturn \u0027#257A8C\u0027\n\telse:\n\t\treturn \u0027#595959\u0027\t\n\t\t",
                          "type": "script"
                        }
                      ],
                      "type": "property"
                    }
                  }
                },
                "props": {
                  "text": "From - ",
                  "textStyle": {
                    "fontFamily": "Roboto",
                    "fontSize": 14,
                    "fontWeight": 500,
                    "textAlign": "left"
                  }
                },
                "type": "ia.display.label"
              },
              {
                "events": {
                  "system": {
                    "onStartup": {
                      "config": {
                        "script": "\tTo\u003dsystem.date.now()\n\tdays\u003dself.getSibling(\"Button_0\").custom.No_of_Months\n\tD\u003dself.getSibling(\"Button_0\").custom.No_of_Days\n#\tMdate\u003dsystem.date.addMonths(To, -days)\n\tMdate\u003dsystem.date.addDays(To, -D)\n\tself.props.value\u003dMdate"
                      },
                      "scope": "G",
                      "type": "script"
                    }
                  }
                },
                "meta": {
                  "name": "DateTimeInput"
                },
                "position": {
                  "basis": "100px",
                  "shrink": 0
                },
                "props": {
                  "format": "DD-MM-YYYY",
                  "formattedValue": "27-11-2023",
                  "pickerType": "date",
                  "style": {
                    "marginBottom": 5,
                    "marginRight": 15,
                    "marginTop": 8
                  },
                  "value": {
                    "$": [
                      "ts",
                      192,
                      1701670272131
                    ],
                    "$ts": 1701065472131
                  }
                },
                "type": "ia.input.date-time-input"
              },
              {
                "meta": {
                  "name": "Label_0"
                },
                "position": {
                  "basis": "30px",
                  "shrink": 0
                },
                "propConfig": {
                  "props.textStyle.color": {
                    "binding": {
                      "config": {
                        "path": "view.custom.Tab"
                      },
                      "transforms": [
                        {
                          "code": "\tif value\u003d\u003d2:\n\t\treturn \u0027#257A8C\u0027\n\telse:\n\t\treturn \u0027#595959\u0027\t\n\t\t",
                          "type": "script"
                        }
                      ],
                      "type": "property"
                    }
                  }
                },
                "props": {
                  "text": "To - ",
                  "textStyle": {
                    "fontFamily": "Roboto",
                    "fontSize": 14,
                    "fontWeight": 500,
                    "textAlign": "left"
                  }
                },
                "type": "ia.display.label"
              },
              {
                "events": {
                  "system": {
                    "onStartup": {
                      "config": {
                        "script": "\tself.props.value\u003dsystem.date.now()"
                      },
                      "scope": "G",
                      "type": "script"
                    }
                  }
                },
                "meta": {
                  "name": "DateTimeInput_0"
                },
                "position": {
                  "basis": "100px",
                  "shrink": 0
                },
                "props": {
                  "format": "DD-MM-YYYY",
                  "formattedValue": "04-12-2023",
                  "pickerType": "date",
                  "style": {
                    "marginBottom": 5,
                    "marginRight": 15,
                    "marginTop": 8
                  },
                  "value": {
                    "$": [
                      "ts",
                      192,
                      1701670272131
                    ],
                    "$ts": 1701670272131
                  }
                },
                "type": "ia.input.date-time-input"
              },
              {
                "events": {
                  "dom": {
                    "onClick": {
                      "config": {
                        "script": "#\tFrom \n\tself.parent.parent.parent.getChild(\"EmbeddedView\").props.params.FromDate\u003dself.getSibling(\"DateTimeInput\").props.value\n#\tTo\n\tself.parent.parent.parent.getChild(\"EmbeddedView\").props.params.ToDate\u003dself.getSibling(\"DateTimeInput_0\").props.value"
                      },
                      "scope": "G",
                      "type": "script"
                    }
                  }
                },
                "meta": {
                  "name": "Button"
                },
                "position": {
                  "basis": "64px"
                },
                "propConfig": {
                  "props.style.fontSize": {
                    "binding": {
                      "config": {
                        "path": "page.props.dimensions.primaryView.width"
                      },
                      "overlayOptOut": true,
                      "transforms": [
                        {
                          "code": "\tif value\u003c\u003d1120:\n\t\tself.props.style.marginRight\u003d2\n\t\treturn 10\n\telse:\t\n\t\tself.props.style.marginRight\u003d18\n\t\treturn 14",
                          "type": "script"
                        }
                      ],
                      "type": "property"
                    }
                  }
                },
                "props": {
                  "style": {
                    "fontFamily": "Roboto",
                    "marginBottom": 5,
                    "marginRight": 2,
                    "marginTop": 8,
                    "textAlign": "center"
                  },
                  "text": "Apply"
                },
                "type": "ia.input.button"
              },
              {
                "custom": {
                  "No_of_Days": 7,
                  "No_of_Months": 12
                },
                "events": {
                  "dom": {
                    "onClick": {
                      "config": {
                        "script": "\tTo\u003dsystem.date.now()\n\tmonth\u003dself.custom.No_of_Months\n\tDays\u003dself.custom.No_of_Days\n#\tMdate\u003dsystem.date.addMonths(To, -month)\n\tMdate\u003dsystem.date.addDays(To, -Days)\n\tself.props.value\u003dMdate\n\t\n#\tPass to To Date Component\n\tself.getSibling(\"DateTimeInput_0\").props.value\u003dTo\n\t\n#\tPass value to From Date Component\n\tself.getSibling(\"DateTimeInput\").props.value\u003dMdate\t\n\t\n#\tFrom \n\tself.parent.parent.parent.getChild(\"EmbeddedView\").props.params.FromDate\u003dMdate\n#\tTo\n\tself.parent.parent.parent.getChild(\"EmbeddedView\").props.params.ToDate\u003dTo\t"
                      },
                      "scope": "G",
                      "type": "script"
                    }
                  }
                },
                "meta": {
                  "name": "Button_0"
                },
                "position": {
                  "basis": "64px"
                },
                "propConfig": {
                  "props.style.fontSize": {
                    "binding": {
                      "config": {
                        "path": "page.props.dimensions.primaryView.width"
                      },
                      "overlayOptOut": true,
                      "transforms": [
                        {
                          "code": "\tif value\u003c\u003d1120:\n\t\tself.props.style.marginRight\u003d2\n\t\treturn 10\n\telse:\t\n\t\tself.props.style.marginRight\u003d18\n\t\treturn 14",
                          "type": "script"
                        }
                      ],
                      "type": "property"
                    }
                  }
                },
                "props": {
                  "style": {
                    "fontFamily": "Roboto",
                    "marginBottom": 5,
                    "marginRight": 2,
                    "marginTop": 8,
                    "textAlign": "center"
                  },
                  "text": "Reset",
                  "value": {
                    "$": [
                      "ts",
                      192,
                      1685015582908
                    ],
                    "$ts": 1671969182908
                  }
                },
                "type": "ia.input.button"
              }
            ],
            "meta": {
              "name": "FlexContainer_1"
            },
            "position": {
              "basis": "200px",
              "grow": 1
            },
            "props": {
              "justify": "flex-end",
              "style": {
                "paddingBottom": 8
              }
            },
            "type": "ia.container.flex"
          }
        ],
        "meta": {
          "name": "Tab"
        },
        "position": {
          "basis": "50px"
        },
        "props": {
          "justify": "flex-end",
          "style": {
            "marginTop": 5
          }
        },
        "type": "ia.container.flex"
      },
      {
        "meta": {
          "name": "FlexContainer"
        },
        "position": {
          "basis": "2px",
          "shrink": 0
        },
        "props": {
          "style": {
            "backgroundColor": "#714A4ABD",
            "borderBottomLeftRadius": 4,
            "borderBottomRightRadius": 4,
            "borderTopLeftRadius": 4,
            "borderTopRightRadius": 4,
            "marginLeft": 8,
            "marginRight": 8
          }
        },
        "type": "ia.container.flex"
      },
      {
        "events": {
          "system": {
            "onStartup": {
              "config": {
                "script": "\tself.props.params.FromDate\u003dself.parent.getChild(\"Tab\").getChild(\"FlexContainer_1\").getChild(\"DateTimeInput\").props.value\n\tself.props.params.ToDate\u003dself.parent.getChild(\"Tab\").getChild(\"FlexContainer_1\").getChild(\"DateTimeInput_0\").props.value"
              },
              "scope": "G",
              "type": "script"
            }
          }
        },
        "meta": {
          "name": "EmbeddedView"
        },
        "position": {
          "basis": "320px",
          "grow": 1
        },
        "propConfig": {
          "props.path": {
            "onChange": {
              "enabled": null,
              "script": "\tif previousValue.value!\u003dcurrentValue.value:\n\t\tself.props.params.FromDate\u003dself.parent.getChild(\"Tab\").getChild(\"FlexContainer_1\").getChild(\"DateTimeInput\").props.value\n\t\tself.props.params.ToDate\u003dself.parent.getChild(\"Tab\").getChild(\"FlexContainer_1\").getChild(\"DateTimeInput_0\").props.value\n\telse:\n\t\tself.props.params.FromDate\u003dself.parent.getChild(\"Tab\").getChild(\"FlexContainer_1\").getChild(\"DateTimeInput\").props.value\n\t\tself.props.params.ToDate\u003dself.parent.getChild(\"Tab\").getChild(\"FlexContainer_1\").getChild(\"DateTimeInput_0\").props.value\t"
            }
          }
        },
        "props": {
          "params": {
            "FromDate": {
              "$": [
                "ts",
                192,
                1701670272132
              ],
              "$ts": 1701065472131
            },
            "ToDate": {
              "$": [
                "ts",
                192,
                1701670272132
              ],
              "$ts": 1701670272131
            },
            "downloadData": {
              "$": [
                "ds",
                192,
                1701670274029
              ],
              "$columns": [
                {
                  "data": [
                    "003000008124                            ",
                    "",
                    "003000008128                            ",
                    "",
                    "003000008130                            ",
                    "",
                    "003000008134                            ",
                    "",
                    "003000008135                            ",
                    "",
                    "003000008136                            ",
                    "",
                    "003000008137                            ",
                    "003000008143                            ",
                    "",
                    "003000008144                            ",
                    "",
                    "003000008145                            ",
                    "",
                    "003000008147                            ",
                    "",
                    "003000008148                            ",
                    "",
                    "003000008149                            ",
                    "",
                    "003000008150                            ",
                    "",
                    "003000008155                            ",
                    "",
                    "003000008164                            ",
                    "",
                    "003000008165                            ",
                    "",
                    "003000008166                            ",
                    "003000008174                            ",
                    "",
                    "003000008177                            ",
                    "003000008179                            ",
                    "003000008183                            ",
                    "003000008186                            ",
                    "003000008187                            ",
                    "",
                    "003000008189                            ",
                    "",
                    "003000008192                            ",
                    "",
                    "003000008194                            ",
                    "003000008195                            ",
                    ""
                  ],
                  "name": "Prod Order",
                  "type": "String"
                },
                {
                  "data": [
                    "Melting",
                    "Casting",
                    "Melting",
                    "Holding",
                    "Melting",
                    "Holding",
                    "Melting",
                    "Holding",
                    "Melting",
                    "Holding",
                    "Melting",
                    "Casting",
                    "Melting",
                    "Melting",
                    "Casting",
                    "Melting",
                    "Casting",
                    "Melting",
                    "Holding",
                    "Melting",
                    "Holding",
                    "Melting",
                    "Holding",
                    "Melting",
                    "Holding",
                    "Melting",
                    "Casting",
                    "Melting",
                    "Casting",
                    "Melting",
                    "Casting",
                    "Melting",
                    "Casting",
                    "Casting",
                    "Melting",
                    "Holding",
                    "Melting",
                    "Melting",
                    "Melting",
                    "Melting",
                    "Melting",
                    "Holding",
                    "Melting",
                    "Casting",
                    "Melting",
                    "Holding",
                    "Casting",
                    "Melting",
                    "Holding"
                  ],
                  "name": "Operation",
                  "type": "String"
                },
                {
                  "data": [
                    1701189831807,
                    1701190101943,
                    1701238167090,
                    1701238420110,
                    1701253010883,
                    1701253202050,
                    1701259815653,
                    1701259990820,
                    1701267515183,
                    1701267759327,
                    1701299572150,
                    1701299946553,
                    1701482790260,
                    1701284352890,
                    1701284844853,
                    1701289709347,
                    1701290364557,
                    1701316997990,
                    1701317259063,
                    1701324923430,
                    1701325137247,
                    1701335227233,
                    1701335420480,
                    1701343806207,
                    1701344008177,
                    1701356444237,
                    1701356861340,
                    1701364205490,
                    1701364598050,
                    1701447850473,
                    1701448145957,
                    1701461334077,
                    1701461741977,
                    1701472209903,
                    1701652489700,
                    1701652833303,
                    1701511309257,
                    1701555522090,
                    1701591561660,
                    1701621211103,
                    1701640653810,
                    1701641036520,
                    1701661789873,
                    1701662476570,
                    1701632475067,
                    1701632699970,
                    1701660124517,
                    1701639107530,
                    1701639311140
                  ],
                  "name": "Recorded DateTime",
                  "type": "Date"
                },
                {
                  "data": [
                    "8XINHOUSEDROSSXXXXXXXXXXX",
                    "2400000077",
                    "8XINHOUSEDROSSXXXXXXXXXXX",
                    "2400000077",
                    "8XINHOUSEDROSSXXXXXXXXXXX",
                    "2400000077",
                    "8XINHOUSEDROSSXXXXXXXXXXX",
                    "2400000077",
                    "8XINHOUSEDROSSXXXXXXXXXXX",
                    "2400000077",
                    "8XINHOUSEDROSSXXXXXXXXXXX",
                    "2400000077",
                    "8XINHOUSEDROSSXXXXXXXXXXX",
                    "8XINHOUSEDROSSXXXXXXXXXXX",
                    "2400000077",
                    "8XINHOUSEDROSSXXXXXXXXXXX",
                    "2400000077",
                    "8XINHOUSEDROSSXXXXXXXXXXX",
                    "2400000077",
                    "8XINHOUSEDROSSXXXXXXXXXXX",
                    "2400000077",
                    "8XINHOUSEDROSSXXXXXXXXXXX",
                    "2400000077",
                    "8XINHOUSEDROSSXXXXXXXXXXX",
                    "2400000077",
                    "8XINHOUSEDROSSXXXXXXXXXXX",
                    "2400000077",
                    "8XINHOUSEDROSSXXXXXXXXXXX",
                    "2400000077",
                    "8XINHOUSEDROSSXXXXXXXXXXX",
                    "2400000077",
                    "8XINHOUSEDROSSXXXXXXXXXXX",
                    "2400000077",
                    "2400000077",
                    "8XINHOUSEDROSSXXXXXXXXXXX",
                    "2400000077",
                    "8XINHOUSEDROSSXXXXXXXXXXX",
                    "8XINHOUSEDROSSXXXXXXXXXXX",
                    "8XINHOUSEDROSSXXXXXXXXXXX",
                    "8XINHOUSEDROSSXXXXXXXXXXX",
                    "8XINHOUSEDROSSXXXXXXXXXXX",
                    "2400000077",
                    "8XINHOUSEDROSSXXXXXXXXXXX",
                    "2400000077",
                    "8XINHOUSEDROSSXXXXXXXXXXX",
                    "2400000077",
                    "2400000077",
                    "8XINHOUSEDROSSXXXXXXXXXXX",
                    "2400000077"
                  ],
                  "name": "Material Code",
                  "type": "String"
                },
                {
                  "data": [
                    "INHOUSE DROSS",
                    "Drained metal",
                    "INHOUSE DROSS",
                    "Drained metal",
                    "INHOUSE DROSS",
                    "Drained metal",
                    "INHOUSE DROSS",
                    "Drained metal",
                    "INHOUSE DROSS",
                    "Drained metal",
                    "INHOUSE DROSS",
                    "Drained metal",
                    "INHOUSE DROSS",
                    "INHOUSE DROSS",
                    "Drained metal",
                    "INHOUSE DROSS",
                    "Drained metal",
                    "INHOUSE DROSS",
                    "Drained metal",
                    "INHOUSE DROSS",
                    "Drained metal",
                    "INHOUSE DROSS",
                    "Drained metal",
                    "INHOUSE DROSS",
                    "Drained metal",
                    "INHOUSE DROSS",
                    "Drained metal",
                    "INHOUSE DROSS",
                    "Drained metal",
                    "INHOUSE DROSS",
                    "Drained metal",
                    "INHOUSE DROSS",
                    "Drained metal",
                    "Drained metal",
                    "INHOUSE DROSS",
                    "Drained metal",
                    "INHOUSE DROSS",
                    "INHOUSE DROSS",
                    "INHOUSE DROSS",
                    "INHOUSE DROSS",
                    "INHOUSE DROSS",
                    "Drained metal",
                    "INHOUSE DROSS",
                    "Drained metal",
                    "INHOUSE DROSS",
                    "Drained metal",
                    "Drained metal",
                    "INHOUSE DROSS",
                    "Drained metal"
                  ],
                  "name": "Material Description",
                  "type": "String"
                },
                {
                  "data": [
                    "OUT",
                    "OUT",
                    "OUT",
                    "OUT",
                    "OUT",
                    "OUT",
                    "OUT",
                    "OUT",
                    "OUT",
                    "OUT",
                    "OUT",
                    "OUT",
                    "OUT",
                    "OUT",
                    "OUT",
                    "OUT",
                    "OUT",
                    "OUT",
                    "OUT",
                    "OUT",
                    "OUT",
                    "OUT",
                    "OUT",
                    "OUT",
                    "OUT",
                    "OUT",
                    "OUT",
                    "OUT",
                    "OUT",
                    "OUT",
                    "OUT",
                    "OUT",
                    "OUT",
                    "OUT",
                    "OUT",
                    "OUT",
                    "OUT",
                    "OUT",
                    "OUT",
                    "OUT",
                    "OUT",
                    "OUT",
                    "OUT",
                    "OUT",
                    "OUT",
                    "OUT",
                    "OUT",
                    "OUT",
                    "OUT"
                  ],
                  "name": "Material Selection",
                  "type": "String"
                },
                {
                  "data": [
                    "BATCH",
                    "BATCH",
                    "BATCH",
                    "BATCH",
                    "BATCH",
                    "BATCH",
                    "BATCH",
                    "BATCH",
                    "BATCH",
                    "BATCH",
                    "BATCH",
                    "BATCH",
                    "BATCH",
                    "BATCH",
                    "BATCH",
                    "BATCH",
                    "BATCH",
                    "BATCH",
                    "BATCH",
                    "BATCH",
                    "BATCH",
                    "BATCH",
                    "BATCH",
                    "BATCH",
                    "BATCH",
                    "BATCH",
                    "BATCH",
                    "BATCH",
                    "BATCH",
                    "BATCH",
                    "BATCH",
                    "BATCH",
                    "BATCH",
                    "BATCH",
                    "BATCH",
                    "BATCH",
                    "BATCH",
                    "BATCH",
                    "BATCH",
                    "BATCH",
                    "BATCH",
                    "BATCH",
                    "BATCH",
                    "BATCH",
                    "BATCH",
                    "BATCH",
                    "BATCH",
                    "BATCH",
                    "BATCH"
                  ],
                  "name": "Batch",
                  "type": "String"
                },
                {
                  "data": [
                    1095,
                    255,
                    1208,
                    300,
                    1215,
                    260,
                    1203,
                    255,
                    1195,
                    265,
                    1100,
                    255,
                    1100,
                    1111,
                    250,
                    1105,
                    265,
                    1137,
                    260,
                    1592,
                    280,
                    1292,
                    258,
                    1179,
                    265,
                    1348,
                    250,
                    1132,
                    255,
                    1100,
                    255,
                    1000,
                    255,
                    250,
                    1310,
                    262,
                    1180,
                    1100,
                    932,
                    1190,
                    1403,
                    262,
                    1150,
                    255,
                    1167,
                    254,
                    255,
                    1218,
                    258
                  ],
                  "name": "Quantity",
                  "type": "Double"
                },
                {
                  "data": [
                    "KG",
                    "KG",
                    "KG",
                    "KG",
                    "KG",
                    "KG",
                    "KG",
                    "KG",
                    "KG",
                    "KG",
                    "KG",
                    "KG",
                    "KG",
                    "KG",
                    "KG",
                    "KG",
                    "KG",
                    "KG",
                    "KG",
                    "KG",
                    "KG",
                    "KG",
                    "KG",
                    "KG",
                    "KG",
                    "KG",
                    "KG",
                    "KG",
                    "KG",
                    "KG",
                    "KG",
                    "KG",
                    "KG",
                    "KG",
                    "KG",
                    "KG",
                    "KG",
                    "KG",
                    "KG",
                    "KG",
                    "KG",
                    "KG",
                    "KG",
                    "KG",
                    "KG",
                    "KG",
                    "KG",
                    "KG",
                    "KG"
                  ],
                  "name": "Qty Uom",
                  "type": "String"
                },
                {
                  "data": [
                    "1095.000",
                    "255.000",
                    "1208.000",
                    "300.000",
                    "1215.000",
                    "260.000",
                    "1203.000",
                    "255.000",
                    "1195.000",
                    "265.000",
                    "1100.000",
                    "255.000",
                    "1100.000",
                    "1111.000",
                    "250.000",
                    "1105.000",
                    "265.000",
                    "1137.000",
                    "260.000",
                    "1592.000",
                    "280.000",
                    "1292.000",
                    "258.000",
                    "1179.000",
                    "265.000",
                    "1348.000",
                    "250.000",
                    "1132.000",
                    "255.000",
                    "1100.000",
                    "255.000",
                    "1000.000",
                    "255.000",
                    "250.000",
                    "1310.000",
                    "262.000",
                    "1180.000",
                    "1100.000",
                    "932.000",
                    "1190.000",
                    "1403.000",
                    "262.000",
                    "1150.000",
                    "255.000",
                    "1167.000",
                    "254.000",
                    "255.000",
                    "1218.000",
                    "258.000"
                  ],
                  "name": "Total (kg)",
                  "type": "String"
                }
              ]
            }
          },
          "path": "Reports/DrossReport",
          "style": {
            "marginBottom": 5,
            "marginLeft": 10,
            "marginRight": 10,
            "marginTop": 10
          }
        },
        "type": "ia.display.view"
      }
    ],
    "events": {
      "system": {
        "onStartup": {
          "config": {
            "script": "\tself.view.custom.Tab\u003d1"
          },
          "scope": "G",
          "type": "script"
        }
      }
    },
    "meta": {
      "name": "root"
    },
    "props": {
      "direction": "column",
      "style": {
        "boxShadow": ""
      }
    },
    "type": "ia.container.flex"
  }
}