{
  "custom": {},
  "params": {
    "FromDate": "2022-01-11 10:00:00",
    "ToDate": "2023-01-11 10:00:00"
  },
  "propConfig": {
    "params.FromDate": {
      "onChange": {
        "enabled": null,
        "script": "\tif previousValue !\u003d currentValue:\n\t\tself.getChild(\"root\").getChild(\"FlexContainer1\").getChild(\"Table_1\").refreshBinding(\"props.data\");\t\n\telse:\n\t\tpass\n\t\t"
      },
      "paramDirection": "input",
      "persistent": true
    },
    "params.ToDate": {
      "onChange": {
        "enabled": null,
        "script": "\tif previousValue !\u003d currentValue:\n\t\tself.getChild(\"root\").getChild(\"FlexContainer1\").getChild(\"Table_1\").refreshBinding(\"props.data\");\t\t\n\telse:\n\t\tpass\n\t"
      },
      "paramDirection": "input",
      "persistent": true
    }
  },
  "props": {},
  "root": {
    "children": [
      {
        "children": [
          {
            "meta": {
              "name": "Table_1"
            },
            "position": {
              "basis": "400px",
              "grow": 1
            },
            "propConfig": {
              "props.data": {
                "binding": {
                  "config": {
                    "expression": "now(5)"
                  },
                  "transforms": [
                    {
                      "code": "\tqueryOld \u003d \u0027\u0027\u0027\t\t\n\t\tSELECT\n\t\t    DISTINCT o.[production_order] as PO\n\t\t    ,m.[No_of_logs] as NoOfLogs\n\t\t    ,1 as LogInward\n\t\t    ,1 as LogOutward\n\t\t    ,o.[standard_alloy] as StandardAlloy\n\t\t    ,o.[internal_alloy] as InternalAlloy\n\t\t    ,o.[log_dia] as LogDia\n\t\t\t,m.[Press] as Press\n\t\tFROM [dbo].[mes_orders] o\t\t    \n\t\tLEFT JOIN [dbo].[mes_main] m\n\t\t    ON o.[production_order] \u003d m.[PO]\n\t\t    \n\t\tWHERE m.[PO] \u003d o.[production_order] AND\n\t\tm.[No_of_logs] IS NOT NULL AND\n\t\to.[release_date] \u003e\u003d ?  and o.[release_date] \u003c\u003d ?\n\t\t\u0027\u0027\u0027\n\t\t\n\tquery \u003d \u0027\u0027\u0027\t\n\t\tSELECT\n\t\t    DISTINCT o.[production_order] as PO,\n\t\t    m.[No_of_logs] as NoOfLogs,\n\t\t    (\n\t\t        SELECT\n\t\t            CASE \n\t\t                WHEN EXISTS (SELECT 1 FROM dbo.mes_logtracker WHERE po \u003d o.[production_order] AND [log_outward_date] IS NULL)\n\t\t                THEN (SELECT COUNT(*) FROM dbo.mes_logtracker WHERE po \u003d o.[production_order] AND [log_outward_date] IS NULL)\n\t\t                ELSE 0\n\t\t            END\n\t\t    ) as LogInward,\n\t\t    (\n\t\t        SELECT\n\t\t            CASE \n\t\t                WHEN EXISTS (SELECT 1 FROM dbo.mes_logtracker WHERE po \u003d o.[production_order] AND [log_outward_date] IS NOT NULL)\n\t\t                THEN (SELECT COUNT(*) FROM dbo.mes_logtracker WHERE po \u003d o.[production_order] AND [log_outward_date] IS NOT NULL)\n\t\t                ELSE 0\n\t\t            END\n\t\t    ) as LogOutward,\n\t\t    o.[standard_alloy] as StandardAlloy,\n\t\t    o.[internal_alloy] as InternalAlloy,\n\t\t    o.[log_dia] as LogDia,\n\t\t    m.[Press] as Press\n\t\tFROM [dbo].[mes_orders] o\t\t    \n\t\tLEFT JOIN [dbo].[mes_main] m\n\t\t    ON o.[production_order] \u003d m.[PO]\n\t\tWHERE m.[PO] \u003d o.[production_order] AND\n\t\t    m.[No_of_logs] IS NOT NULL AND\n\t\t    o.[release_date] \u003e\u003d ? AND o.[release_date] \u003c\u003d ?;\n\t\u0027\u0027\u0027\n\n\ttoDt \u003d system.date.now();\n\tfromDt \u003d system.date.addMonths(toDt, -12);\n\t\n\targs \u003d [self.view.params.FromDate, self.view.params.ToDate]\t\n\t#args \u003d [fromDt,toDt]\n\tdata \u003d system.db.runPrepQuery(query, args, \u0027CIMS2\u0027)\n\t\n\treturn data\n\t",
                      "type": "script"
                    }
                  ],
                  "type": "expr"
                }
              }
            },
            "props": {
              "bodyStyle": {
                "backgroundColor": "#E3E3E3",
                "margin": ""
              },
              "cells": {
                "allowEditOn": "single-click",
                "style": {
                  "classes": "Table/Table_Cell",
                  "fontFamily": "Arial",
                  "fontSize": 12,
                  "textAlign": "left"
                }
              },
              "columns": [
                {
                  "align": "center",
                  "boolean": "checkbox",
                  "dateFormat": "MM/DD/YYYY",
                  "editable": false,
                  "field": "PO",
                  "filter": {
                    "boolean": {
                      "condition": ""
                    },
                    "date": {
                      "condition": "",
                      "value": ""
                    },
                    "enabled": false,
                    "number": {
                      "condition": "",
                      "value": ""
                    },
                    "string": {
                      "condition": "",
                      "value": ""
                    },
                    "visible": "on-hover"
                  },
                  "footer": {
                    "align": "center",
                    "justify": "left",
                    "style": {
                      "classes": ""
                    },
                    "title": ""
                  },
                  "header": {
                    "align": "center",
                    "justify": "center",
                    "style": {
                      "classes": ""
                    },
                    "title": "PO"
                  },
                  "justify": "center",
                  "number": "value",
                  "numberFormat": "0,0.##",
                  "progressBar": {
                    "bar": {
                      "color": "",
                      "style": {
                        "classes": ""
                      }
                    },
                    "max": 100,
                    "min": 0,
                    "track": {
                      "color": "",
                      "style": {
                        "classes": ""
                      }
                    },
                    "value": {
                      "enabled": true,
                      "format": "0,0.##",
                      "justify": "center",
                      "style": {
                        "classes": ""
                      }
                    }
                  },
                  "render": "auto",
                  "resizable": true,
                  "sort": "none",
                  "sortable": false,
                  "strictWidth": false,
                  "style": {
                    "classes": ""
                  },
                  "toggleSwitch": {
                    "color": {
                      "selected": "",
                      "unselected": ""
                    }
                  },
                  "viewParams": {},
                  "viewPath": "",
                  "visible": true,
                  "width": ""
                },
                {
                  "align": "center",
                  "boolean": "checkbox",
                  "dateFormat": "MM/DD/YYYY",
                  "editable": false,
                  "field": "NoOfLogs",
                  "filter": {
                    "boolean": {
                      "condition": ""
                    },
                    "date": {
                      "condition": "",
                      "value": ""
                    },
                    "enabled": false,
                    "number": {
                      "condition": "",
                      "value": ""
                    },
                    "string": {
                      "condition": "",
                      "value": ""
                    },
                    "visible": "on-hover"
                  },
                  "footer": {
                    "align": "center",
                    "justify": "left",
                    "style": {
                      "classes": ""
                    },
                    "title": ""
                  },
                  "header": {
                    "align": "center",
                    "justify": "center",
                    "style": {
                      "classes": ""
                    },
                    "title": "Total Logs"
                  },
                  "justify": "center",
                  "number": "value",
                  "numberFormat": "0,0.##",
                  "progressBar": {
                    "bar": {
                      "color": "",
                      "style": {
                        "classes": ""
                      }
                    },
                    "max": 100,
                    "min": 0,
                    "track": {
                      "color": "",
                      "style": {
                        "classes": ""
                      }
                    },
                    "value": {
                      "enabled": true,
                      "format": "0,0.##",
                      "justify": "center",
                      "style": {
                        "classes": ""
                      }
                    }
                  },
                  "render": "view",
                  "resizable": true,
                  "sort": "none",
                  "sortable": false,
                  "strictWidth": false,
                  "style": {
                    "classes": ""
                  },
                  "toggleSwitch": {
                    "color": {
                      "selected": "",
                      "unselected": ""
                    }
                  },
                  "viewParams": {
                    "rowData": {}
                  },
                  "viewPath": "LogTrackTemplates/NoOfLogsView",
                  "visible": true,
                  "width": ""
                },
                {
                  "align": "center",
                  "boolean": "checkbox",
                  "dateFormat": "MM/DD/YYYY",
                  "editable": false,
                  "field": "LogInward",
                  "filter": {
                    "boolean": {
                      "condition": ""
                    },
                    "date": {
                      "condition": "",
                      "value": ""
                    },
                    "enabled": false,
                    "number": {
                      "condition": "",
                      "value": ""
                    },
                    "string": {
                      "condition": "",
                      "value": ""
                    },
                    "visible": "on-hover"
                  },
                  "footer": {
                    "align": "center",
                    "justify": "left",
                    "style": {
                      "classes": ""
                    },
                    "title": ""
                  },
                  "header": {
                    "align": "center",
                    "justify": "center",
                    "style": {
                      "classes": ""
                    },
                    "title": "Logs IN"
                  },
                  "justify": "center",
                  "number": "value",
                  "numberFormat": "0,0.##",
                  "progressBar": {
                    "bar": {
                      "color": "",
                      "style": {
                        "classes": ""
                      }
                    },
                    "max": 100,
                    "min": 0,
                    "track": {
                      "color": "",
                      "style": {
                        "classes": ""
                      }
                    },
                    "value": {
                      "enabled": true,
                      "format": "0,0.##",
                      "justify": "center",
                      "style": {
                        "classes": ""
                      }
                    }
                  },
                  "render": "auto",
                  "resizable": true,
                  "sort": "none",
                  "sortable": false,
                  "strictWidth": false,
                  "style": {
                    "classes": ""
                  },
                  "toggleSwitch": {
                    "color": {
                      "selected": "",
                      "unselected": ""
                    }
                  },
                  "viewParams": {},
                  "viewPath": "",
                  "visible": true,
                  "width": ""
                },
                {
                  "align": "center",
                  "boolean": "checkbox",
                  "dateFormat": "MM/DD/YYYY",
                  "editable": false,
                  "field": "LogOutward",
                  "filter": {
                    "boolean": {
                      "condition": ""
                    },
                    "date": {
                      "condition": "",
                      "value": ""
                    },
                    "enabled": false,
                    "number": {
                      "condition": "",
                      "value": ""
                    },
                    "string": {
                      "condition": "",
                      "value": ""
                    },
                    "visible": "on-hover"
                  },
                  "footer": {
                    "align": "center",
                    "justify": "left",
                    "style": {
                      "classes": ""
                    },
                    "title": ""
                  },
                  "header": {
                    "align": "center",
                    "justify": "center",
                    "style": {
                      "classes": ""
                    },
                    "title": "Logs OUT"
                  },
                  "justify": "center",
                  "number": "value",
                  "numberFormat": "0,0.##",
                  "progressBar": {
                    "bar": {
                      "color": "",
                      "style": {
                        "classes": ""
                      }
                    },
                    "max": 100,
                    "min": 0,
                    "track": {
                      "color": "",
                      "style": {
                        "classes": ""
                      }
                    },
                    "value": {
                      "enabled": true,
                      "format": "0,0.##",
                      "justify": "center",
                      "style": {
                        "classes": ""
                      }
                    }
                  },
                  "render": "auto",
                  "resizable": true,
                  "sort": "none",
                  "sortable": false,
                  "strictWidth": false,
                  "style": {
                    "classes": ""
                  },
                  "toggleSwitch": {
                    "color": {
                      "selected": "",
                      "unselected": ""
                    }
                  },
                  "viewParams": {},
                  "viewPath": "",
                  "visible": true,
                  "width": ""
                },
                {
                  "align": "center",
                  "boolean": "checkbox",
                  "dateFormat": "MM/DD/YYYY",
                  "editable": false,
                  "field": "StandardAlloy",
                  "filter": {
                    "boolean": {
                      "condition": ""
                    },
                    "date": {
                      "condition": "",
                      "value": ""
                    },
                    "enabled": false,
                    "number": {
                      "condition": "",
                      "value": ""
                    },
                    "string": {
                      "condition": "",
                      "value": ""
                    },
                    "visible": "on-hover"
                  },
                  "footer": {
                    "align": "center",
                    "justify": "left",
                    "style": {
                      "classes": ""
                    },
                    "title": ""
                  },
                  "header": {
                    "align": "center",
                    "justify": "center",
                    "style": {
                      "classes": ""
                    },
                    "title": "Standard Alloy"
                  },
                  "justify": "center",
                  "number": "value",
                  "numberFormat": "0,0.##",
                  "progressBar": {
                    "bar": {
                      "color": "",
                      "style": {
                        "classes": ""
                      }
                    },
                    "max": 100,
                    "min": 0,
                    "track": {
                      "color": "",
                      "style": {
                        "classes": ""
                      }
                    },
                    "value": {
                      "enabled": true,
                      "format": "0,0.##",
                      "justify": "center",
                      "style": {
                        "classes": ""
                      }
                    }
                  },
                  "render": "auto",
                  "resizable": true,
                  "sort": "none",
                  "sortable": false,
                  "strictWidth": false,
                  "style": {
                    "classes": ""
                  },
                  "toggleSwitch": {
                    "color": {
                      "selected": "",
                      "unselected": ""
                    }
                  },
                  "viewParams": {},
                  "viewPath": "",
                  "visible": true,
                  "width": ""
                },
                {
                  "align": "center",
                  "boolean": "checkbox",
                  "dateFormat": "MM/DD/YYYY",
                  "editable": false,
                  "field": "InternalAlloy",
                  "filter": {
                    "boolean": {
                      "condition": ""
                    },
                    "date": {
                      "condition": "",
                      "value": ""
                    },
                    "enabled": false,
                    "number": {
                      "condition": "",
                      "value": ""
                    },
                    "string": {
                      "condition": "",
                      "value": ""
                    },
                    "visible": "on-hover"
                  },
                  "footer": {
                    "align": "center",
                    "justify": "left",
                    "style": {
                      "classes": ""
                    },
                    "title": ""
                  },
                  "header": {
                    "align": "center",
                    "justify": "center",
                    "style": {
                      "classes": ""
                    },
                    "title": "Internal Alloy"
                  },
                  "justify": "center",
                  "number": "value",
                  "numberFormat": "0,0.##",
                  "progressBar": {
                    "bar": {
                      "color": "",
                      "style": {
                        "classes": ""
                      }
                    },
                    "max": 100,
                    "min": 0,
                    "track": {
                      "color": "",
                      "style": {
                        "classes": ""
                      }
                    },
                    "value": {
                      "enabled": true,
                      "format": "0,0.##",
                      "justify": "center",
                      "style": {
                        "classes": ""
                      }
                    }
                  },
                  "render": "auto",
                  "resizable": true,
                  "sort": "none",
                  "sortable": false,
                  "strictWidth": false,
                  "style": {
                    "classes": ""
                  },
                  "toggleSwitch": {
                    "color": {
                      "selected": "",
                      "unselected": ""
                    }
                  },
                  "viewParams": {},
                  "viewPath": "",
                  "visible": true,
                  "width": ""
                },
                {
                  "align": "center",
                  "boolean": "checkbox",
                  "dateFormat": "MM/DD/YYYY",
                  "editable": false,
                  "field": "LogDia",
                  "filter": {
                    "boolean": {
                      "condition": ""
                    },
                    "date": {
                      "condition": "",
                      "value": ""
                    },
                    "enabled": false,
                    "number": {
                      "condition": "",
                      "value": ""
                    },
                    "string": {
                      "condition": "",
                      "value": ""
                    },
                    "visible": "on-hover"
                  },
                  "footer": {
                    "align": "center",
                    "justify": "left",
                    "style": {
                      "classes": ""
                    },
                    "title": ""
                  },
                  "header": {
                    "align": "center",
                    "justify": "center",
                    "style": {
                      "classes": ""
                    },
                    "title": "Log Dia"
                  },
                  "justify": "center",
                  "number": "value",
                  "numberFormat": "0,0.##",
                  "progressBar": {
                    "bar": {
                      "color": "",
                      "style": {
                        "classes": ""
                      }
                    },
                    "max": 100,
                    "min": 0,
                    "track": {
                      "color": "",
                      "style": {
                        "classes": ""
                      }
                    },
                    "value": {
                      "enabled": true,
                      "format": "0,0.##",
                      "justify": "center",
                      "style": {
                        "classes": ""
                      }
                    }
                  },
                  "render": "auto",
                  "resizable": true,
                  "sort": "none",
                  "sortable": false,
                  "strictWidth": false,
                  "style": {
                    "classes": ""
                  },
                  "toggleSwitch": {
                    "color": {
                      "selected": "",
                      "unselected": ""
                    }
                  },
                  "viewParams": {},
                  "viewPath": "",
                  "visible": true,
                  "width": ""
                },
                {
                  "align": "center",
                  "boolean": "checkbox",
                  "dateFormat": "MM/DD/YYYY",
                  "editable": false,
                  "field": "Press",
                  "filter": {
                    "boolean": {
                      "condition": ""
                    },
                    "date": {
                      "condition": "",
                      "value": ""
                    },
                    "enabled": false,
                    "number": {
                      "condition": "",
                      "value": ""
                    },
                    "string": {
                      "condition": "",
                      "value": ""
                    },
                    "visible": "on-hover"
                  },
                  "footer": {
                    "align": "center",
                    "justify": "left",
                    "style": {
                      "classes": ""
                    },
                    "title": ""
                  },
                  "header": {
                    "align": "center",
                    "justify": "center",
                    "style": {
                      "classes": ""
                    },
                    "title": ""
                  },
                  "justify": "center",
                  "number": "value",
                  "numberFormat": "0,0.##",
                  "progressBar": {
                    "bar": {
                      "color": "",
                      "style": {
                        "classes": ""
                      }
                    },
                    "max": 100,
                    "min": 0,
                    "track": {
                      "color": "",
                      "style": {
                        "classes": ""
                      }
                    },
                    "value": {
                      "enabled": true,
                      "format": "0,0.##",
                      "justify": "center",
                      "style": {
                        "classes": ""
                      }
                    }
                  },
                  "render": "auto",
                  "resizable": true,
                  "sort": "none",
                  "sortable": false,
                  "strictWidth": false,
                  "style": {
                    "classes": ""
                  },
                  "toggleSwitch": {
                    "color": {
                      "selected": "",
                      "unselected": ""
                    }
                  },
                  "viewParams": {},
                  "viewPath": "",
                  "visible": true,
                  "width": ""
                }
              ],
              "dragOrderable": false,
              "emptyMessage": {
                "style": {
                  "backgroundColor": "#E3E3E3",
                  "borderStyle": "none"
                }
              },
              "headerStyle": {
                "classes": "Table/Table_Header",
                "fontSize": 12
              },
              "pager": {
                "initialOption": 50
              },
              "rows": {
                "highlight": {
                  "color": "#FDF1D3"
                },
                "striped": {
                  "color": {
                    "even": "#FFFFFF",
                    "odd": "#FFFFFF"
                  },
                  "style": {
                    "marginTop": 5
                  }
                },
                "style": {
                  "classes": "Table/Table_Row"
                },
                "subview": {
                  "viewParams": {
                    "Stage": ""
                  },
                  "viewPath": "Template/User_Input"
                }
              },
              "style": {
                "classes": "Table/Table_style"
              },
              "virtualized": false
            },
            "scripts": {
              "customMethods": [],
              "extensionFunctions": null,
              "messageHandlers": [
                {
                  "messageType": "LogTrackerU",
                  "pageScope": true,
                  "script": "\t# implement your handler here\n\tV \u003d payload[\u0027LogTrackerUpdate\u0027]\n\tself.custom.Update \u003d V\n\t",
                  "sessionScope": true,
                  "viewScope": false
                }
              ]
            },
            "type": "ia.display.table"
          }
        ],
        "meta": {
          "name": "FlexContainer1"
        },
        "position": {
          "basis": "200px",
          "grow": 1
        },
        "props": {
          "style": {
            "marginBottom": 4,
            "marginTop": 4
          }
        },
        "type": "ia.container.flex"
      },
      {
        "children": [
          {
            "meta": {
              "name": "Label"
            },
            "position": {
              "basis": "50px",
              "grow": 1
            },
            "type": "ia.display.label"
          }
        ],
        "meta": {
          "name": "FlexContainer2"
        },
        "position": {
          "basis": "30px",
          "display": false
        },
        "type": "ia.container.flex"
      }
    ],
    "meta": {
      "name": "root"
    },
    "props": {
      "direction": "column"
    },
    "type": "ia.container.flex"
  }
}