{
  "custom": {},
  "params": {
    "OPRN": 20,
    "PONO": "003000008227"
  },
  "propConfig": {
    "params.PONO": {
      "paramDirection": "input",
      "persistent": true
    }
  },
  "props": {
    "defaultSize": {
      "height": 463,
      "width": 672
    },
    "loading": {
      "mode": "blocking"
    }
  },
  "root": {
    "children": [
      {
        "children": [
          {
            "children": [
              {
                "events": {
                  "dom": {
                    "onClick": {
                      "config": {
                        "draggable": false,
                        "id": "i0hEbklX",
                        "modal": true,
                        "overlayDismiss": false,
                        "position": {
                          "bottom": 25,
                          "top": 25
                        },
                        "positionType": "exact",
                        "resizable": false,
                        "showCloseIcon": true,
                        "title": "Materials Used for Previous Process ({view.params.PONO})",
                        "type": "open",
                        "viewParams": {
                          "PO_NO": "{view.params.PONO}",
                          "stage": "030"
                        },
                        "viewPath": "Template/Prev_Stage_Materials",
                        "viewportBound": false
                      },
                      "scope": "C",
                      "type": "popup"
                    }
                  }
                },
                "meta": {
                  "name": "Info"
                },
                "position": {
                  "basis": "60px",
                  "display": null
                },
                "propConfig": {
                  "position.display": {
                    "binding": {
                      "config": {
                        "path": "view.params.Stage"
                      },
                      "overlayOptOut": true,
                      "transforms": [
                        {
                          "fallback": null,
                          "inputType": "scalar",
                          "mappings": [
                            {
                              "input": "010",
                              "output": false
                            },
                            {
                              "input": "020",
                              "output": true
                            }
                          ],
                          "outputType": "scalar",
                          "type": "map"
                        }
                      ],
                      "type": "property"
                    },
                    "persistent": true
                  }
                },
                "props": {
                  "image": {
                    "height": 18,
                    "icon": {
                      "path": "material/error"
                    },
                    "width": 18
                  },
                  "style": {
                    "backgroundColor": "#257A8C",
                    "fontFamily": "Roboto",
                    "fontSize": 12,
                    "marginLeft": 10
                  },
                  "text": "Info"
                },
                "type": "ia.input.button"
              }
            ],
            "meta": {
              "name": "FlexContainer"
            },
            "position": {
              "basis": "30px",
              "shrink": 0
            },
            "type": "ia.container.flex"
          },
          {
            "children": [
              {
                "children": [
                  {
                    "meta": {
                      "name": "Title"
                    },
                    "position": {
                      "basis": "31px"
                    },
                    "props": {
                      "style": {
                        "fontFamily": "Roboto",
                        "fontSize": 16,
                        "fontWeight": "bold",
                        "textAlign": "center"
                      },
                      "text": "Current PO details"
                    },
                    "type": "ia.display.label"
                  },
                  {
                    "custom": {
                      "PONO": "003000008227"
                    },
                    "meta": {
                      "name": "PONO"
                    },
                    "position": {
                      "basis": "31px"
                    },
                    "propConfig": {
                      "props.text": {
                        "binding": {
                          "config": {
                            "path": "this.custom.PONO"
                          },
                          "overlayOptOut": true,
                          "transforms": [
                            {
                              "code": "\treturn \u0027PO NO \u003d \u0027+str(value)",
                              "type": "script"
                            }
                          ],
                          "type": "property"
                        }
                      }
                    },
                    "props": {
                      "style": {
                        "fontFamily": "Roboto",
                        "fontSize": 14,
                        "textAlign": "center"
                      }
                    },
                    "type": "ia.display.label"
                  },
                  {
                    "custom": {
                      "Machine": "MF3+HF2+CS2"
                    },
                    "meta": {
                      "name": "Machine"
                    },
                    "position": {
                      "basis": "31px"
                    },
                    "propConfig": {
                      "props.text": {
                        "binding": {
                          "config": {
                            "path": "this.custom.Machine"
                          },
                          "overlayOptOut": true,
                          "transforms": [
                            {
                              "code": "\treturn \u0027Machine \u003d \u0027+str(value)",
                              "type": "script"
                            }
                          ],
                          "type": "property"
                        }
                      }
                    },
                    "props": {
                      "style": {
                        "fontFamily": "Roboto",
                        "fontSize": 14,
                        "textAlign": "center"
                      }
                    },
                    "type": "ia.display.label"
                  },
                  {
                    "custom": {
                      "SFG": "86063XX6060XXXX161XXX5800X"
                    },
                    "meta": {
                      "name": "SFG"
                    },
                    "position": {
                      "basis": "31px"
                    },
                    "propConfig": {
                      "props.text": {
                        "binding": {
                          "config": {
                            "path": "this.custom.SFG"
                          },
                          "overlayOptOut": true,
                          "transforms": [
                            {
                              "code": "\treturn \u0027SFG Code \u003d \u0027+str(value)",
                              "type": "script"
                            }
                          ],
                          "type": "property"
                        }
                      }
                    },
                    "props": {
                      "style": {
                        "fontFamily": "Roboto",
                        "fontSize": 14,
                        "textAlign": "center"
                      }
                    },
                    "type": "ia.display.label"
                  },
                  {
                    "custom": {
                      "QTY": 28000
                    },
                    "meta": {
                      "name": "PlannedQTY"
                    },
                    "position": {
                      "basis": "31px"
                    },
                    "propConfig": {
                      "props.text": {
                        "binding": {
                          "config": {
                            "path": "this.custom.QTY"
                          },
                          "overlayOptOut": true,
                          "transforms": [
                            {
                              "code": "\treturn \u0027Planned Qty  \u003d \u0027+str(value)+\u0027 (kg)\u0027",
                              "type": "script"
                            }
                          ],
                          "type": "property"
                        }
                      }
                    },
                    "props": {
                      "style": {
                        "fontFamily": "Roboto",
                        "fontSize": 14,
                        "textAlign": "center"
                      }
                    },
                    "type": "ia.display.label"
                  },
                  {
                    "custom": {
                      "STDALLOY": "6063"
                    },
                    "meta": {
                      "name": "StandardAlloy"
                    },
                    "position": {
                      "basis": "31px"
                    },
                    "propConfig": {
                      "props.text": {
                        "binding": {
                          "config": {
                            "path": "this.custom.STDALLOY"
                          },
                          "overlayOptOut": true,
                          "transforms": [
                            {
                              "code": "\treturn \u0027Standard Alloy \u003d \u0027+str(value)",
                              "type": "script"
                            }
                          ],
                          "type": "property"
                        }
                      }
                    },
                    "props": {
                      "style": {
                        "fontFamily": "Roboto",
                        "fontSize": 14,
                        "textAlign": "center"
                      }
                    },
                    "type": "ia.display.label"
                  },
                  {
                    "custom": {
                      "InternalAlloy": "6060"
                    },
                    "meta": {
                      "name": "InternalAlloy"
                    },
                    "position": {
                      "basis": "31px"
                    },
                    "propConfig": {
                      "props.text": {
                        "binding": {
                          "config": {
                            "path": "this.custom.InternalAlloy"
                          },
                          "overlayOptOut": true,
                          "transforms": [
                            {
                              "code": "\treturn \u0027Internal Alloy \u003d \u0027+str(value)",
                              "type": "script"
                            }
                          ],
                          "type": "property"
                        }
                      }
                    },
                    "props": {
                      "style": {
                        "fontFamily": "Roboto",
                        "fontSize": 14,
                        "textAlign": "center"
                      }
                    },
                    "type": "ia.display.label"
                  }
                ],
                "events": {
                  "system": {
                    "onStartup": {
                      "config": {
                        "script": "\tPONO\u003dself.view.params.PONO\n\tquery\u003d\u0027\u0027\u0027\n\t\t\tSELECT trim([production_order]) as [production_order]\n\t\t\t      ,trim([sfg_code]) as[sfg_code]\n\t\t\t      ,[planned_order_qty]      \n\t\t\t      ,trim([standard_alloy]) as [standard_alloy]\n\t\t\t      ,trim([internal_alloy]) as [internal_alloy]\n\t\t\t      \n\t\t\t  FROM [CIMS].[dbo].[mes_orders]\n\t\t\t  where [production_order]\u003d?\n\t\t\t\u0027\u0027\u0027\n\tPODATA\u003dsystem.db.runPrepQuery(query, [PONO], \u0027CIMS2\u0027)\t\t\n\tmquery\u003d\u0027\u0027\u0027\n\t\t\t select trim([Machine]) as Machine\n\t\t\t   FROM [CIMS].[dbo].[mes_main]\n\t\t\t   where PO\u003d?\n\t\t\t\t\u0027\u0027\u0027\n\tMachineDS\u003dsystem.db.runPrepQuery(mquery, [PONO], \u0027CIMS2\u0027)\t\t\n\t\n#\tUpdate the values in custom properties\n\tself.getChild(\"PONO\").custom.PONO\u003dPODATA[0][\u0027production_order\u0027]\n\tself.getChild(\"Machine\").custom.Machine\u003dMachineDS[0][\u0027Machine\u0027]\n\tself.getChild(\"SFG\").custom.SFG\u003dPODATA[0][\u0027sfg_code\u0027]\n\tself.getChild(\"PlannedQTY\").custom.QTY\u003dPODATA[0][\u0027planned_order_qty\u0027]\n\tself.getChild(\"StandardAlloy\").custom.STDALLOY\u003dPODATA[0][\u0027standard_alloy\u0027]\n\tself.getChild(\"InternalAlloy\").custom.InternalAlloy\u003dPODATA[0][\u0027internal_alloy\u0027]"
                      },
                      "scope": "G",
                      "type": "script"
                    }
                  }
                },
                "meta": {
                  "name": "PO1"
                },
                "position": {
                  "basis": "200px",
                  "grow": 1
                },
                "props": {
                  "direction": "column",
                  "justify": "space-around"
                },
                "type": "ia.container.flex"
              },
              {
                "children": [
                  {
                    "meta": {
                      "name": "Title"
                    },
                    "position": {
                      "basis": "31px"
                    },
                    "props": {
                      "style": {
                        "fontFamily": "Roboto",
                        "fontSize": 16,
                        "fontWeight": "bold",
                        "textAlign": "center"
                      },
                      "text": "Transfer PO details"
                    },
                    "type": "ia.display.label"
                  },
                  {
                    "events": {
                      "system": {
                        "onStartup": {
                          "config": {
                            "script": "\tquery\u003d\u0027\u0027\u0027\n\t\t\tSELECT trim([mes_po]) as [mes_po]\n\t\t\t      ,[po_status]\n\t\t\t  FROM [CIMS].[dbo].[mes_status]\n\t\t\t  where [po_status]\u003d\u0027PO Pending\u0027\t\n\t\t\t\u0027\u0027\u0027\n\tDS\u003dsystem.db.runPrepQuery(query, [], \u0027CIMS2\u0027)\t\n\tA\u003d[]\n#\tReset the Options to []\n\tself.props.options\u003dA\t\n\tfor i in range(len(DS)):\n\t\tD\u003d{\n\t\t\t  \"value\": DS[i][\u0027mes_po\u0027],\n\t\t\t  \"label\": DS[i][\u0027mes_po\u0027]\n\t\t\t}\t\n\t\tA.append(D)\n\t\n#\tUpdate the options in Selection property\n\tself.props.options\u003dA\t\t\t\t\n"
                          },
                          "scope": "G",
                          "type": "script"
                        }
                      }
                    },
                    "meta": {
                      "name": "POSelec"
                    },
                    "position": {
                      "basis": "30px",
                      "shrink": 0
                    },
                    "propConfig": {
                      "props.value": {
                        "onChange": {
                          "enabled": null,
                          "script": "\t\tPONO\u003dstr(currentValue.value)\n\t\tquery\u003d\u0027\u0027\u0027\n\t\t\t\tSELECT trim([production_order]) as [production_order]\n\t\t\t\t      ,trim([sfg_code]) as[sfg_code]\n\t\t\t\t      ,[planned_order_qty]      \n\t\t\t\t      ,trim([standard_alloy]) as [standard_alloy]\n\t\t\t\t      ,trim([internal_alloy]) as [internal_alloy]\n\t\t\t\t      \n\t\t\t\t  FROM [CIMS].[dbo].[mes_orders]\n\t\t\t\t  where [production_order]\u003d?\n\t\t\t\t\u0027\u0027\u0027\n\t\tPODATA\u003dsystem.db.runPrepQuery(query, [PONO], \u0027CIMS2\u0027)\t\t\n\t\tmquery\u003d\u0027\u0027\u0027\n\t\t\t\t select trim([Machine]) as Machine\n\t\t\t\t   FROM [CIMS].[dbo].[mes_main]\n\t\t\t\t   where PO\u003d?\n\t\t\t\t\t\u0027\u0027\u0027\n\t\tMachineDS\u003dsystem.db.runPrepQuery(mquery, [PONO], \u0027CIMS2\u0027)\t\t\n\t\t\n\t#\tUpdate the values in custom properties\n\t\t\n\t\tself.getSibling(\"Machine\").custom.Machine\u003dMachineDS[0][\u0027Machine\u0027]\n\t\tself.getSibling(\"SFG\").custom.SFG\u003dPODATA[0][\u0027sfg_code\u0027]\n\t\tself.getSibling(\"PlannedQTY\").custom.QTY\u003dPODATA[0][\u0027planned_order_qty\u0027]\n\t\tself.getSibling(\"StandardAlloy\").custom.STDALLOY\u003dPODATA[0][\u0027standard_alloy\u0027]\n\t\tself.getSibling(\"InternalAlloy\").custom.InternalAlloy\u003dPODATA[0][\u0027internal_alloy\u0027]"
                        }
                      }
                    },
                    "props": {
                      "options": [
                        {
                          "label": "003000002144",
                          "value": "003000002144"
                        },
                        {
                          "label": "003000002145",
                          "value": "003000002145"
                        },
                        {
                          "label": "003000007420",
                          "value": "003000007420"
                        },
                        {
                          "label": "003000007441",
                          "value": "003000007441"
                        },
                        {
                          "label": "003000007461",
                          "value": "003000007461"
                        },
                        {
                          "label": "003000007482",
                          "value": "003000007482"
                        },
                        {
                          "label": "003000007483",
                          "value": "003000007483"
                        },
                        {
                          "label": "003000007484",
                          "value": "003000007484"
                        },
                        {
                          "label": "003000007522",
                          "value": "003000007522"
                        },
                        {
                          "label": "003000007526",
                          "value": "003000007526"
                        },
                        {
                          "label": "003000007543",
                          "value": "003000007543"
                        },
                        {
                          "label": "003000007545",
                          "value": "003000007545"
                        },
                        {
                          "label": "003000007546",
                          "value": "003000007546"
                        },
                        {
                          "label": "003000007548",
                          "value": "003000007548"
                        },
                        {
                          "label": "003000007562",
                          "value": "003000007562"
                        },
                        {
                          "label": "003000007563",
                          "value": "003000007563"
                        },
                        {
                          "label": "003000007564",
                          "value": "003000007564"
                        },
                        {
                          "label": "003000007571",
                          "value": "003000007571"
                        },
                        {
                          "label": "003000007581",
                          "value": "003000007581"
                        },
                        {
                          "label": "003000007583",
                          "value": "003000007583"
                        },
                        {
                          "label": "003000007586",
                          "value": "003000007586"
                        },
                        {
                          "label": "003000007608",
                          "value": "003000007608"
                        },
                        {
                          "label": "003000007623",
                          "value": "003000007623"
                        },
                        {
                          "label": "003000007627",
                          "value": "003000007627"
                        },
                        {
                          "label": "003000007628",
                          "value": "003000007628"
                        },
                        {
                          "label": "003000007629",
                          "value": "003000007629"
                        },
                        {
                          "label": "003000007630",
                          "value": "003000007630"
                        },
                        {
                          "label": "003000007631",
                          "value": "003000007631"
                        },
                        {
                          "label": "003000007632",
                          "value": "003000007632"
                        },
                        {
                          "label": "003000007639",
                          "value": "003000007639"
                        },
                        {
                          "label": "003000007644",
                          "value": "003000007644"
                        },
                        {
                          "label": "003000007645",
                          "value": "003000007645"
                        },
                        {
                          "label": "003000007647",
                          "value": "003000007647"
                        },
                        {
                          "label": "003000007649",
                          "value": "003000007649"
                        },
                        {
                          "label": "003000007650",
                          "value": "003000007650"
                        },
                        {
                          "label": "003000007651",
                          "value": "003000007651"
                        },
                        {
                          "label": "003000007652",
                          "value": "003000007652"
                        },
                        {
                          "label": "003000007654",
                          "value": "003000007654"
                        },
                        {
                          "label": "003000007655",
                          "value": "003000007655"
                        },
                        {
                          "label": "003000007656",
                          "value": "003000007656"
                        },
                        {
                          "label": "003000007657",
                          "value": "003000007657"
                        },
                        {
                          "label": "003000007659",
                          "value": "003000007659"
                        },
                        {
                          "label": "003000007660",
                          "value": "003000007660"
                        },
                        {
                          "label": "003000007661",
                          "value": "003000007661"
                        },
                        {
                          "label": "003000007662",
                          "value": "003000007662"
                        },
                        {
                          "label": "003000007663",
                          "value": "003000007663"
                        },
                        {
                          "label": "003000007664",
                          "value": "003000007664"
                        },
                        {
                          "label": "003000007666",
                          "value": "003000007666"
                        },
                        {
                          "label": "003000007667",
                          "value": "003000007667"
                        },
                        {
                          "label": "003000007668",
                          "value": "003000007668"
                        },
                        {
                          "label": "003000007669",
                          "value": "003000007669"
                        },
                        {
                          "label": "003000007682",
                          "value": "003000007682"
                        },
                        {
                          "label": "003000007684",
                          "value": "003000007684"
                        },
                        {
                          "label": "003000007685",
                          "value": "003000007685"
                        },
                        {
                          "label": "003000007686",
                          "value": "003000007686"
                        },
                        {
                          "label": "003000007689",
                          "value": "003000007689"
                        },
                        {
                          "label": "003000007691",
                          "value": "003000007691"
                        },
                        {
                          "label": "003000007694",
                          "value": "003000007694"
                        },
                        {
                          "label": "003000007696",
                          "value": "003000007696"
                        },
                        {
                          "label": "003000007701",
                          "value": "003000007701"
                        },
                        {
                          "label": "003000007702",
                          "value": "003000007702"
                        },
                        {
                          "label": "003000007703",
                          "value": "003000007703"
                        },
                        {
                          "label": "003000007704",
                          "value": "003000007704"
                        },
                        {
                          "label": "003000007708",
                          "value": "003000007708"
                        },
                        {
                          "label": "003000007709",
                          "value": "003000007709"
                        },
                        {
                          "label": "003000007710",
                          "value": "003000007710"
                        },
                        {
                          "label": "003000007711",
                          "value": "003000007711"
                        },
                        {
                          "label": "003000007712",
                          "value": "003000007712"
                        },
                        {
                          "label": "003000007713",
                          "value": "003000007713"
                        },
                        {
                          "label": "003000007714",
                          "value": "003000007714"
                        },
                        {
                          "label": "003000007715",
                          "value": "003000007715"
                        },
                        {
                          "label": "003000007716",
                          "value": "003000007716"
                        },
                        {
                          "label": "003000007721",
                          "value": "003000007721"
                        },
                        {
                          "label": "003000007722",
                          "value": "003000007722"
                        },
                        {
                          "label": "003000007723",
                          "value": "003000007723"
                        },
                        {
                          "label": "003000007725",
                          "value": "003000007725"
                        },
                        {
                          "label": "003000007728",
                          "value": "003000007728"
                        },
                        {
                          "label": "003000007731",
                          "value": "003000007731"
                        },
                        {
                          "label": "003000007733",
                          "value": "003000007733"
                        },
                        {
                          "label": "003000007735",
                          "value": "003000007735"
                        },
                        {
                          "label": "003000007736",
                          "value": "003000007736"
                        },
                        {
                          "label": "003000007737",
                          "value": "003000007737"
                        },
                        {
                          "label": "003000007740",
                          "value": "003000007740"
                        },
                        {
                          "label": "003000007744",
                          "value": "003000007744"
                        },
                        {
                          "label": "003000007745",
                          "value": "003000007745"
                        },
                        {
                          "label": "003000007747",
                          "value": "003000007747"
                        },
                        {
                          "label": "003000007749",
                          "value": "003000007749"
                        },
                        {
                          "label": "003000007754",
                          "value": "003000007754"
                        },
                        {
                          "label": "003000007755",
                          "value": "003000007755"
                        },
                        {
                          "label": "003000007759",
                          "value": "003000007759"
                        },
                        {
                          "label": "003000007760",
                          "value": "003000007760"
                        },
                        {
                          "label": "003000007765",
                          "value": "003000007765"
                        },
                        {
                          "label": "003000007766",
                          "value": "003000007766"
                        },
                        {
                          "label": "003000007767",
                          "value": "003000007767"
                        },
                        {
                          "label": "003000007768",
                          "value": "003000007768"
                        },
                        {
                          "label": "003000007769",
                          "value": "003000007769"
                        },
                        {
                          "label": "003000007770",
                          "value": "003000007770"
                        },
                        {
                          "label": "003000007771",
                          "value": "003000007771"
                        },
                        {
                          "label": "003000007772",
                          "value": "003000007772"
                        },
                        {
                          "label": "003000007773",
                          "value": "003000007773"
                        },
                        {
                          "label": "003000007774",
                          "value": "003000007774"
                        },
                        {
                          "label": "003000007775",
                          "value": "003000007775"
                        },
                        {
                          "label": "003000007776",
                          "value": "003000007776"
                        },
                        {
                          "label": "003000007788",
                          "value": "003000007788"
                        },
                        {
                          "label": "003000007800",
                          "value": "003000007800"
                        },
                        {
                          "label": "003000007805",
                          "value": "003000007805"
                        },
                        {
                          "label": "003000007808",
                          "value": "003000007808"
                        },
                        {
                          "label": "003000007809",
                          "value": "003000007809"
                        },
                        {
                          "label": "003000007810",
                          "value": "003000007810"
                        },
                        {
                          "label": "003000007811",
                          "value": "003000007811"
                        },
                        {
                          "label": "003000007812",
                          "value": "003000007812"
                        },
                        {
                          "label": "003000007813",
                          "value": "003000007813"
                        },
                        {
                          "label": "003000007814",
                          "value": "003000007814"
                        },
                        {
                          "label": "003000007815",
                          "value": "003000007815"
                        },
                        {
                          "label": "003000007816",
                          "value": "003000007816"
                        },
                        {
                          "label": "003000007817",
                          "value": "003000007817"
                        },
                        {
                          "label": "003000007818",
                          "value": "003000007818"
                        },
                        {
                          "label": "003000007824",
                          "value": "003000007824"
                        },
                        {
                          "label": "003000007827",
                          "value": "003000007827"
                        },
                        {
                          "label": "003000007828",
                          "value": "003000007828"
                        },
                        {
                          "label": "003000007829",
                          "value": "003000007829"
                        },
                        {
                          "label": "003000007830",
                          "value": "003000007830"
                        },
                        {
                          "label": "003000007832",
                          "value": "003000007832"
                        },
                        {
                          "label": "003000007840",
                          "value": "003000007840"
                        },
                        {
                          "label": "003000007841",
                          "value": "003000007841"
                        },
                        {
                          "label": "003000007842",
                          "value": "003000007842"
                        },
                        {
                          "label": "003000007843",
                          "value": "003000007843"
                        },
                        {
                          "label": "003000007844",
                          "value": "003000007844"
                        },
                        {
                          "label": "003000007845",
                          "value": "003000007845"
                        },
                        {
                          "label": "003000007846",
                          "value": "003000007846"
                        },
                        {
                          "label": "003000007847",
                          "value": "003000007847"
                        },
                        {
                          "label": "003000007848",
                          "value": "003000007848"
                        },
                        {
                          "label": "003000007850",
                          "value": "003000007850"
                        },
                        {
                          "label": "003000007851",
                          "value": "003000007851"
                        },
                        {
                          "label": "003000007853",
                          "value": "003000007853"
                        },
                        {
                          "label": "003000007854",
                          "value": "003000007854"
                        },
                        {
                          "label": "003000007855",
                          "value": "003000007855"
                        },
                        {
                          "label": "003000007859",
                          "value": "003000007859"
                        },
                        {
                          "label": "003000007861",
                          "value": "003000007861"
                        },
                        {
                          "label": "003000007863",
                          "value": "003000007863"
                        },
                        {
                          "label": "003000007866",
                          "value": "003000007866"
                        },
                        {
                          "label": "003000007867",
                          "value": "003000007867"
                        },
                        {
                          "label": "003000007868",
                          "value": "003000007868"
                        },
                        {
                          "label": "003000007870",
                          "value": "003000007870"
                        },
                        {
                          "label": "003000007873",
                          "value": "003000007873"
                        },
                        {
                          "label": "003000007877",
                          "value": "003000007877"
                        },
                        {
                          "label": "003000007878",
                          "value": "003000007878"
                        },
                        {
                          "label": "003000007879",
                          "value": "003000007879"
                        },
                        {
                          "label": "003000007880",
                          "value": "003000007880"
                        },
                        {
                          "label": "003000007890",
                          "value": "003000007890"
                        },
                        {
                          "label": "003000007892",
                          "value": "003000007892"
                        },
                        {
                          "label": "003000007906",
                          "value": "003000007906"
                        },
                        {
                          "label": "003000007916",
                          "value": "003000007916"
                        },
                        {
                          "label": "003000007917",
                          "value": "003000007917"
                        },
                        {
                          "label": "003000007923",
                          "value": "003000007923"
                        },
                        {
                          "label": "003000007924",
                          "value": "003000007924"
                        },
                        {
                          "label": "003000007925",
                          "value": "003000007925"
                        },
                        {
                          "label": "003000007927",
                          "value": "003000007927"
                        },
                        {
                          "label": "003000007930",
                          "value": "003000007930"
                        },
                        {
                          "label": "003000007932",
                          "value": "003000007932"
                        },
                        {
                          "label": "003000007933",
                          "value": "003000007933"
                        },
                        {
                          "label": "003000007934",
                          "value": "003000007934"
                        },
                        {
                          "label": "003000007935",
                          "value": "003000007935"
                        },
                        {
                          "label": "003000007937",
                          "value": "003000007937"
                        },
                        {
                          "label": "003000007938",
                          "value": "003000007938"
                        },
                        {
                          "label": "003000007969",
                          "value": "003000007969"
                        },
                        {
                          "label": "003000007970",
                          "value": "003000007970"
                        },
                        {
                          "label": "003000007971",
                          "value": "003000007971"
                        },
                        {
                          "label": "003000007972",
                          "value": "003000007972"
                        },
                        {
                          "label": "003000007974",
                          "value": "003000007974"
                        },
                        {
                          "label": "003000007975",
                          "value": "003000007975"
                        },
                        {
                          "label": "003000007977",
                          "value": "003000007977"
                        },
                        {
                          "label": "003000007978",
                          "value": "003000007978"
                        },
                        {
                          "label": "003000007979",
                          "value": "003000007979"
                        },
                        {
                          "label": "003000007980",
                          "value": "003000007980"
                        },
                        {
                          "label": "003000007986",
                          "value": "003000007986"
                        },
                        {
                          "label": "003000007990",
                          "value": "003000007990"
                        },
                        {
                          "label": "003000007991",
                          "value": "003000007991"
                        },
                        {
                          "label": "003000007993",
                          "value": "003000007993"
                        },
                        {
                          "label": "003000007994",
                          "value": "003000007994"
                        },
                        {
                          "label": "003000007995",
                          "value": "003000007995"
                        },
                        {
                          "label": "003000008003",
                          "value": "003000008003"
                        },
                        {
                          "label": "003000008005",
                          "value": "003000008005"
                        },
                        {
                          "label": "003000008010",
                          "value": "003000008010"
                        },
                        {
                          "label": "003000008011",
                          "value": "003000008011"
                        },
                        {
                          "label": "003000008014",
                          "value": "003000008014"
                        },
                        {
                          "label": "003000008015",
                          "value": "003000008015"
                        },
                        {
                          "label": "003000008016",
                          "value": "003000008016"
                        },
                        {
                          "label": "003000008017",
                          "value": "003000008017"
                        },
                        {
                          "label": "003000008018",
                          "value": "003000008018"
                        },
                        {
                          "label": "003000008027",
                          "value": "003000008027"
                        },
                        {
                          "label": "003000008028",
                          "value": "003000008028"
                        },
                        {
                          "label": "003000008029",
                          "value": "003000008029"
                        },
                        {
                          "label": "003000008042",
                          "value": "003000008042"
                        },
                        {
                          "label": "003000008043",
                          "value": "003000008043"
                        },
                        {
                          "label": "003000008044",
                          "value": "003000008044"
                        },
                        {
                          "label": "003000008060",
                          "value": "003000008060"
                        },
                        {
                          "label": "003000008062",
                          "value": "003000008062"
                        },
                        {
                          "label": "003000008063",
                          "value": "003000008063"
                        },
                        {
                          "label": "003000008065",
                          "value": "003000008065"
                        },
                        {
                          "label": "003000008066",
                          "value": "003000008066"
                        },
                        {
                          "label": "003000008067",
                          "value": "003000008067"
                        },
                        {
                          "label": "003000008068",
                          "value": "003000008068"
                        },
                        {
                          "label": "003000008071",
                          "value": "003000008071"
                        },
                        {
                          "label": "003000008072",
                          "value": "003000008072"
                        },
                        {
                          "label": "003000008073",
                          "value": "003000008073"
                        },
                        {
                          "label": "003000008075",
                          "value": "003000008075"
                        },
                        {
                          "label": "003000008076",
                          "value": "003000008076"
                        },
                        {
                          "label": "003000008077",
                          "value": "003000008077"
                        },
                        {
                          "label": "003000008079",
                          "value": "003000008079"
                        },
                        {
                          "label": "003000008080",
                          "value": "003000008080"
                        },
                        {
                          "label": "003000008081",
                          "value": "003000008081"
                        },
                        {
                          "label": "003000008082",
                          "value": "003000008082"
                        },
                        {
                          "label": "003000008086",
                          "value": "003000008086"
                        },
                        {
                          "label": "003000008090",
                          "value": "003000008090"
                        },
                        {
                          "label": "003000008120",
                          "value": "003000008120"
                        },
                        {
                          "label": "003000008121",
                          "value": "003000008121"
                        },
                        {
                          "label": "003000008122",
                          "value": "003000008122"
                        },
                        {
                          "label": "003000008123",
                          "value": "003000008123"
                        },
                        {
                          "label": "003000008125",
                          "value": "003000008125"
                        },
                        {
                          "label": "003000008126",
                          "value": "003000008126"
                        },
                        {
                          "label": "003000008127",
                          "value": "003000008127"
                        },
                        {
                          "label": "003000008129",
                          "value": "003000008129"
                        },
                        {
                          "label": "003000008131",
                          "value": "003000008131"
                        },
                        {
                          "label": "003000008132",
                          "value": "003000008132"
                        },
                        {
                          "label": "003000008133",
                          "value": "003000008133"
                        },
                        {
                          "label": "003000008138",
                          "value": "003000008138"
                        },
                        {
                          "label": "003000008139",
                          "value": "003000008139"
                        },
                        {
                          "label": "003000008140",
                          "value": "003000008140"
                        },
                        {
                          "label": "003000008141",
                          "value": "003000008141"
                        },
                        {
                          "label": "003000008142",
                          "value": "003000008142"
                        },
                        {
                          "label": "003000008152",
                          "value": "003000008152"
                        },
                        {
                          "label": "003000008154",
                          "value": "003000008154"
                        },
                        {
                          "label": "003000008156",
                          "value": "003000008156"
                        },
                        {
                          "label": "003000008157",
                          "value": "003000008157"
                        },
                        {
                          "label": "003000008158",
                          "value": "003000008158"
                        },
                        {
                          "label": "003000008159",
                          "value": "003000008159"
                        },
                        {
                          "label": "003000008160",
                          "value": "003000008160"
                        },
                        {
                          "label": "003000008169",
                          "value": "003000008169"
                        },
                        {
                          "label": "003000008171",
                          "value": "003000008171"
                        },
                        {
                          "label": "003000008173",
                          "value": "003000008173"
                        },
                        {
                          "label": "003000008175",
                          "value": "003000008175"
                        },
                        {
                          "label": "003000008176",
                          "value": "003000008176"
                        },
                        {
                          "label": "003000008180",
                          "value": "003000008180"
                        },
                        {
                          "label": "003000008181",
                          "value": "003000008181"
                        },
                        {
                          "label": "003000008204",
                          "value": "003000008204"
                        },
                        {
                          "label": "003000008212",
                          "value": "003000008212"
                        },
                        {
                          "label": "003000008213",
                          "value": "003000008213"
                        },
                        {
                          "label": "003000008214",
                          "value": "003000008214"
                        },
                        {
                          "label": "003000008216",
                          "value": "003000008216"
                        },
                        {
                          "label": "003000008218",
                          "value": "003000008218"
                        },
                        {
                          "label": "003000008222",
                          "value": "003000008222"
                        },
                        {
                          "label": "003000008223",
                          "value": "003000008223"
                        },
                        {
                          "label": "003000008229",
                          "value": "003000008229"
                        },
                        {
                          "label": "003000008236",
                          "value": "003000008236"
                        },
                        {
                          "label": "003000008239",
                          "value": "003000008239"
                        },
                        {
                          "label": "003000008240",
                          "value": "003000008240"
                        },
                        {
                          "label": "003000008241",
                          "value": "003000008241"
                        },
                        {
                          "label": "003000008243",
                          "value": "003000008243"
                        },
                        {
                          "label": "003000008244",
                          "value": "003000008244"
                        },
                        {
                          "label": "003000008245",
                          "value": "003000008245"
                        },
                        {
                          "label": "003000008246",
                          "value": "003000008246"
                        },
                        {
                          "label": "3000",
                          "value": "3000"
                        }
                      ],
                      "placeholder": {
                        "text": "Select PO..."
                      },
                      "style": {
                        "marginLeft": 10,
                        "marginRight": 10
                      },
                      "textAlign": "center"
                    },
                    "type": "ia.input.dropdown"
                  },
                  {
                    "custom": {
                      "Machine": ""
                    },
                    "meta": {
                      "name": "Machine"
                    },
                    "position": {
                      "basis": "31px"
                    },
                    "propConfig": {
                      "props.text": {
                        "binding": {
                          "config": {
                            "path": "this.custom.Machine"
                          },
                          "overlayOptOut": true,
                          "transforms": [
                            {
                              "code": "\treturn str(value)",
                              "type": "script"
                            }
                          ],
                          "type": "property"
                        }
                      }
                    },
                    "props": {
                      "style": {
                        "fontFamily": "Roboto",
                        "fontSize": 14,
                        "textAlign": "center"
                      }
                    },
                    "type": "ia.display.label"
                  },
                  {
                    "custom": {
                      "SFG": "86082XXHE30PXXX228.6X5800X"
                    },
                    "meta": {
                      "name": "SFG"
                    },
                    "position": {
                      "basis": "31px"
                    },
                    "propConfig": {
                      "props.text": {
                        "binding": {
                          "config": {
                            "path": "this.custom.SFG"
                          },
                          "overlayOptOut": true,
                          "transforms": [
                            {
                              "code": "\treturn str(value)",
                              "type": "script"
                            }
                          ],
                          "type": "property"
                        }
                      }
                    },
                    "props": {
                      "style": {
                        "fontFamily": "Roboto",
                        "fontSize": 14,
                        "textAlign": "center"
                      }
                    },
                    "type": "ia.display.label"
                  },
                  {
                    "custom": {
                      "QTY": 28000
                    },
                    "meta": {
                      "name": "PlannedQTY"
                    },
                    "position": {
                      "basis": "31px"
                    },
                    "propConfig": {
                      "props.text": {
                        "binding": {
                          "config": {
                            "path": "this.custom.QTY"
                          },
                          "overlayOptOut": true,
                          "transforms": [
                            {
                              "code": "\treturn str(value)+\u0027 (kg)\u0027",
                              "type": "script"
                            }
                          ],
                          "type": "property"
                        }
                      }
                    },
                    "props": {
                      "style": {
                        "fontFamily": "Roboto",
                        "fontSize": 14,
                        "textAlign": "center"
                      }
                    },
                    "type": "ia.display.label"
                  },
                  {
                    "custom": {
                      "STDALLOY": "6082"
                    },
                    "meta": {
                      "name": "StandardAlloy"
                    },
                    "position": {
                      "basis": "31px"
                    },
                    "propConfig": {
                      "props.text": {
                        "binding": {
                          "config": {
                            "path": "this.custom.STDALLOY"
                          },
                          "overlayOptOut": true,
                          "transforms": [
                            {
                              "code": "\treturn str(value)",
                              "type": "script"
                            }
                          ],
                          "type": "property"
                        }
                      }
                    },
                    "props": {
                      "style": {
                        "fontFamily": "Roboto",
                        "fontSize": 14,
                        "textAlign": "center"
                      }
                    },
                    "type": "ia.display.label"
                  },
                  {
                    "custom": {
                      "InternalAlloy": "HE30P"
                    },
                    "meta": {
                      "name": "InternalAlloy"
                    },
                    "position": {
                      "basis": "31px"
                    },
                    "propConfig": {
                      "props.text": {
                        "binding": {
                          "config": {
                            "path": "this.custom.InternalAlloy"
                          },
                          "overlayOptOut": true,
                          "transforms": [
                            {
                              "code": "\treturn str(value)",
                              "type": "script"
                            }
                          ],
                          "type": "property"
                        }
                      }
                    },
                    "props": {
                      "style": {
                        "fontFamily": "Roboto",
                        "fontSize": 14,
                        "textAlign": "center"
                      }
                    },
                    "type": "ia.display.label"
                  }
                ],
                "meta": {
                  "name": "PO2"
                },
                "position": {
                  "basis": "200px",
                  "grow": 1
                },
                "props": {
                  "direction": "column",
                  "justify": "space-around"
                },
                "type": "ia.container.flex"
              }
            ],
            "meta": {
              "name": "PO_Transfer"
            },
            "position": {
              "basis": "200px",
              "grow": 1
            },
            "props": {
              "style": {
                "padding": 6
              }
            },
            "type": "ia.container.flex"
          }
        ],
        "meta": {
          "name": "Main"
        },
        "position": {
          "basis": "200px",
          "grow": 1
        },
        "props": {
          "direction": "column"
        },
        "type": "ia.container.flex"
      },
      {
        "children": [
          {
            "events": {
              "dom": {
                "onClick": {
                  "config": {
                    "script": "\timport sys\n\timport time\n\t\n\tPO1\u003dself.parent.parent.getChild(\"Main\").getChild(\"PO_Transfer\").getChild(\"PO1\").getChild(\"PONO\").custom.PONO\n\tPO2\u003dself.parent.parent.getChild(\"Main\").getChild(\"PO_Transfer\").getChild(\"PO2\").getChild(\"POSelec\").props.value\n\t\t\n#\tValidate PO2 is selected\n\tif str(PO2)\u003d\u003dstr(None) or str(PO2)\u003d\u003d\u0027\u0027 or str(PO2)\u003d\u003d\u0027NULL\u0027 or PO2 is None:\n\t\tsystem.perspective.openPopup(\u0027Error\u0027,\u0027Template/Popup_1\u0027,params\u003d{\u0027Code\u0027:1,\u0027Message\u0027:\u0027Please select PO2...!\u0027},showCloseIcon \u003d True,modal\u003dTrue,draggable\u003dFalse,position \u003d {\u0027top\u0027:100})\n\t\tsys.exit()\n\telse:\n\t\tpass\t\n#   PO Transfer start from PO1 --\u003e PO2\t\n\t# Collect materials added at MF\u0026HF operation usig PO store in DS1 and DS2\n\t\t# Melting Operation\n\tMaterials_Melting\u003dMaterial_Transfer.Get_PO_and_OPRN_wise_data.getMaterials_added(PO1,10)\n\t\t# Holding Operation\n\tMaterials_Holding\u003dMaterial_Transfer.Get_PO_and_OPRN_wise_data.getMaterials_added(PO1,20)\n\t# Collect Yeild generated at initialsc table using PO\n#\tquery\u003d\u0027\u0027\u0027\n#\t\t\tSELECT [oprn]\n#\t\t\t      ,trim([prod_order]) as prod_order\n#\t\t\t      ,[yield]\n#\t\t\t      ,trim([long_text]) as long_text\n#\t\t\t      ,trim([oprn_start_execution_date]) as oprn_start_execution_date\n#\t\t\t      ,[oprn_start_execution_time]\n#\t\t\t      ,trim([oprn_end_execution_date]) as oprn_end_execution_date\n#\t\t\t      ,[oprn_end_execution_time]\n#\t\t\t      ,[flag]\n#\t\t\t      ,[uid]\n#\t\t\t      ,[mov_type]\n#\t\t\t  FROM [INBOUNDCIMS].[dbo].[initialsc]\n#\t\t\t  where prod_order\u003d? and oprn in (10,20)\n#\t\t\t  order by DATE_TIME\n#\t\t\t\u0027\u0027\u0027\t\n#\tYeild_data\u003dsystem.db.runPrepQuery(query, [PO1], \u0027CIMS_SAP_IN\u0027)\t\n\tYeild_data\u003dMaterial_Transfer.Get_PO_and_OPRN_wise_data.get_yeild(PO1)\t\n\t# Send cancellation of all materials added at MF\u0026HF table at SAP.GodMov using movement type code\n\tMaterial_Transfer.Get_PO_and_OPRN_wise_data.Material_cancellation_in_godmov(Materials_Melting)\n\tMaterial_Transfer.Get_PO_and_OPRN_wise_data.Material_cancellation_in_godmov(Materials_Holding)\n\t\n\t# Send cancellation of Yield added at Melting and Holding operation at Initial_SC table\t\n\tMaterial_Transfer.Get_PO_and_OPRN_wise_data.Yeild_cancellation(Yeild_data)\n\t\n\t# Add the listed materials(PO2) into the MF\u0026HF and Godmov tables with diff unique ID\n\tMaterial_Transfer.Get_PO_and_OPRN_wise_data.add_materials_mfhf_godmov_withUID(Materials_Melting,PO2)\n\tMaterial_Transfer.Get_PO_and_OPRN_wise_data.add_materials_mfhf_godmov_withUID(Materials_Holding,PO2)\n\tMaterial_Transfer.Get_PO_and_OPRN_wise_data.add_Initialsc(Yeild_data,PO2,PO1)\n\t\n\t# Delete the entries available in PO1 at MF\u0026HF table using PO No \n\tMaterial_Transfer.Get_PO_and_OPRN_wise_data.delete_MFHF_usingPO(PO1)\n\t\n\t# Update mes.status ,mes.main, mes_melting, mes_operation, and mes_holding tables for PO2 and PO1\n\tMaterial_Transfer.Update_PO1_to_PO2.Status_transfer_PO1_PO2(PO1,PO2)\n\t\n\t# Update the Message handler of Melting_update and Holding_update \n\tPayload\u003d{\u0027MeltingUpdate\u0027: 1}\n\tsystem.perspective.sendMessage(\u0027MeltingU\u0027, payload\u003dPayload, scope\u003d\u0027session\u0027)\n\tPayload1\u003d{\u0027HoldingUpdate\u0027: 1}\n\tsystem.perspective.sendMessage(\u0027HoldingU\u0027, payload\u003dPayload1, scope\u003d\u0027session\u0027)\n\tPayload\u003d{\u0027MeltingUpdate\u0027: 0}\n\tsystem.perspective.sendMessage(\u0027MeltingU\u0027, payload\u003dPayload, scope\u003d\u0027session\u0027)\n\tPayload1\u003d{\u0027HoldingUpdate\u0027: 0}\n\tsystem.perspective.sendMessage(\u0027HoldingU\u0027, payload\u003dPayload1, scope\u003d\u0027session\u0027)\n\t\n#   POP up to show PO transfer initiated\n\tsystem.perspective.openPopup(\u0027Error\u0027,\u0027Template/Popup_1\u0027,params\u003d{\u0027Code\u0027:1,\u0027Message\u0027:\u0027Initiating Materials and Yeild added in PO1 to PO2\u0027},showCloseIcon \u003d True,modal\u003dTrue,draggable\u003dFalse,position \u003d {\u0027top\u0027:100})\n\n\t# Finally refresh the page of perspective\n#\tsystem.perspective.refresh()\n\n\t\t\n#\tSystem close popup\n\tsystem.perspective.closePopup(\u0027po1_to_po2\u0027)"
                  },
                  "scope": "G",
                  "stopPropagation": true,
                  "type": "script"
                }
              }
            },
            "meta": {
              "name": "Add"
            },
            "position": {
              "basis": "100px",
              "shrink": 0
            },
            "propConfig": {
              "position.display": {
                "binding": {
                  "config": {
                    "path": "view.params.value.Status"
                  },
                  "transforms": [
                    {
                      "code": "\tA\u003dstr(value)\n\t\n\tif A\u003d\u003d\u0027Melting Completed\u0027 or A\u003d\u003d\u0027Holding Completed\u0027 or A\u003d\u003d\u0027Casting Completed\u0027:\n\t\treturn False\n\telse:\n\t\treturn True\t",
                      "type": "script"
                    }
                  ],
                  "type": "property"
                }
              }
            },
            "props": {
              "image": {
                "height": 18,
                "icon": {
                  "path": "material/check_circle"
                },
                "width": 18
              },
              "style": {
                "backgroundColor": "#257A8C",
                "fontFamily": "Roboto",
                "fontSize": 12
              },
              "text": "APPLY"
            },
            "type": "ia.input.button"
          },
          {
            "events": {
              "dom": {
                "onClick": {
                  "config": {
                    "script": "\t\n#\tReset the custom arrays in table properties\n\tArray\u003d[]\n\tself.parent.parent.getChild(\"Main\").getChild(\"PO_Transfer\").getChild(\"PO2\").getChild(\"Machine\").custom.Machine\u003d\u0027\u0027\n\tself.parent.parent.getChild(\"Main\").getChild(\"PO_Transfer\").getChild(\"PO2\").getChild(\"SFG\").props.text\u003d\u0027\u0027\n\tself.parent.parent.getChild(\"Main\").getChild(\"PO_Transfer\").getChild(\"PO2\").getChild(\"PlannedQTY\").props.text\u003d\u0027\u0027\n\tself.parent.parent.getChild(\"Main\").getChild(\"PO_Transfer\").getChild(\"PO2\").getChild(\"StandardAlloy\").props.text\u003d\u0027\u0027\n\tself.parent.parent.getChild(\"Main\").getChild(\"PO_Transfer\").getChild(\"PO2\").getChild(\"InternalAlloy\").props.text\u003d\u0027\u0027\n\tself.parent.parent.getChild(\"Main\").getChild(\"PO_Transfer\").getChild(\"PO2\").getChild(\"POSelec\").props.value\u003d\u0027\u0027\n\t"
                  },
                  "scope": "G",
                  "type": "script"
                }
              }
            },
            "meta": {
              "name": "Clear"
            },
            "position": {
              "basis": "100px",
              "shrink": 0
            },
            "propConfig": {
              "position.display": {
                "binding": {
                  "config": {
                    "path": "view.params.value.Status"
                  },
                  "transforms": [
                    {
                      "code": "\tA\u003dstr(value)\n\t\n\tif A\u003d\u003d\u0027Melting Completed\u0027 or A\u003d\u003d\u0027Holding Completed\u0027 or A\u003d\u003d\u0027Casting Completed\u0027:\n\t\treturn False\n\telse:\n\t\treturn True\t",
                      "type": "script"
                    }
                  ],
                  "type": "property"
                }
              }
            },
            "props": {
              "image": {
                "height": 18,
                "icon": {
                  "path": "material/remove_circle"
                },
                "width": 18
              },
              "style": {
                "backgroundColor": "#257A8C",
                "fontFamily": "Roboto",
                "fontSize": 12
              },
              "text": "CLEAR"
            },
            "type": "ia.input.button"
          },
          {
            "events": {
              "dom": {
                "onClick": {
                  "config": {
                    "script": "\tsystem.perspective.closePopup(\u0027po1_to_po2\u0027)"
                  },
                  "scope": "G",
                  "type": "script"
                }
              }
            },
            "meta": {
              "name": "Close"
            },
            "position": {
              "basis": "100px",
              "shrink": 0
            },
            "propConfig": {
              "position.display": {
                "binding": {
                  "config": {
                    "path": "view.params.value.Status"
                  },
                  "transforms": [
                    {
                      "code": "\tA\u003dstr(value)\n\t\n\tif A\u003d\u003d\u0027Melting Completed\u0027 or A\u003d\u003d\u0027Holding Completed\u0027 or A\u003d\u003d\u0027Casting Completed\u0027:\n\t\treturn False\n\telse:\n\t\treturn True\t",
                      "type": "script"
                    }
                  ],
                  "type": "property"
                }
              }
            },
            "props": {
              "image": {
                "height": 18,
                "icon": {
                  "path": "material/clear"
                },
                "width": 18
              },
              "style": {
                "backgroundColor": "#257A8C",
                "fontFamily": "Roboto",
                "fontSize": 12
              },
              "text": "CLOSE"
            },
            "type": "ia.input.button"
          }
        ],
        "meta": {
          "name": "Action"
        },
        "position": {
          "basis": "40px",
          "shrink": 0
        },
        "props": {
          "justify": "space-evenly",
          "style": {
            "padding": 4
          }
        },
        "type": "ia.container.flex"
      }
    ],
    "meta": {
      "name": "root"
    },
    "props": {
      "direction": "column",
      "style": {
        "backgroundColor": "#F1FBFD",
        "borderBottomLeftRadius": 4,
        "borderBottomRightRadius": 4,
        "borderTopLeftRadius": 4,
        "borderTopRightRadius": 4,
        "margin": 2,
        "overflow": "hidden",
        "padding": 1
      }
    },
    "type": "ia.container.flex"
  }
}