{
  "custom": {},
  "events": {
    "system": {
      "onStartup": {
        "config": {
          "script": "\timport time\n\ttime.sleep(5)\n\tsystem.perspective.closePopup(\u0027\u0027)"
        },
        "scope": "G",
        "type": "script"
      }
    }
  },
  "params": {},
  "props": {
    "defaultSize": {
      "height": 100,
      "width": 100
    }
  },
  "root": {
    "children": [
      {
        "meta": {
          "name": "Spinner-3"
        },
        "position": {
          "basis": "100px",
          "grow": 1
        },
        "props": {
          "fit": {
            "height": 256,
            "mode": "fill",
            "width": 256
          },
          "source": "/system/images/Spinner-3.gif"
        },
        "type": "ia.display.image"
      }
    ],
    "meta": {
      "name": "root"
    },
    "props": {
      "direction": "column"
    },
    "type": "ia.container.flex"
  }
}