{
  "custom": {},
  "params": {
    "LogStandNo": 0
  },
  "propConfig": {
    "params.LogStandNo": {
      "paramDirection": "input",
      "persistent": true
    }
  },
  "props": {
    "defaultSize": {
      "height": 200,
      "width": 400
    }
  },
  "root": {
    "children": [
      {
        "children": [
          {
            "meta": {
              "name": "Label"
            },
            "position": {
              "basis": "165px",
              "grow": 1
            },
            "props": {
              "text": "Enter Log ID : ",
              "textStyle": {
                "fontFamily": "Roboto",
                "fontSize": 14,
                "fontWeight": "bold",
                "textAlign": "center"
              }
            },
            "type": "ia.display.label"
          },
          {
            "meta": {
              "name": "TextField"
            },
            "position": {
              "basis": "256px",
              "grow": 1
            },
            "props": {
              "placeholder": "Enter Log ID ",
              "style": {
                "fontFamily": "Roboto",
                "fontSize": 14,
                "fontWeight": "normal",
                "marginLeft": 20,
                "marginRight": 20,
                "textAlign": "center"
              }
            },
            "type": "ia.input.text-field"
          }
        ],
        "meta": {
          "name": "LogId"
        },
        "position": {
          "basis": "40px",
          "shrink": 0
        },
        "type": "ia.container.flex"
      },
      {
        "children": [
          {
            "meta": {
              "name": "Label"
            },
            "position": {
              "basis": "165px",
              "grow": 1
            },
            "props": {
              "text": "Log Stand : ",
              "textStyle": {
                "fontFamily": "Roboto",
                "fontSize": 14,
                "fontWeight": "bold",
                "textAlign": "center"
              }
            },
            "type": "ia.display.label"
          },
          {
            "meta": {
              "name": "Dropdown"
            },
            "position": {
              "basis": "256px",
              "grow": 1
            },
            "propConfig": {
              "props.value": {
                "binding": {
                  "config": {
                    "path": "view.params.LogStandNo"
                  },
                  "type": "property"
                }
              }
            },
            "props": {
              "enabled": false,
              "options": [
                {
                  "label": "Log Stand 1",
                  "value": 1
                },
                {
                  "label": "Log Stand 2",
                  "value": 2
                },
                {
                  "label": "Log Stand 3",
                  "value": 3
                },
                {
                  "label": "Log Stand 4",
                  "value": 4
                },
                {
                  "label": "Log Stand 5",
                  "value": 5
                },
                {
                  "label": "Log Stand 6",
                  "value": 6
                }
              ],
              "placeholder": {
                "text": "Select Log Stand.."
              },
              "style": {
                "fontFamily": "Roboto",
                "fontSize": 14,
                "fontWeight": "normal",
                "marginLeft": 20,
                "marginRight": 20,
                "textAlign": "center"
              },
              "textAlign": "center"
            },
            "type": "ia.input.dropdown"
          }
        ],
        "meta": {
          "name": "LogStand"
        },
        "position": {
          "basis": "40px",
          "shrink": 0
        },
        "props": {
          "justify": "space-around"
        },
        "type": "ia.container.flex"
      },
      {
        "events": {
          "dom": {
            "onClick": {
              "config": {
                "script": "\timport time\n\t\n\tlogStandNo \u003d int(self.parent.getChild(\"LogStand\").getChild(\"Dropdown\").props.value)\n\tlogId \u003d self.parent.getChild(\"LogId\").getChild(\"TextField\").props.text\n\tcurrDT \u003d system.date.now()\n\n\ttry:\n\t\t# Update row in database\n\t\tuQuery \u003d \u0027\u0027\u0027\n\t\t\tUPDATE [dbo].[mes_logtracker]\n\t\t\t \tSET [log_outward_date] \u003d ?\n\t\t\t \tWHERE [log_stand_no] \u003d ?\n\t\t\t \tAND [log_id] \u003d ? \n\t\t\t \t[log_outward_date] IS NULL\n\t\t\t\u0027\u0027\u0027\n\t\tuArgs \u003d [currDT, logStandNo, logId]\n\t\tsystem.db.runPrepUpdate(uQuery, uArgs, \u0027CIMS2\u0027)\n\t\t\n\t\t# Close the popup\n\t\tsystem.perspective.closePopup(\"RemoveInLogPopup\")\n\t\t\n\t\ttime.sleep(1)\n\t\t\n\t\t# Send message to refresh table data\n\t\tPayload\u003d{\u0027Data\u0027:str(self.parent.getChild(\"LogId\").getChild(\"TextField\").props.text)}\n\t\tsystem.perspective.sendMessage(\"RemoveLogManually\", payload \u003d Payload, scope \u003d \"page\")\n\texcept:\n\t\t# Update failed\n\t\tpass\n\t"
              },
              "scope": "G",
              "type": "script"
            }
          }
        },
        "meta": {
          "name": "Button"
        },
        "position": {
          "basis": "35px",
          "shrink": 0
        },
        "propConfig": {
          "props.enabled": {
            "binding": {
              "config": {
                "expression": "now(1)"
              },
              "transforms": [
                {
                  "code": "\tLogId \u003d self.parent.getChild(\"LogId\").getChild(\"TextField\").props.text\n\tLogStand \u003d self.parent.getChild(\"LogStand\").getChild(\"Dropdown\").props.value\n\t\n\tif(len(LogId) \u003e 0 and (LogStand \u003d\u003d 1 or LogStand \u003d\u003d 2 or LogStand \u003d\u003d 3 or LogStand \u003d\u003d 4 or LogStand \u003d\u003d 5 or LogStand \u003d\u003d 6)):\n\t\tvalue \u003d True\n\telse:\n\t\tvalue \u003d False\n\t\t\n\treturn value\n\t",
                  "type": "script"
                }
              ],
              "type": "expr"
            }
          }
        },
        "props": {
          "style": {
            "marginBottom": 20,
            "marginLeft": 40,
            "marginRight": 40
          },
          "text": "REMOVE"
        },
        "type": "ia.input.button"
      }
    ],
    "meta": {
      "name": "root"
    },
    "props": {
      "direction": "column",
      "justify": "space-around"
    },
    "type": "ia.container.flex"
  }
}