{
  "custom": {},
  "params": {
    "Code": "P013",
    "Message": "Add Jaskirat in Userlist",
    "P011_FirstName": "jk",
    "P011_LastName": "Tricclore",
    "P011_MailAddress": "test",
    "P011_MobNo": "098098",
    "P011_Password": "Jaskirat",
    "P011_SMS": 123,
    "P011_SelectRole": "Administrator",
    "P011_UserName": ""
  },
  "propConfig": {
    "params.Code": {
      "paramDirection": "input",
      "persistent": true
    },
    "params.Message": {
      "paramDirection": "input",
      "persistent": true
    },
    "params.P011_FirstName": {
      "paramDirection": "input",
      "persistent": true
    },
    "params.P011_LastName": {
      "paramDirection": "input",
      "persistent": true
    },
    "params.P011_MailAddress": {
      "paramDirection": "input",
      "persistent": true
    },
    "params.P011_MobNo": {
      "paramDirection": "input",
      "persistent": true
    },
    "params.P011_Password": {
      "paramDirection": "input",
      "persistent": true
    },
    "params.P011_SMS": {
      "paramDirection": "input",
      "persistent": true
    },
    "params.P011_SelectRole": {
      "paramDirection": "input",
      "persistent": true
    },
    "params.P011_UserName": {
      "paramDirection": "input",
      "persistent": true
    }
  },
  "props": {
    "defaultSize": {
      "height": 117,
      "width": 282
    }
  },
  "root": {
    "children": [
      {
        "children": [
          {
            "meta": {
              "name": "Label"
            },
            "position": {
              "basis": "50px",
              "grow": 1
            },
            "propConfig": {
              "props.text": {
                "binding": {
                  "config": {
                    "path": "view.params.Message"
                  },
                  "type": "property"
                },
                "persistent": true
              }
            },
            "props": {
              "text": "Add Jaskirat in Userlist",
              "textStyle": {
                "fontFamily": "Roboto",
                "fontSize": 14,
                "textAlign": "center"
              }
            },
            "type": "ia.display.label"
          }
        ],
        "meta": {
          "name": "Message_box"
        },
        "position": {
          "basis": "238px",
          "grow": 1
        },
        "props": {
          "style": {
            "fontFamily": "Roboto",
            "fontSize": 12
          }
        },
        "type": "ia.container.flex"
      },
      {
        "children": [
          {
            "events": {
              "dom": {
                "onClick": {
                  "config": {
                    "script": "\tsystem.perspective.closePopup(\u0027\u0027)"
                  },
                  "scope": "G",
                  "type": "script"
                }
              }
            },
            "meta": {
              "name": "Close"
            },
            "position": {
              "basis": "80px"
            },
            "props": {
              "image": {
                "icon": {
                  "color": "#C37575",
                  "path": "material/cancel"
                }
              },
              "style": {
                "backgroundColor": "#257A8C",
                "fontFamily": "Roboto",
                "fontSize": 12
              },
              "text": "Cancel"
            },
            "type": "ia.input.button"
          },
          {
            "meta": {
              "name": "P001"
            },
            "position": {
              "basis": "80px",
              "display": false
            },
            "propConfig": {
              "custom.Code": {
                "binding": {
                  "config": {
                    "path": "this.meta.name"
                  },
                  "type": "property"
                }
              },
              "position.display": {
                "binding": {
                  "config": {
                    "path": "view.params.Code"
                  },
                  "transforms": [
                    {
                      "code": "\tif value\u003d\u003dself.custom.Code:\n\t\treturn bool(1)\n\telse:\n\t\treturn bool(0)\t",
                      "type": "script"
                    }
                  ],
                  "type": "property"
                },
                "persistent": true
              }
            },
            "props": {
              "image": {
                "icon": {
                  "color": "#75C37B",
                  "path": "material/check_circle"
                }
              },
              "style": {
                "backgroundColor": "#257A8C",
                "fontFamily": "Roboto",
                "fontSize": 12
              },
              "text": "OK"
            },
            "type": "ia.input.button"
          },
          {
            "meta": {
              "name": "P002"
            },
            "position": {
              "basis": "80px",
              "display": false
            },
            "propConfig": {
              "custom.Code": {
                "binding": {
                  "config": {
                    "path": "this.meta.name"
                  },
                  "type": "property"
                }
              },
              "position.display": {
                "binding": {
                  "config": {
                    "path": "view.params.Code"
                  },
                  "transforms": [
                    {
                      "code": "\tif value\u003d\u003dself.custom.Code:\n\t\treturn bool(1)\n\telse:\n\t\treturn bool(0)\t",
                      "type": "script"
                    }
                  ],
                  "type": "property"
                },
                "persistent": true
              }
            },
            "props": {
              "image": {
                "icon": {
                  "color": "#75C37B",
                  "path": "material/check_circle"
                }
              },
              "style": {
                "backgroundColor": "#257A8C",
                "fontFamily": "Roboto",
                "fontSize": 12
              },
              "text": "OK"
            },
            "type": "ia.input.button"
          },
          {
            "meta": {
              "name": "P003"
            },
            "position": {
              "basis": "80px",
              "display": false
            },
            "propConfig": {
              "custom.Code": {
                "binding": {
                  "config": {
                    "path": "this.meta.name"
                  },
                  "type": "property"
                }
              },
              "position.display": {
                "binding": {
                  "config": {
                    "path": "view.params.Code"
                  },
                  "transforms": [
                    {
                      "code": "\tif value\u003d\u003dself.custom.Code:\n\t\treturn bool(1)\n\telse:\n\t\treturn bool(0)\t",
                      "type": "script"
                    }
                  ],
                  "type": "property"
                },
                "persistent": true
              }
            },
            "props": {
              "image": {
                "icon": {
                  "color": "#75C37B",
                  "path": "material/check_circle"
                }
              },
              "style": {
                "backgroundColor": "#257A8C",
                "fontFamily": "Roboto",
                "fontSize": 12
              },
              "text": "OK"
            },
            "type": "ia.input.button"
          },
          {
            "meta": {
              "name": "P004"
            },
            "position": {
              "basis": "80px",
              "display": false
            },
            "propConfig": {
              "custom.Code": {
                "binding": {
                  "config": {
                    "path": "this.meta.name"
                  },
                  "type": "property"
                }
              },
              "position.display": {
                "binding": {
                  "config": {
                    "path": "view.params.Code"
                  },
                  "transforms": [
                    {
                      "code": "\tif value\u003d\u003dself.custom.Code:\n\t\treturn bool(1)\n\telse:\n\t\treturn bool(0)\t",
                      "type": "script"
                    }
                  ],
                  "type": "property"
                },
                "persistent": true
              }
            },
            "props": {
              "image": {
                "icon": {
                  "color": "#75C37B",
                  "path": "material/check_circle"
                }
              },
              "style": {
                "backgroundColor": "#257A8C",
                "fontFamily": "Roboto",
                "fontSize": 12
              },
              "text": "OK"
            },
            "type": "ia.input.button"
          },
          {
            "meta": {
              "name": "P005"
            },
            "position": {
              "basis": "80px",
              "display": false
            },
            "propConfig": {
              "custom.Code": {
                "binding": {
                  "config": {
                    "path": "this.meta.name"
                  },
                  "type": "property"
                }
              },
              "position.display": {
                "binding": {
                  "config": {
                    "path": "view.params.Code"
                  },
                  "transforms": [
                    {
                      "code": "\tif value\u003d\u003dself.custom.Code:\n\t\treturn bool(1)\n\telse:\n\t\treturn bool(0)\t",
                      "type": "script"
                    }
                  ],
                  "type": "property"
                },
                "persistent": true
              }
            },
            "props": {
              "image": {
                "icon": {
                  "color": "#75C37B",
                  "path": "material/check_circle"
                }
              },
              "style": {
                "backgroundColor": "#257A8C",
                "fontFamily": "Roboto",
                "fontSize": 12
              },
              "text": "OK"
            },
            "type": "ia.input.button"
          },
          {
            "meta": {
              "name": "P006"
            },
            "position": {
              "basis": "80px",
              "display": false
            },
            "propConfig": {
              "custom.Code": {
                "binding": {
                  "config": {
                    "path": "this.meta.name"
                  },
                  "type": "property"
                }
              },
              "position.display": {
                "binding": {
                  "config": {
                    "path": "view.params.Code"
                  },
                  "transforms": [
                    {
                      "code": "\tif value\u003d\u003dself.custom.Code:\n\t\treturn bool(1)\n\telse:\n\t\treturn bool(0)\t",
                      "type": "script"
                    }
                  ],
                  "type": "property"
                },
                "persistent": true
              }
            },
            "props": {
              "image": {
                "icon": {
                  "color": "#75C37B",
                  "path": "material/check_circle"
                }
              },
              "style": {
                "backgroundColor": "#257A8C",
                "fontFamily": "Roboto",
                "fontSize": 12
              },
              "text": "OK"
            },
            "type": "ia.input.button"
          },
          {
            "meta": {
              "name": "P007"
            },
            "position": {
              "basis": "80px",
              "display": false
            },
            "propConfig": {
              "custom.Code": {
                "binding": {
                  "config": {
                    "path": "this.meta.name"
                  },
                  "type": "property"
                }
              },
              "position.display": {
                "binding": {
                  "config": {
                    "path": "view.params.Code"
                  },
                  "transforms": [
                    {
                      "code": "\tif value\u003d\u003dself.custom.Code:\n\t\treturn bool(1)\n\telse:\n\t\treturn bool(0)\t",
                      "type": "script"
                    }
                  ],
                  "type": "property"
                },
                "persistent": true
              }
            },
            "props": {
              "image": {
                "icon": {
                  "color": "#75C37B",
                  "path": "material/check_circle"
                }
              },
              "style": {
                "backgroundColor": "#257A8C",
                "fontFamily": "Roboto",
                "fontSize": 12
              },
              "text": "OK"
            },
            "type": "ia.input.button"
          },
          {
            "meta": {
              "name": "P008"
            },
            "position": {
              "basis": "80px",
              "display": false
            },
            "propConfig": {
              "custom.Code": {
                "binding": {
                  "config": {
                    "path": "this.meta.name"
                  },
                  "type": "property"
                }
              },
              "position.display": {
                "binding": {
                  "config": {
                    "path": "view.params.Code"
                  },
                  "transforms": [
                    {
                      "code": "\tif value\u003d\u003dself.custom.Code:\n\t\treturn bool(1)\n\telse:\n\t\treturn bool(0)\t",
                      "type": "script"
                    }
                  ],
                  "type": "property"
                },
                "persistent": true
              }
            },
            "props": {
              "image": {
                "icon": {
                  "color": "#75C37B",
                  "path": "material/check_circle"
                }
              },
              "style": {
                "backgroundColor": "#257A8C",
                "fontFamily": "Roboto",
                "fontSize": 12
              },
              "text": "OK"
            },
            "type": "ia.input.button"
          },
          {
            "meta": {
              "name": "P009"
            },
            "position": {
              "basis": "80px",
              "display": false
            },
            "propConfig": {
              "custom.Code": {
                "binding": {
                  "config": {
                    "path": "this.meta.name"
                  },
                  "type": "property"
                }
              },
              "position.display": {
                "binding": {
                  "config": {
                    "path": "view.params.Code"
                  },
                  "transforms": [
                    {
                      "code": "\tif value\u003d\u003dself.custom.Code:\n\t\treturn bool(1)\n\telse:\n\t\treturn bool(0)\t",
                      "type": "script"
                    }
                  ],
                  "type": "property"
                },
                "persistent": true
              }
            },
            "props": {
              "image": {
                "icon": {
                  "color": "#75C37B",
                  "path": "material/check_circle"
                }
              },
              "style": {
                "backgroundColor": "#257A8C",
                "fontFamily": "Roboto",
                "fontSize": 12
              },
              "text": "OK"
            },
            "type": "ia.input.button"
          },
          {
            "meta": {
              "name": "P010"
            },
            "position": {
              "basis": "80px",
              "display": false
            },
            "propConfig": {
              "custom.Code": {
                "binding": {
                  "config": {
                    "path": "this.meta.name"
                  },
                  "type": "property"
                }
              },
              "position.display": {
                "binding": {
                  "config": {
                    "path": "view.params.Code"
                  },
                  "transforms": [
                    {
                      "code": "\tif value\u003d\u003dself.custom.Code:\n\t\treturn bool(1)\n\telse:\n\t\treturn bool(0)\t",
                      "type": "script"
                    }
                  ],
                  "type": "property"
                },
                "persistent": true
              }
            },
            "props": {
              "image": {
                "icon": {
                  "color": "#75C37B",
                  "path": "material/check_circle"
                }
              },
              "style": {
                "backgroundColor": "#257A8C",
                "fontFamily": "Roboto",
                "fontSize": 12
              },
              "text": "OK"
            },
            "type": "ia.input.button"
          },
          {
            "events": {
              "dom": {
                "onClick": [
                  {
                    "config": {
                      "script": "\tsystem.perspective.closePopup(\u0027fQHR6mFQ\u0027)"
                    },
                    "scope": "G",
                    "type": "script"
                  },
                  {
                    "config": {
                      "script": "\timport time\n#\tsystem.perspective.openPopup(\u0027mypopup\u0027,\u0027Template/Popup_1\u0027,params\u003d{\u0027Message\u0027: \u0027User added Successfully\u0027, \u0027Code\u0027:3},showCloseIcon \u003d True, modal\u003d False,position \u003d {\u0027top\u0027:40})\n\t\u0027\u0027\u0027\n\tself.view.params.P011_UserName\n\tself.view.params.P011_FirstName\n\tself.view.params.P011_LastName\n\tself.view.params.P011_MailAddress\n\tself.view.params.P011_MobNo\n\tself.view.params.P011_Password\n\tself.view.params.P011_SMS\n\tself.view.params.P011_SelectRole\n\t\u0027\u0027\u0027\n\ttry:\n\t\tsystem.perspective.openPopup(\u0027mypopup\u0027,\u0027Template/Popup_1\u0027,params\u003d{\u0027Message\u0027: \u0027User added Successfully\u0027, \u0027Code\u0027:3},showCloseIcon \u003d True, modal\u003d False,position \u003d {\u0027top\u0027:40})\n\t\t#Update and save in the Ignition Application\n\t\tuser \u003d system.user.getNewUser(\"default\", self.view.params.P011_UserName)\n\t\tuser.set(\"firstname\",self.view.params.P011_FirstName)\n\t\tuser.set(user.LastName, self.view.params.P011_LastName)\n\t\tuser.set(\"password\", self.view.params.P011_Password)\n\t\tcontactInfo \u003d {\"email\":str(self.view.params.P011_MailAddress),\"sms\": str(self.view.params.P011_SMS),\"phone\":str(self.view.params.P011_MobNo)}\n\t\tuser.addContactInfo(contactInfo)\n\t\tuser.addRole(self.view.params.P011_SelectRole)\n\t\tsystem.user.addUser(\"default\", user)\n\t\t\n\t\t# Update in the Database\n\t\tquery\u003d\u0027\u0027\u0027\n\t\t\t\tINSERT INTO [dbo].[mes_user]\n\t\t\t\t           ([firstName]\n\t\t\t\t           ,[lastName]\n\t\t\t\t           ,[email]\n\t\t\t\t           ,[password]\n\t\t\t\t           ,[phoneNumber]\n\t\t\t\t           ,[profileUrl]\n\t\t\t\t           ,[roleId]\n\t\t\t\t           ,[lastLogin]\n\t\t\t\t           ,[isActive]\n\t\t\t\t           ,[createdBy]\n\t\t\t\t           ,[createdOn]\n\t\t\t\t           ,[updatedBy]\n\t\t\t\t           ,[updatedOn]\n\t\t\t\t           ,[isDeleted]\n\t\t\t\t           ,[sysStartTime]\n\t\t\t\t           ,[sysEndTime])\n\t\t\t\t     VALUES\n\t\t\t\t           (?,?,?,?,?,?,?,?,?,?,?,?,?,?,?,?)\n\t\t\t\t\u0027\u0027\u0027\n\t\tFname\u003dself.view.params.P011_FirstName\n\t\tLname\u003dself.view.params.P011_LastName\n\t\tMaddress\u003dself.view.params.P011_MailAddress\n\t\tMno\u003dself.view.params.P011_MobNo\n\t\tPword\u003dself.view.params.P011_Password\n\t\t\n\t\tR\u003dself.session.props.auth.user.roles[0]\n#\t\tR\u003d\u0027Administrator\u0027\n\t\tdef RoleInt(v):\n\t\t\tif v\u003d\u003d\u0027Administrator\u0027:\n\t\t\t\tRR\u003d1\n\t\t\telif v\u003d\u003d\u0027Manager\u0027:\n\t\t\t\tRR\u003d2\n\t\t\telif v\u003d\u003d\u0027Supervisor\u0027:\n\t\t\t\tRR\u003d3\n\t\t\telif v\u003d\u003d\u0027Operator\u0027:\n\t\t\t\tRR\u003d4\n\t\t\treturn RR\n\t\tDT\u003dsystem.date.now()\n\t\t#Get current user user ID \n\t\tquery1\u003d\u0027\u0027\u0027\n\t\t\t\tSELECT [id]\n\t\t\t\tFROM [dbo].[mes_user]\n\t\t\t\tWHERE [firstName]\u003d?\n\t\t\t\t\u0027\u0027\u0027\n\t\tUserN\u003dself.session.props.auth.user.firstName\t\t\n\t\tdata\u003dsystem.db.runPrepQuery(query1, [UserN], \u0027CIMS2\u0027)\t\n\t\tcUserID\u003dint(data[0][0])\t\t\t\t\t\t\t\t\n\t\t\n\t\targs\u003d[Fname,Lname,Maddress,Pword,Mno,\u0027 \u0027,RoleInt(R),DT,1,cUserID,DT,cUserID,DT,0,DT,DT]\t\n\t\tsystem.db.runPrepUpdate(query, args, \u0027CIMS2\u0027)\n\t\t\n\t\ttime.sleep(1)\n\t\t\n\t\t\t\n\t\t#\tAfter the outcome of execution\n\t\tsystem.perspective.closePopup(\u0027\u0027)\n\t\tsystem.perspective.openPopup(\u0027mypopup\u0027,\u0027Template/Popup_1\u0027,params\u003d{\u0027Message\u0027: \u0027User added Successfully\u0027, \u0027Code\u0027:3},showCloseIcon \u003d True, modal\u003d False,position \u003d {\u0027top\u0027:40})\n\t\tsystem.perspective.sendMessage(\"updateContactInfo\", payload \u003d {\"update\":True}, scope \u003d \"session\")\n\t\ttime.sleep(1)\n\t\tsystem.perspective.sendMessage(\"updateContactInfo\", payload \u003d {\"update\":False}, scope \u003d \"session\")\n\t\t\t\t\n\t\t\n\texcept:\n\t\t#\tAfter the outcome of execution\n\t\tsystem.perspective.closePopup(\u0027\u0027)\n\t\tsystem.perspective.openPopup(\u0027mypopup\u0027,\u0027Template/Popup_1\u0027,params\u003d{\u0027Message\u0027: \u0027Error in Adding Data\u0027, \u0027Code\u0027:1},showCloseIcon \u003d True, modal\u003d False,position \u003d {\u0027top\u0027:40})\t\n\t\tsystem.perspective.sendMessage(\"updateContactInfo\", payload \u003d {\"update\":True}, scope \u003d \"session\")\n\t\ttime.sleep(1)\n\t\tsystem.perspective.sendMessage(\"updateContactInfo\", payload \u003d {\"update\":False}, scope \u003d \"session\")\n\t\t\t\t\n\t\t\n\t\t"
                    },
                    "scope": "G",
                    "type": "script"
                  }
                ]
              }
            },
            "meta": {
              "name": "P011"
            },
            "position": {
              "basis": "80px",
              "display": false
            },
            "propConfig": {
              "custom.Code": {
                "binding": {
                  "config": {
                    "path": "this.meta.name"
                  },
                  "type": "property"
                }
              },
              "position.display": {
                "binding": {
                  "config": {
                    "path": "view.params.Code"
                  },
                  "transforms": [
                    {
                      "code": "\tif value\u003d\u003dself.custom.Code:\n\t\treturn bool(1)\n\telse:\n\t\treturn bool(0)\t",
                      "type": "script"
                    }
                  ],
                  "type": "property"
                },
                "persistent": true
              }
            },
            "props": {
              "image": {
                "icon": {
                  "color": "#75C37B",
                  "path": "material/check_circle"
                }
              },
              "style": {
                "backgroundColor": "#257A8C",
                "fontFamily": "Roboto",
                "fontSize": 12
              },
              "text": "OK"
            },
            "type": "ia.input.button"
          },
          {
            "events": {
              "dom": {
                "onClick": {
                  "config": {
                    "script": "\timport time\n\t\n\tUserName\u003dself.view.params.P011_UserName\n\tFname\u003dstr(self.view.params.P011_FirstName)\n\n\t\n\n\ttry:\n\t\t#\tget id from props\n\t\tID\u003dself.custom.ID\n\t\t\n\t\t#\tUpdate the same in Database user table\n\t\tquery\u003d\u0027\u0027\u0027\n\t\t\t\tDELETE FROM [dbo].[mes_user]\n\t\t\t\t      WHERE [id]\u003d?\n\t\t\t\t\u0027\u0027\u0027\n\t\tsystem.db.runPrepUpdate(query,[ID],\u0027CIMS2\u0027)\t\n\n\t\t#\tRemove user from Ignition User list\t\t\n\t\tsystem.user.removeUser(\"default\", str(UserName))\n\t\tsystem.perspective.closePopup(\u0027\u0027)\n\n\t\t\t\n\t\t#\tAfter the outcome of execution\n\t\tsystem.perspective.openPopup(\u0027mypopup\u0027,\u0027Template/Popup_1\u0027,params\u003d{\u0027Message\u0027: \u0027Removed Successfully\u0027, \u0027Code\u0027:3},showCloseIcon \u003d True, modal\u003d False,position \u003d {\u0027top\u0027:40})\n\t\tsystem.perspective.sendMessage(\"updateContactInfo\", payload \u003d {\"update\":True}, scope \u003d \"session\")\n\n\t\ttime.sleep(1)\n\t\tsystem.perspective.sendMessage(\"updateContactInfo\", payload \u003d {\"update\":False}, scope \u003d \"session\")\n\t\t\n\t\t\n\texcept:\n\t\tsystem.perspective.closePopup(\u0027\u0027)\n\t\t#\tAfter the outcome of execution\n\t\tsystem.perspective.openPopup(\u0027mypopup\u0027,\u0027Template/Popup_1\u0027,params\u003d{\u0027Message\u0027: \u0027Error Delete\u0027, \u0027Code\u0027:1},showCloseIcon \u003d True, modal\u003d False,position \u003d {\u0027top\u0027:40})\t\n\t\tsystem.perspective.sendMessage(\"updateContactInfo\", payload \u003d {\"update\":True}, scope \u003d \"session\")\n\t\ttime.sleep(1)\n\t\tsystem.perspective.sendMessage(\"updateContactInfo\", payload \u003d {\"update\":False}, scope \u003d \"session\")\n\t\t\t\t\n\n\n\t"
                  },
                  "scope": "G",
                  "type": "script"
                }
              }
            },
            "meta": {
              "name": "P012"
            },
            "position": {
              "basis": "80px",
              "display": false
            },
            "propConfig": {
              "custom.Code": {
                "binding": {
                  "config": {
                    "path": "this.meta.name"
                  },
                  "type": "property"
                }
              },
              "custom.ID": {
                "binding": {
                  "config": {
                    "path": "view.params.P011_FirstName"
                  },
                  "transforms": [
                    {
                      "code": "\tFname\u003dself.view.params.P011_FirstName\n\tquery1\u003d\u0027\u0027\u0027\n\t\t\t\t\tSELECT [id] \n\t\t\t\t\tFROM [dbo].[mes_user]\n\t\t\t\t\tWHERE [firstName]\u003d?\n\t\t\t\u0027\u0027\u0027\n\tdata\u003dsystem.db.runPrepQuery(query1, [self.view.params.P011_FirstName], \u0027CIMS2\u0027)\n\tID\u003ddata[0][0]\n\treturn (int(ID))",
                      "type": "script"
                    }
                  ],
                  "type": "property"
                }
              },
              "position.display": {
                "binding": {
                  "config": {
                    "path": "view.params.Code"
                  },
                  "transforms": [
                    {
                      "code": "\tif value\u003d\u003dself.custom.Code:\n\t\treturn bool(1)\n\telse:\n\t\treturn bool(0)\t",
                      "type": "script"
                    }
                  ],
                  "type": "property"
                },
                "persistent": true
              }
            },
            "props": {
              "image": {
                "icon": {
                  "color": "#75C37B",
                  "path": "material/check_circle"
                }
              },
              "style": {
                "backgroundColor": "#257A8C",
                "fontFamily": "Roboto",
                "fontSize": 12
              },
              "text": "OK"
            },
            "type": "ia.input.button"
          },
          {
            "events": {
              "dom": {
                "onClick": [
                  {
                    "config": {
                      "script": "\tsystem.perspective.closePopup(\u0027TzCC6iJ0\u0027)"
                    },
                    "scope": "G",
                    "type": "script"
                  },
                  {
                    "config": {
                      "script": "\timport time\n\t#\tsystem.perspective.openPopup(\u0027mypopup\u0027,\u0027Template/Popup_1\u0027,params\u003d{\u0027Message\u0027: \u0027User added Successfully\u0027, \u0027Code\u0027:3},showCloseIcon \u003d True, modal\u003d False,position \u003d {\u0027top\u0027:40})\n\t\u0027\u0027\u0027\n\tself.view.params.P011_UserName\n\tself.view.params.P011_FirstName\n\tself.view.params.P011_LastName\n\tself.view.params.P011_MailAddress\n\tself.view.params.P011_MobNo\n\tself.view.params.P011_Password\n\tself.view.params.P011_SMS\n\tself.view.params.P011_SelectRole\n\t\u0027\u0027\u0027\n\ttry:\n\t\tsystem.perspective.openPopup(\u0027mypopup\u0027,\u0027Template/Popup_1\u0027,params\u003d{\u0027Message\u0027: \u0027User added Successfully\u0027, \u0027Code\u0027:3},showCloseIcon \u003d True, modal\u003d False,position \u003d {\u0027top\u0027:40})\n\t\t#Update and save in the Ignition Application\n\t\tuser \u003d system.user.getUser(\"default\", self.view.params.P011_UserName)\n#\t\tuser.set(\"firstname\",self.view.params.P011_FirstName)\n#\t\tuser.set(user.LastName, self.view.params.P011_LastName)\n#\t\tuser.set(\"password\", self.view.params.P011_Password)\n\t\tA\u003duser.getContactInfo()\n\t\tif(len(A)\u003e\u003d1):\t\n\t\t\tLENGTH\u003dlen(A)\n\t\t\tfor i in range(LENGTH):\n\t\t\t\tCHAR\u003dstr(A[i])\n\t\t\t\tif str(CHAR[0])\u003d\u003d\u0027e\u0027:\n\t\t\t\t\tFDATA \u003d CHAR.split(\u0027: \u0027)\n\t\t\t\t\tMAIL\u003d str(FDATA[1])\n\t\t\t\t\tuser.removeContactInfo(\"email\", MAIL)\n\t\t\t\telif str(CHAR[0])\u003d\u003d\u0027p\u0027:\n\t\t\t\t\tFDATA \u003d CHAR.split(\u0027: \u0027)\n\t\t\t\t\tPHNO\u003d\tstr(FDATA[1])\n\t\t\t\t\tuser.removeContactInfo(\"phone\", PHNO)\t\n\t\t\t\telif str(CHAR[0])\u003d\u003d\u0027s\u0027:\t\n\t\t\t\t\tFDATA \u003d CHAR.split(\u0027: \u0027)\n\t\t\t\t\tSMS\u003dstr( FDATA[1])\n\t\t\t\t\tuser.removeContactInfo(\"sms\", SMS)\n\t\telse:\n\t\t\tMAIL\u003d\u0027NA\u0027\n\t\t\tPHNO\u003d\u0027NA\u0027\n\t\t\tSMS\u003d\u0027NA\u0027\n\t\tROLE\u003duser.getRoles()\n\t\tROLEE\u003dROLE[0]\n\t\tuser.removeRole(str(ROLEE))\n\t\troles\u003d[self.view.params.P011_SelectRole]\n\t\tuser.addRoles(roles)\t\n\t\tcontactInfo \u003d {\"email\":str(self.view.params.P011_MailAddress),\"sms\": str(self.view.params.P011_SMS),\"phone\":str(self.view.params.P011_MobNo)}\n\t\tuser.addContactInfo(contactInfo)\n\t\t\n\t\tuser.set(\"firstname\",str(self.view.params.P011_FirstName) )\n\t\tuser.set(user.LastName, str(self.view.params.P011_LastName))\n\t\tuser.set(\"password\", str(self.view.params.P011_Password))\n\t\t\n\t\tsystem.user.editUser(\"default\", user)\t\n\t\t\n\t\t# Update in the Database\n\t\tquery\u003d\u0027\u0027\u0027\n\t\t\t\tUPDATE [dbo].[mes_user]\n\t\tSET [firstName] \u003d ?\n      ,[lastName] \u003d ?\n      ,[email] \u003d ?\n      ,[password] \u003d ?\n      ,[phoneNumber] \u003d ?\n      ,[roleId] \u003d ?\n      ,[updatedBy] \u003d ?\n      ,[updatedOn] \u003d ?\n      \n      WHERE [firstName] \u003d ?\n\t\t\t\t\u0027\u0027\u0027\n\t\tFname\u003dself.view.params.P011_FirstName\n\t\tLname\u003dself.view.params.P011_LastName\n\t\tMaddress\u003dself.view.params.P011_MailAddress\n\t\tMno\u003dself.view.params.P011_MobNo\n\t\tPword\u003dself.view.params.P011_Password\n\t\t\n\t\tR\u003dself.view.params.P011_SelectRole\n#\t\tR\u003d\u0027Administrator\u0027\n\t\tdef RoleInt(v):\n\t\t\tif v\u003d\u003d\u0027Administrator\u0027:\n\t\t\t\tRR\u003d1\n\t\t\telif v\u003d\u003d\u0027Manager\u0027:\n\t\t\t\tRR\u003d2\n\t\t\telif v\u003d\u003d\u0027Supervisor\u0027:\n\t\t\t\tRR\u003d3\n\t\t\telif v\u003d\u003d\u0027Operator\u0027:\n\t\t\t\tRR\u003d4\n\t\t\treturn RR\n\t\tDT\u003dsystem.date.now()\n\t\t#Get current user user ID \n\t\tquery1\u003d\u0027\u0027\u0027\n\t\t\t\tSELECT [id]\n\t\t\t\tFROM [dbo].[mes_user]\n\t\t\t\tWHERE [firstName]\u003d?\n\t\t\t\t\u0027\u0027\u0027\n\t\tUserN\u003dself.session.props.auth.user.firstName\t\t\n\t\tdata\u003dsystem.db.runPrepQuery(query1, [UserN], \u0027CIMS2\u0027)\t\n\t\tcUserID\u003dint(data[0][0])\t\t\t\t\t\t\t\t\n\t\t\n\t\targs\u003d[Fname,Lname,Maddress,Pword,Mno,RoleInt(R),cUserID,DT,Fname]\t\n\t\tsystem.db.runPrepUpdate(query, args, \u0027CIMS2\u0027)\n\t\t\n\t\ttime.sleep(1)\n\t\t#\tAfter the outcome of execution\n\t\tsystem.perspective.closePopup(\u0027\u0027)\n\t\tsystem.perspective.openPopup(\u0027mypopup\u0027,\u0027Template/Popup_1\u0027,params\u003d{\u0027Message\u0027: \u0027User details Edited Successfully\u0027, \u0027Code\u0027:3},showCloseIcon \u003d True, modal\u003d False,position \u003d {\u0027top\u0027:40})\n\t\t\n\t\tsystem.perspective.sendMessage(\"updateContactInfo\", payload \u003d {\"update\":True}, scope \u003d \"session\")\n\t\ttime.sleep(1)\n\t\tsystem.perspective.sendMessage(\"updateContactInfo\", payload \u003d {\"update\":False}, scope \u003d \"session\")\n\t\t\t\t\n\t\t\n\texcept:\n\t\t#\tAfter the outcome of execution\n\t\tsystem.perspective.closePopup(\u0027\u0027)\n\t\tsystem.perspective.openPopup(\u0027mypopup\u0027,\u0027Template/Popup_1\u0027,params\u003d{\u0027Message\u0027: \u0027Error in Editing Data\u0027, \u0027Code\u0027:1},showCloseIcon \u003d True, modal\u003d False,position \u003d {\u0027top\u0027:40})\t\n\t\t\n\t\tsystem.perspective.sendMessage(\"updateContactInfo\", payload \u003d {\"update\":True}, scope \u003d \"session\")\n\t\ttime.sleep(1)\n\t\tsystem.perspective.sendMessage(\"updateContactInfo\", payload \u003d {\"update\":False}, scope \u003d \"session\")\n\t\t\t\t\t\t\t\n\t\t\t\n\t\t\t"
                    },
                    "scope": "G",
                    "type": "script"
                  }
                ]
              }
            },
            "meta": {
              "name": "P013"
            },
            "position": {
              "basis": "80px"
            },
            "propConfig": {
              "custom.Code": {
                "binding": {
                  "config": {
                    "path": "this.meta.name"
                  },
                  "type": "property"
                }
              },
              "position.display": {
                "binding": {
                  "config": {
                    "path": "view.params.Code"
                  },
                  "transforms": [
                    {
                      "code": "\tif value\u003d\u003dself.custom.Code:\n\t\treturn bool(1)\n\telse:\n\t\treturn bool(0)\t",
                      "type": "script"
                    }
                  ],
                  "type": "property"
                },
                "persistent": true
              }
            },
            "props": {
              "image": {
                "icon": {
                  "color": "#75C37B",
                  "path": "material/check_circle"
                }
              },
              "style": {
                "backgroundColor": "#257A8C",
                "fontFamily": "Roboto",
                "fontSize": 12
              },
              "text": "OK"
            },
            "type": "ia.input.button"
          }
        ],
        "meta": {
          "name": "Buttons"
        },
        "position": {
          "basis": "30px",
          "shrink": 0
        },
        "props": {
          "justify": "space-evenly"
        },
        "type": "ia.container.flex"
      }
    ],
    "meta": {
      "name": "root"
    },
    "props": {
      "direction": "column",
      "style": {
        "padding": 10
      }
    },
    "type": "ia.container.flex"
  }
}